<?xml version="1.0" encoding="UTF-8"?>
<osm version="0.6" generator="openstreetmap-cgimap 2.1.0 (3498747 spike-06.openstreetmap.org)" copyright="OpenStreetMap and contributors" attribution="http://www.openstreetmap.org/copyright" license="http://opendatacommons.org/licenses/odbl/1-0/">
 <bounds minlat="28.8022200" minlon="104.6623600" maxlat="28.8151300" maxlon="104.6759900"/>
 <node id="5402652582" visible="true" version="4" changeset="105196947" timestamp="2021-05-24T05:47:03Z" user="富顺娃儿" uid="4897653" lat="28.7989971" lon="104.6772162"/>
 <node id="5402652583" visible="true" version="6" changeset="160056675" timestamp="2024-12-08T13:17:38Z" user="Kiana_Kaslana" uid="17877421" lat="28.8008915" lon="104.6766482"/>
 <node id="5402652584" visible="true" version="8" changeset="160056675" timestamp="2024-12-08T13:17:38Z" user="Kiana_Kaslana" uid="17877421" lat="28.8080790" lon="104.6742851"/>
 <node id="5402652587" visible="true" version="6" changeset="160056675" timestamp="2024-12-08T13:17:38Z" user="Kiana_Kaslana" uid="17877421" lat="28.8009203" lon="104.6767838"/>
 <node id="5402652604" visible="true" version="8" changeset="145720969" timestamp="2023-12-31T06:00:27Z" user="VENTOX" uid="20683110" lat="28.8023677" lon="104.6682046"/>
 <node id="5402652605" visible="true" version="3" changeset="94098392" timestamp="2020-11-14T08:41:44Z" user="北巷猫眠" uid="1915680" lat="28.8013597" lon="104.6689596"/>
 <node id="5402652606" visible="true" version="1" changeset="56231656" timestamp="2018-02-10T02:00:19Z" user="lskdjf" uid="7590183" lat="28.7987557" lon="104.6705460"/>
 <node id="5402652607" visible="true" version="2" changeset="145175905" timestamp="2023-12-16T08:32:31Z" user="enldm" uid="20125208" lat="28.7973221" lon="104.6725728"/>
 <node id="5813926357" visible="true" version="4" changeset="105196947" timestamp="2021-05-24T05:47:03Z" user="富顺娃儿" uid="4897653" lat="28.8030378" lon="104.6696710"/>
 <node id="5813926361" visible="true" version="3" changeset="105196947" timestamp="2021-05-24T05:47:03Z" user="富顺娃儿" uid="4897653" lat="28.8011494" lon="104.6764161"/>
 <node id="5813926362" visible="true" version="5" changeset="105196947" timestamp="2021-05-24T05:47:03Z" user="富顺娃儿" uid="4897653" lat="28.8023447" lon="104.6760407"/>
 <node id="5813926363" visible="true" version="4" changeset="145927107" timestamp="2024-01-05T15:34:31Z" user="VENTOX" uid="20683110" lat="28.8026278" lon="104.6706259"/>
 <node id="5813926364" visible="true" version="4" changeset="105196947" timestamp="2021-05-24T05:47:03Z" user="富顺娃儿" uid="4897653" lat="28.8015420" lon="104.6690068"/>
 <node id="5813926365" visible="true" version="2" changeset="105196947" timestamp="2021-05-24T05:47:03Z" user="富顺娃儿" uid="4897653" lat="28.7990490" lon="104.6705560"/>
 <node id="5813926366" visible="true" version="2" changeset="105196947" timestamp="2021-05-24T05:47:03Z" user="富顺娃儿" uid="4897653" lat="28.7995491" lon="104.6710336"/>
 <node id="5813926367" visible="true" version="2" changeset="105196947" timestamp="2021-05-24T05:47:03Z" user="富顺娃儿" uid="4897653" lat="28.8000805" lon="104.6721294"/>
 <node id="5813926375" visible="true" version="6" changeset="146107206" timestamp="2024-01-10T14:45:44Z" user="VENTOX" uid="20683110" lat="28.8051834" lon="104.6752513"/>
 <node id="5813926376" visible="true" version="7" changeset="146107206" timestamp="2024-01-10T14:45:44Z" user="VENTOX" uid="20683110" lat="28.8052641" lon="104.6754772"/>
 <node id="5817131958" visible="true" version="8" changeset="170986195" timestamp="2025-08-25T16:26:47Z" user="Kiana_Kaslana" uid="17877421" lat="28.7975178" lon="104.6636559"/>
 <node id="5817131964" visible="true" version="8" changeset="170986195" timestamp="2025-08-25T16:26:47Z" user="Kiana_Kaslana" uid="17877421" lat="28.7974171" lon="104.6638293"/>
 <node id="5817131967" visible="true" version="2" changeset="145175905" timestamp="2023-12-16T08:32:31Z" user="enldm" uid="20125208" lat="28.7972488" lon="104.6726498"/>
 <node id="5817131974" visible="true" version="5" changeset="105196947" timestamp="2021-05-24T05:47:03Z" user="富顺娃儿" uid="4897653" lat="28.7988856" lon="104.6772539"/>
 <node id="5817131975" visible="true" version="5" changeset="105196947" timestamp="2021-05-24T05:47:03Z" user="富顺娃儿" uid="4897653" lat="28.7989242" lon="104.6774018"/>
 <node id="5817131976" visible="true" version="4" changeset="105196947" timestamp="2021-05-24T05:47:03Z" user="富顺娃儿" uid="4897653" lat="28.7990348" lon="104.6773668"/>
 <node id="5817131981" visible="true" version="2" changeset="71367770" timestamp="2019-06-18T14:06:12Z" user="北巷猫眠" uid="1915680" lat="28.7988089" lon="104.6704659"/>
 <node id="5817131985" visible="true" version="6" changeset="160056675" timestamp="2024-12-08T13:17:38Z" user="Kiana_Kaslana" uid="17877421" lat="28.8009485" lon="104.6766321"/>
 <node id="5817131986" visible="true" version="4" changeset="105196947" timestamp="2021-05-24T05:47:03Z" user="富顺娃儿" uid="4897653" lat="28.8009775" lon="104.6767665"/>
 <node id="5817131990" visible="true" version="2" changeset="145175905" timestamp="2023-12-16T08:32:31Z" user="enldm" uid="20125208" lat="28.7972109" lon="104.6725410"/>
 <node id="5817131991" visible="true" version="2" changeset="145175905" timestamp="2023-12-16T08:32:31Z" user="enldm" uid="20125208" lat="28.7972703" lon="104.6724621"/>
 <node id="5817131992" visible="true" version="1" changeset="61454988" timestamp="2018-08-08T06:20:20Z" user="富顺娃儿" uid="4897653" lat="28.7986782" lon="104.6704741"/>
 <node id="5817131993" visible="true" version="2" changeset="71367770" timestamp="2019-06-18T14:06:12Z" user="北巷猫眠" uid="1915680" lat="28.7987384" lon="104.6704022"/>
 <node id="5817131994" visible="true" version="3" changeset="94098392" timestamp="2020-11-14T08:41:44Z" user="北巷猫眠" uid="1915680" lat="28.8013022" lon="104.6688992"/>
 <node id="5817131995" visible="true" version="6" changeset="145175905" timestamp="2023-12-16T08:32:31Z" user="enldm" uid="20125208" lat="28.8022842" lon="104.6680799"/>
 <node id="5817131996" visible="true" version="6" changeset="145720969" timestamp="2023-12-31T06:00:27Z" user="VENTOX" uid="20683110" lat="28.8021665" lon="104.6683633"/>
 <node id="5817131997" visible="true" version="5" changeset="145175905" timestamp="2023-12-16T08:32:31Z" user="enldm" uid="20125208" lat="28.8020946" lon="104.6682460"/>
 <node id="5817131998" visible="true" version="7" changeset="146107206" timestamp="2024-01-10T14:45:44Z" user="VENTOX" uid="20683110" lat="28.8054638" lon="104.6754016"/>
 <node id="5817131999" visible="true" version="6" changeset="146107206" timestamp="2024-01-10T14:45:44Z" user="VENTOX" uid="20683110" lat="28.8053919" lon="104.6751595"/>
 <node id="5817132000" visible="true" version="4" changeset="105196947" timestamp="2021-05-24T05:47:03Z" user="富顺娃儿" uid="4897653" lat="28.8033903" lon="104.6700501"/>
 <node id="5817132001" visible="true" version="7" changeset="145720969" timestamp="2023-12-31T06:00:27Z" user="VENTOX" uid="20683110" lat="28.8029513" lon="104.6691585"/>
 <node id="6420357910" visible="true" version="4" changeset="86215981" timestamp="2020-06-05T03:03:03Z" user="北巷猫眠" uid="1915680" lat="28.8155928" lon="104.6705539"/>
 <node id="6420357911" visible="true" version="3" changeset="86215981" timestamp="2020-06-05T03:03:03Z" user="北巷猫眠" uid="1915680" lat="28.8116194" lon="104.6749766"/>
 <node id="6420357912" visible="true" version="4" changeset="86215981" timestamp="2020-06-05T03:03:03Z" user="北巷猫眠" uid="1915680" lat="28.8143194" lon="104.6779826"/>
 <node id="6420357914" visible="true" version="3" changeset="71368270" timestamp="2019-06-18T14:20:31Z" user="北巷猫眠" uid="1915680" lat="28.8172702" lon="104.6725895"/>
 <node id="6420357915" visible="true" version="3" changeset="86215981" timestamp="2020-06-05T03:03:03Z" user="北巷猫眠" uid="1915680" lat="28.8117153" lon="104.6734657"/>
 <node id="6420357917" visible="true" version="4" changeset="86215981" timestamp="2020-06-05T03:03:03Z" user="北巷猫眠" uid="1915680" lat="28.8165961" lon="104.6739185"/>
 <node id="6420357918" visible="true" version="4" changeset="86215981" timestamp="2020-06-05T03:03:03Z" user="北巷猫眠" uid="1915680" lat="28.8139594" lon="104.6722509"/>
 <node id="6420357919" visible="true" version="4" changeset="86215981" timestamp="2020-06-05T03:03:03Z" user="北巷猫眠" uid="1915680" lat="28.8109596" lon="104.6739526"/>
 <node id="6420419758" visible="true" version="2" changeset="84467317" timestamp="2020-05-01T11:20:31Z" user="katpatuka" uid="17497" lat="28.8090926" lon="104.6620222"/>
 <node id="6420419768" visible="true" version="2" changeset="84467317" timestamp="2020-05-01T11:20:31Z" user="katpatuka" uid="17497" lat="28.8091540" lon="104.6608871"/>
 <node id="6420419770" visible="true" version="2" changeset="84467317" timestamp="2020-05-01T11:20:31Z" user="katpatuka" uid="17497" lat="28.8093420" lon="104.6624964"/>
 <node id="6420419771" visible="true" version="2" changeset="84467317" timestamp="2020-05-01T11:20:31Z" user="katpatuka" uid="17497" lat="28.8106438" lon="104.6622368"/>
 <node id="6420419774" visible="true" version="2" changeset="84467317" timestamp="2020-05-01T11:20:31Z" user="katpatuka" uid="17497" lat="28.8090269" lon="104.6609332"/>
 <node id="6420419776" visible="true" version="2" changeset="84467317" timestamp="2020-05-01T11:20:31Z" user="katpatuka" uid="17497" lat="28.8092151" lon="104.6623999"/>
 <node id="6420419779" visible="true" version="2" changeset="84467317" timestamp="2020-05-01T11:20:31Z" user="katpatuka" uid="17497" lat="28.8102302" lon="104.6626659"/>
 <node id="6420419781" visible="true" version="2" changeset="84467317" timestamp="2020-05-01T11:20:31Z" user="katpatuka" uid="17497" lat="28.8085709" lon="104.6612336"/>
 <node id="6420419782" visible="true" version="2" changeset="84467317" timestamp="2020-05-01T11:20:31Z" user="katpatuka" uid="17497" lat="28.8086464" lon="104.6613270"/>
 <node id="6420421012" visible="true" version="2" changeset="84467317" timestamp="2020-05-01T11:20:31Z" user="katpatuka" uid="17497" lat="28.8092713" lon="104.6610673"/>
 <node id="6420421029" visible="true" version="2" changeset="84467317" timestamp="2020-05-01T11:20:31Z" user="katpatuka" uid="17497" lat="28.8099672" lon="104.6611607"/>
 <node id="6420421030" visible="true" version="2" changeset="84467317" timestamp="2020-05-01T11:20:31Z" user="katpatuka" uid="17497" lat="28.8098074" lon="104.6610856"/>
 <node id="6420421037" visible="true" version="2" changeset="84467317" timestamp="2020-05-01T11:20:31Z" user="katpatuka" uid="17497" lat="28.8104702" lon="104.6619439"/>
 <node id="6420421056" visible="true" version="2" changeset="84467317" timestamp="2020-05-01T11:20:31Z" user="katpatuka" uid="17497" lat="28.8103477" lon="104.6617325"/>
 <node id="6420421058" visible="true" version="2" changeset="84467317" timestamp="2020-05-01T11:20:31Z" user="katpatuka" uid="17497" lat="28.8106109" lon="104.6623655"/>
 <node id="6420421059" visible="true" version="2" changeset="84467317" timestamp="2020-05-01T11:20:31Z" user="katpatuka" uid="17497" lat="28.8094452" lon="104.6625962"/>
 <node id="6420421060" visible="true" version="2" changeset="84467317" timestamp="2020-05-01T11:20:31Z" user="katpatuka" uid="17497" lat="28.8105122" lon="104.6620222"/>
 <node id="6420421063" visible="true" version="2" changeset="84467317" timestamp="2020-05-01T11:20:31Z" user="katpatuka" uid="17497" lat="28.8084161" lon="104.6610695"/>
 <node id="6420421065" visible="true" version="2" changeset="84467317" timestamp="2020-05-01T11:20:31Z" user="katpatuka" uid="17497" lat="28.8100565" lon="104.6625930"/>
 <node id="6420421066" visible="true" version="2" changeset="84467317" timestamp="2020-05-01T11:20:31Z" user="katpatuka" uid="17497" lat="28.8083973" lon="104.6609836"/>
 <node id="6420421069" visible="true" version="2" changeset="84467317" timestamp="2020-05-01T11:20:31Z" user="katpatuka" uid="17497" lat="28.8101738" lon="104.6613248"/>
 <node id="6420421083" visible="true" version="2" changeset="84467317" timestamp="2020-05-01T11:20:31Z" user="katpatuka" uid="17497" lat="28.8090365" lon="104.6611017"/>
 <node id="6420421086" visible="true" version="2" changeset="84467317" timestamp="2020-05-01T11:20:31Z" user="katpatuka" uid="17497" lat="28.8100518" lon="104.6612304"/>
 <node id="6420421090" visible="true" version="2" changeset="84467317" timestamp="2020-05-01T11:20:31Z" user="katpatuka" uid="17497" lat="28.8099576" lon="104.6626284"/>
 <node id="6420421112" visible="true" version="2" changeset="84467317" timestamp="2020-05-01T11:20:31Z" user="katpatuka" uid="17497" lat="28.8092102" lon="104.6609922"/>
 <node id="6420421121" visible="true" version="2" changeset="84467317" timestamp="2020-05-01T11:20:31Z" user="katpatuka" uid="17497" lat="28.8103947" lon="104.6625908"/>
 <node id="6420421122" visible="true" version="2" changeset="84467317" timestamp="2020-05-01T11:20:31Z" user="katpatuka" uid="17497" lat="28.8100140" lon="104.6626069"/>
 <node id="6420421134" visible="true" version="2" changeset="84467317" timestamp="2020-05-01T11:20:31Z" user="katpatuka" uid="17497" lat="28.8101881" lon="104.6626573"/>
 <node id="6420421151" visible="true" version="2" changeset="84467317" timestamp="2020-05-01T11:20:31Z" user="katpatuka" uid="17497" lat="28.8084628" lon="104.6609064"/>
 <node id="6420421154" visible="true" version="2" changeset="84467317" timestamp="2020-05-01T11:20:31Z" user="katpatuka" uid="17497" lat="28.8087778" lon="104.6615340"/>
 <node id="6420421156" visible="true" version="2" changeset="84467317" timestamp="2020-05-01T11:20:31Z" user="katpatuka" uid="17497" lat="28.8086041" lon="104.6609729"/>
 <node id="6420421157" visible="true" version="2" changeset="84467317" timestamp="2020-05-01T11:20:31Z" user="katpatuka" uid="17497" lat="28.8087404" lon="104.6609729"/>
 <node id="6420421158" visible="true" version="2" changeset="84467317" timestamp="2020-05-01T11:20:31Z" user="katpatuka" uid="17497" lat="28.8087404" lon="104.6614128"/>
 <node id="6420421166" visible="true" version="2" changeset="84467317" timestamp="2020-05-01T11:20:31Z" user="katpatuka" uid="17497" lat="28.8104605" lon="104.6625318"/>
 <node id="6420421169" visible="true" version="2" changeset="84467317" timestamp="2020-05-01T11:20:31Z" user="katpatuka" uid="17497" lat="28.8098403" lon="104.6626681"/>
 <node id="6420421184" visible="true" version="2" changeset="84467317" timestamp="2020-05-01T11:20:31Z" user="katpatuka" uid="17497" lat="28.8087874" lon="104.6616810"/>
 <node id="6420421186" visible="true" version="2" changeset="84467317" timestamp="2020-05-01T11:20:31Z" user="katpatuka" uid="17497" lat="28.8089986" lon="104.6617969"/>
 <node id="6420421189" visible="true" version="2" changeset="84467317" timestamp="2020-05-01T11:20:31Z" user="katpatuka" uid="17497" lat="28.8096567" lon="104.6626981"/>
 <node id="6420421193" visible="true" version="2" changeset="84467317" timestamp="2020-05-01T11:20:31Z" user="katpatuka" uid="17497" lat="28.8088341" lon="104.6618398"/>
 <node id="6420421196" visible="true" version="2" changeset="84467317" timestamp="2020-05-01T11:20:31Z" user="katpatuka" uid="17497" lat="28.8095345" lon="104.6626659"/>
 <node id="6420421208" visible="true" version="2" changeset="84467317" timestamp="2020-05-01T11:20:31Z" user="katpatuka" uid="17497" lat="28.8103477" lon="104.6615555"/>
 <node id="6420421210" visible="true" version="2" changeset="84467317" timestamp="2020-05-01T11:20:31Z" user="katpatuka" uid="17497" lat="28.8097461" lon="104.6626927"/>
 <node id="6420421224" visible="true" version="2" changeset="84467317" timestamp="2020-05-01T11:20:31Z" user="katpatuka" uid="17497" lat="28.8084722" lon="104.6611371"/>
 <node id="6420421225" visible="true" version="2" changeset="84467317" timestamp="2020-05-01T11:20:31Z" user="katpatuka" uid="17497" lat="28.8088906" lon="104.6611478"/>
 <node id="6420421227" visible="true" version="2" changeset="84467317" timestamp="2020-05-01T11:20:31Z" user="katpatuka" uid="17497" lat="28.8088248" lon="104.6610137"/>
 <node id="6420421233" visible="true" version="2" changeset="84467317" timestamp="2020-05-01T11:20:31Z" user="katpatuka" uid="17497" lat="28.8092998" lon="104.6621478"/>
 <node id="6420421251" visible="true" version="2" changeset="84467317" timestamp="2020-05-01T11:20:31Z" user="katpatuka" uid="17497" lat="28.8103573" lon="104.6618259"/>
 <node id="6420421252" visible="true" version="2" changeset="84467317" timestamp="2020-05-01T11:20:31Z" user="katpatuka" uid="17497" lat="28.8093750" lon="104.6611392"/>
 <node id="6420421257" visible="true" version="2" changeset="84467317" timestamp="2020-05-01T11:20:31Z" user="katpatuka" uid="17497" lat="28.8102633" lon="104.6614450"/>
 <node id="6420421260" visible="true" version="2" changeset="84467317" timestamp="2020-05-01T11:20:31Z" user="katpatuka" uid="17497" lat="28.8095160" lon="104.6610695"/>
 <node id="6420421267" visible="true" version="2" changeset="84467317" timestamp="2020-05-01T11:20:31Z" user="katpatuka" uid="17497" lat="28.8105639" lon="104.6624514"/>
 <node id="6420421268" visible="true" version="2" changeset="84467317" timestamp="2020-05-01T11:20:31Z" user="katpatuka" uid="17497" lat="28.8096335" lon="104.6610480"/>
 <node id="6420421269" visible="true" version="2" changeset="84467317" timestamp="2020-05-01T11:20:31Z" user="katpatuka" uid="17497" lat="28.8101176" lon="104.6626198"/>
 <node id="6420421273" visible="true" version="2" changeset="84467317" timestamp="2020-05-01T11:20:31Z" user="katpatuka" uid="17497" lat="28.8106394" lon="104.6621263"/>
 <node id="6420421278" visible="true" version="2" changeset="84467317" timestamp="2020-05-01T11:20:31Z" user="katpatuka" uid="17497" lat="28.8102819" lon="104.6626659"/>
 <node id="6555452449" visible="true" version="2" changeset="71368270" timestamp="2019-06-18T14:20:31Z" user="北巷猫眠" uid="1915680" lat="28.8168564" lon="104.6729987"/>
 <node id="6555452451" visible="true" version="3" changeset="86215981" timestamp="2020-06-05T03:03:03Z" user="北巷猫眠" uid="1915680" lat="28.8122907" lon="104.6732533"/>
 <node id="6555452452" visible="true" version="3" changeset="105196947" timestamp="2021-05-24T05:47:03Z" user="富顺娃儿" uid="4897653" lat="28.8149906" lon="104.6697841"/>
 <node id="6555452453" visible="true" version="4" changeset="105197395" timestamp="2021-05-24T05:53:46Z" user="富顺娃儿" uid="4897653" lat="28.8132603" lon="104.6718937"/>
 <node id="6555452454" visible="true" version="4" changeset="105196947" timestamp="2021-05-24T05:47:03Z" user="富顺娃儿" uid="4897653" lat="28.8113622" lon="104.6729998"/>
 <node id="6555452457" visible="true" version="7" changeset="146129042" timestamp="2024-01-11T06:26:08Z" user="VENTOX" uid="20683110" lat="28.8056021" lon="104.6652447"/>
 <node id="6555452458" visible="true" version="5" changeset="105196947" timestamp="2021-05-24T05:47:03Z" user="富顺娃儿" uid="4897653" lat="28.8100397" lon="104.6629426"/>
 <node id="6555452463" visible="true" version="3" changeset="94097879" timestamp="2020-11-14T08:17:47Z" user="北巷猫眠" uid="1915680" lat="28.8108555" lon="104.6625690"/>
 <node id="6555452464" visible="true" version="5" changeset="146234473" timestamp="2024-01-14T06:15:03Z" user="VENTOX" uid="20683110" lat="28.8125284" lon="104.6647046"/>
 <node id="6555452465" visible="true" version="4" changeset="105196947" timestamp="2021-05-24T05:47:03Z" user="富顺娃儿" uid="4897653" lat="28.8118349" lon="104.6653622"/>
 <node id="6555452466" visible="true" version="3" changeset="105196947" timestamp="2021-05-24T05:47:03Z" user="富顺娃儿" uid="4897653" lat="28.8128928" lon="104.6668023"/>
 <node id="6555452467" visible="true" version="3" changeset="105196947" timestamp="2021-05-24T05:47:03Z" user="富顺娃儿" uid="4897653" lat="28.8134811" lon="104.6671115"/>
 <node id="6555452470" visible="true" version="2" changeset="94098392" timestamp="2020-11-14T08:41:44Z" user="北巷猫眠" uid="1915680" lat="28.7997424" lon="104.6696650"/>
 <node id="6555452471" visible="true" version="2" changeset="94098392" timestamp="2020-11-14T08:41:44Z" user="北巷猫眠" uid="1915680" lat="28.7998142" lon="104.6697286"/>
 <node id="6555452472" visible="true" version="1" changeset="71367770" timestamp="2019-06-18T14:06:12Z" user="北巷猫眠" uid="1915680" lat="28.7991161" lon="104.6700611"/>
 <node id="6555452473" visible="true" version="1" changeset="71367770" timestamp="2019-06-18T14:06:12Z" user="北巷猫眠" uid="1915680" lat="28.7992174" lon="104.6701166"/>
 <node id="6555452474" visible="true" version="2" changeset="105196947" timestamp="2021-05-24T05:47:03Z" user="富顺娃儿" uid="4897653" lat="28.8025756" lon="104.6756896"/>
 <node id="6555452481" visible="true" version="5" changeset="160056675" timestamp="2024-12-08T13:17:38Z" user="Kiana_Kaslana" uid="17877421" lat="28.8114614" lon="104.6733804"/>
 <node id="6555452482" visible="true" version="4" changeset="160056675" timestamp="2024-12-08T13:17:38Z" user="Kiana_Kaslana" uid="17877421" lat="28.8134464" lon="104.6725383"/>
 <node id="6555452483" visible="true" version="5" changeset="160056675" timestamp="2024-12-08T13:17:38Z" user="Kiana_Kaslana" uid="17877421" lat="28.8153129" lon="104.6703799"/>
 <node id="6555452484" visible="true" version="4" changeset="160056675" timestamp="2024-12-08T13:17:38Z" user="Kiana_Kaslana" uid="17877421" lat="28.8140296" lon="104.6720317"/>
 <node id="6555510786" visible="true" version="6" changeset="160056675" timestamp="2024-12-08T13:17:38Z" user="Kiana_Kaslana" uid="17877421" lat="28.8112378" lon="104.6732474"/>
 <node id="6555510787" visible="true" version="6" changeset="160056675" timestamp="2024-12-08T13:17:38Z" user="Kiana_Kaslana" uid="17877421" lat="28.8132164" lon="104.6721452"/>
 <node id="6555510788" visible="true" version="7" changeset="160056675" timestamp="2024-12-08T13:17:38Z" user="Kiana_Kaslana" uid="17877421" lat="28.8148486" lon="104.6702696"/>
 <node id="6555510789" visible="true" version="6" changeset="160056675" timestamp="2024-12-08T13:17:38Z" user="Kiana_Kaslana" uid="17877421" lat="28.8136568" lon="104.6716994"/>
 <node id="6555519780" visible="true" version="2" changeset="86215981" timestamp="2020-06-05T03:03:03Z" user="北巷猫眠" uid="1915680" lat="28.8164893" lon="104.6735131"/>
 <node id="6555540737" visible="true" version="2" changeset="145927107" timestamp="2024-01-05T15:34:31Z" user="VENTOX" uid="20683110" lat="28.8024290" lon="104.6697431"/>
 <node id="6555540739" visible="true" version="2" changeset="145927107" timestamp="2024-01-05T15:34:31Z" user="VENTOX" uid="20683110" lat="28.8018115" lon="104.6700361"/>
 <node id="6555540740" visible="true" version="1" changeset="71368463" timestamp="2019-06-18T14:25:12Z" user="北巷猫眠" uid="1915680" lat="28.8017044" lon="104.6697749"/>
 <node id="6555540741" visible="true" version="2" changeset="105196947" timestamp="2021-05-24T05:47:03Z" user="富顺娃儿" uid="4897653" lat="28.7990540" lon="104.6703463"/>
 <node id="6555540742" visible="true" version="2" changeset="105196947" timestamp="2021-05-24T05:47:03Z" user="富顺娃儿" uid="4897653" lat="28.7992935" lon="104.6701718"/>
 <node id="6555540743" visible="true" version="2" changeset="105196947" timestamp="2021-05-24T05:47:03Z" user="富顺娃儿" uid="4897653" lat="28.8011935" lon="104.6692291"/>
 <node id="6555540744" visible="true" version="4" changeset="145720969" timestamp="2023-12-31T06:00:27Z" user="VENTOX" uid="20683110" lat="28.8027762" lon="104.6692580"/>
 <node id="6555540745" visible="true" version="3" changeset="105196947" timestamp="2021-05-24T05:47:03Z" user="富顺娃儿" uid="4897653" lat="28.8031834" lon="104.6695901"/>
 <node id="6555541186" visible="true" version="5" changeset="160056675" timestamp="2024-12-08T13:17:38Z" user="Kiana_Kaslana" uid="17877421" lat="28.8142795" lon="104.6709326"/>
 <node id="6555541187" visible="true" version="4" changeset="160056675" timestamp="2024-12-08T13:17:38Z" user="Kiana_Kaslana" uid="17877421" lat="28.8123100" lon="104.6730715"/>
 <node id="6555541188" visible="true" version="3" changeset="160056675" timestamp="2024-12-08T13:17:38Z" user="Kiana_Kaslana" uid="17877421" lat="28.8088826" lon="104.6739513"/>
 <node id="6555541189" visible="true" version="6" changeset="160056675" timestamp="2024-12-08T13:17:38Z" user="Kiana_Kaslana" uid="17877421" lat="28.8089349" lon="104.6741101"/>
 <node id="6555541224" visible="true" version="2" changeset="86215981" timestamp="2020-06-05T03:03:03Z" user="北巷猫眠" uid="1915680" lat="28.8151925" lon="104.6742751"/>
 <node id="6555541225" visible="true" version="2" changeset="86215981" timestamp="2020-06-05T03:03:03Z" user="北巷猫眠" uid="1915680" lat="28.8149269" lon="104.6746259"/>
 <node id="6555541226" visible="true" version="2" changeset="86215981" timestamp="2020-06-05T03:03:03Z" user="北巷猫眠" uid="1915680" lat="28.8144235" lon="104.6741292"/>
 <node id="6555541227" visible="true" version="2" changeset="86215981" timestamp="2020-06-05T03:03:03Z" user="北巷猫眠" uid="1915680" lat="28.8146891" lon="104.6737784"/>
 <node id="6555541228" visible="true" version="2" changeset="86215981" timestamp="2020-06-05T03:03:03Z" user="北巷猫眠" uid="1915680" lat="28.8150051" lon="104.6742704"/>
 <node id="6555541229" visible="true" version="2" changeset="86215981" timestamp="2020-06-05T03:03:03Z" user="北巷猫眠" uid="1915680" lat="28.8149017" lon="104.6744045"/>
 <node id="6555541230" visible="true" version="2" changeset="86215981" timestamp="2020-06-05T03:03:03Z" user="北巷猫眠" uid="1915680" lat="28.8146128" lon="104.6741144"/>
 <node id="6555541231" visible="true" version="2" changeset="86215981" timestamp="2020-06-05T03:03:03Z" user="北巷猫眠" uid="1915680" lat="28.8147163" lon="104.6739803"/>
 <node id="6555541232" visible="true" version="2" changeset="86215981" timestamp="2020-06-05T03:03:03Z" user="北巷猫眠" uid="1915680" lat="28.8149042" lon="104.6754153"/>
 <node id="6555541233" visible="true" version="2" changeset="86215981" timestamp="2020-06-05T03:03:03Z" user="北巷猫眠" uid="1915680" lat="28.8147228" lon="104.6756567"/>
 <node id="6555541234" visible="true" version="2" changeset="86215981" timestamp="2020-06-05T03:03:03Z" user="北巷猫眠" uid="1915680" lat="28.8144574" lon="104.6753968"/>
 <node id="6555541235" visible="true" version="2" changeset="86215981" timestamp="2020-06-05T03:03:03Z" user="北巷猫眠" uid="1915680" lat="28.8146388" lon="104.6751554"/>
 <node id="6555541236" visible="true" version="2" changeset="86215981" timestamp="2020-06-05T03:03:03Z" user="北巷猫眠" uid="1915680" lat="28.8150859" lon="104.6754091"/>
 <node id="6555541237" visible="true" version="2" changeset="86215981" timestamp="2020-06-05T03:03:03Z" user="北巷猫眠" uid="1915680" lat="28.8146877" lon="104.6759396"/>
 <node id="6555541238" visible="true" version="2" changeset="86215981" timestamp="2020-06-05T03:03:03Z" user="北巷猫眠" uid="1915680" lat="28.8142225" lon="104.6754847"/>
 <node id="6555541239" visible="true" version="2" changeset="86215981" timestamp="2020-06-05T03:03:03Z" user="北巷猫眠" uid="1915680" lat="28.8146206" lon="104.6749543"/>
 <node id="6555541240" visible="true" version="2" changeset="86215981" timestamp="2020-06-05T03:03:03Z" user="北巷猫眠" uid="1915680" lat="28.8141346" lon="104.6744696"/>
 <node id="6555541241" visible="true" version="2" changeset="86215981" timestamp="2020-06-05T03:03:03Z" user="北巷猫眠" uid="1915680" lat="28.8137376" lon="104.6749864"/>
 <node id="6555541242" visible="true" version="2" changeset="86215981" timestamp="2020-06-05T03:03:03Z" user="北巷猫眠" uid="1915680" lat="28.8132796" lon="104.6745282"/>
 <node id="6555541243" visible="true" version="2" changeset="86215981" timestamp="2020-06-05T03:03:03Z" user="北巷猫眠" uid="1915680" lat="28.8136767" lon="104.6740114"/>
 <node id="6555541244" visible="true" version="2" changeset="86215981" timestamp="2020-06-05T03:03:03Z" user="北巷猫眠" uid="1915680" lat="28.8139553" lon="104.6744627"/>
 <node id="6555541245" visible="true" version="2" changeset="86215981" timestamp="2020-06-05T03:03:03Z" user="北巷猫眠" uid="1915680" lat="28.8137844" lon="104.6746945"/>
 <node id="6555541246" visible="true" version="2" changeset="86215981" timestamp="2020-06-05T03:03:03Z" user="北巷猫眠" uid="1915680" lat="28.8134708" lon="104.6744924"/>
 <node id="6555541247" visible="true" version="2" changeset="86215981" timestamp="2020-06-05T03:03:03Z" user="北巷猫眠" uid="1915680" lat="28.8136941" lon="104.6742006"/>
 <node id="6555541248" visible="true" version="3" changeset="105196947" timestamp="2021-05-24T05:47:03Z" user="富顺娃儿" uid="4897653" lat="28.8143614" lon="104.6729917"/>
 <node id="6555541249" visible="true" version="3" changeset="105196947" timestamp="2021-05-24T05:47:03Z" user="富顺娃儿" uid="4897653" lat="28.8142960" lon="104.6730752"/>
 <node id="6555541250" visible="true" version="3" changeset="105196947" timestamp="2021-05-24T05:47:03Z" user="富顺娃儿" uid="4897653" lat="28.8140885" lon="104.6728639"/>
 <node id="6555541251" visible="true" version="3" changeset="105196947" timestamp="2021-05-24T05:47:03Z" user="富顺娃儿" uid="4897653" lat="28.8141539" lon="104.6727803"/>
 <node id="6555541252" visible="true" version="3" changeset="105196947" timestamp="2021-05-24T05:47:03Z" user="富顺娃儿" uid="4897653" lat="28.8145611" lon="104.6730302"/>
 <node id="6555541253" visible="true" version="3" changeset="105196947" timestamp="2021-05-24T05:47:03Z" user="富顺娃儿" uid="4897653" lat="28.8143445" lon="104.6733109"/>
 <node id="6555541254" visible="true" version="3" changeset="105196947" timestamp="2021-05-24T05:47:03Z" user="富顺娃儿" uid="4897653" lat="28.8138849" lon="104.6728488"/>
 <node id="6555541255" visible="true" version="3" changeset="105196947" timestamp="2021-05-24T05:47:03Z" user="富顺娃儿" uid="4897653" lat="28.8141014" lon="104.6725682"/>
 <node id="6559113778" visible="true" version="4" changeset="105197395" timestamp="2021-05-24T05:53:46Z" user="富顺娃儿" uid="4897653" lat="28.8038693" lon="104.6716908"/>
 <node id="6559113779" visible="true" version="3" changeset="105196947" timestamp="2021-05-24T05:47:03Z" user="富顺娃儿" uid="4897653" lat="28.8040052" lon="104.6716214"/>
 <node id="6559113780" visible="true" version="3" changeset="105196947" timestamp="2021-05-24T05:47:03Z" user="富顺娃儿" uid="4897653" lat="28.8045030" lon="104.6713753"/>
 <node id="6559113781" visible="true" version="3" changeset="105196947" timestamp="2021-05-24T05:47:03Z" user="富顺娃儿" uid="4897653" lat="28.8045889" lon="104.6715620"/>
 <node id="6559113782" visible="true" version="3" changeset="105196947" timestamp="2021-05-24T05:47:03Z" user="富顺娃儿" uid="4897653" lat="28.8051988" lon="104.6713740"/>
 <node id="6559113783" visible="true" version="3" changeset="105196947" timestamp="2021-05-24T05:47:03Z" user="富顺娃儿" uid="4897653" lat="28.8044198" lon="104.6711856"/>
 <node id="6559113784" visible="true" version="4" changeset="105196947" timestamp="2021-05-24T05:47:03Z" user="富顺娃儿" uid="4897653" lat="28.8049080" lon="104.6706908"/>
 <node id="6559220985" visible="true" version="4" changeset="105196947" timestamp="2021-05-24T05:47:03Z" user="富顺娃儿" uid="4897653" lat="28.8084964" lon="104.6704164"/>
 <node id="6559220986" visible="true" version="3" changeset="105196947" timestamp="2021-05-24T05:47:03Z" user="富顺娃儿" uid="4897653" lat="28.8072826" lon="104.6709485"/>
 <node id="6559220987" visible="true" version="3" changeset="105196947" timestamp="2021-05-24T05:47:03Z" user="富顺娃儿" uid="4897653" lat="28.8070953" lon="104.6711470"/>
 <node id="6559220988" visible="true" version="3" changeset="105196947" timestamp="2021-05-24T05:47:03Z" user="富顺娃儿" uid="4897653" lat="28.8064697" lon="104.6716881"/>
 <node id="6559220989" visible="true" version="3" changeset="105196947" timestamp="2021-05-24T05:47:03Z" user="富顺娃儿" uid="4897653" lat="28.8060825" lon="104.6719696"/>
 <node id="6559220990" visible="true" version="3" changeset="105196947" timestamp="2021-05-24T05:47:03Z" user="富顺娃儿" uid="4897653" lat="28.8057488" lon="104.6721918"/>
 <node id="6559220991" visible="true" version="3" changeset="105196947" timestamp="2021-05-24T05:47:03Z" user="富顺娃儿" uid="4897653" lat="28.8055407" lon="104.6721080"/>
 <node id="6559220992" visible="true" version="3" changeset="105196947" timestamp="2021-05-24T05:47:03Z" user="富顺娃儿" uid="4897653" lat="28.8054808" lon="104.6720341"/>
 <node id="6559220993" visible="true" version="4" changeset="105196947" timestamp="2021-05-24T05:47:03Z" user="富顺娃儿" uid="4897653" lat="28.8046032" lon="104.6699749"/>
 <node id="6559220994" visible="true" version="4" changeset="105196947" timestamp="2021-05-24T05:47:03Z" user="富顺娃儿" uid="4897653" lat="28.8046442" lon="104.6697245"/>
 <node id="6559220995" visible="true" version="4" changeset="105196947" timestamp="2021-05-24T05:47:03Z" user="富顺娃儿" uid="4897653" lat="28.8047060" lon="104.6696450"/>
 <node id="6559220996" visible="true" version="4" changeset="105196947" timestamp="2021-05-24T05:47:03Z" user="富顺娃儿" uid="4897653" lat="28.8055474" lon="104.6691062"/>
 <node id="6559220997" visible="true" version="3" changeset="105196947" timestamp="2021-05-24T05:47:03Z" user="富顺娃儿" uid="4897653" lat="28.8064291" lon="104.6723398"/>
 <node id="6559220998" visible="true" version="3" changeset="105196947" timestamp="2021-05-24T05:47:03Z" user="富顺娃儿" uid="4897653" lat="28.8066778" lon="104.6726338"/>
 <node id="6559220999" visible="true" version="3" changeset="105196947" timestamp="2021-05-24T05:47:03Z" user="富顺娃儿" uid="4897653" lat="28.8068747" lon="104.6729508"/>
 <node id="6559221000" visible="true" version="6" changeset="160270995" timestamp="2024-12-14T08:18:28Z" user="Kiana_Kaslana" uid="17877421" lat="28.8075088" lon="104.6745470"/>
 <node id="6559221001" visible="true" version="7" changeset="160270995" timestamp="2024-12-14T08:18:28Z" user="Kiana_Kaslana" uid="17877421" lat="28.8076006" lon="104.6746934"/>
 <node id="6784359857" visible="true" version="4" changeset="160056675" timestamp="2024-12-08T13:17:38Z" user="Kiana_Kaslana" uid="17877421" lat="28.8121687" lon="104.6728389"/>
 <node id="6784359858" visible="true" version="4" changeset="160056675" timestamp="2024-12-08T13:17:38Z" user="Kiana_Kaslana" uid="17877421" lat="28.8130459" lon="104.6727829"/>
 <node id="6786968558" visible="true" version="3" changeset="105196947" timestamp="2021-05-24T05:47:03Z" user="富顺娃儿" uid="4897653" lat="28.8141469" lon="104.6781690"/>
 <node id="6786968559" visible="true" version="3" changeset="105196947" timestamp="2021-05-24T05:47:03Z" user="富顺娃儿" uid="4897653" lat="28.8123572" lon="104.6762700"/>
 <node id="6786968560" visible="true" version="3" changeset="105196947" timestamp="2021-05-24T05:47:03Z" user="富顺娃儿" uid="4897653" lat="28.8108394" lon="104.6743267"/>
 <node id="6786968561" visible="true" version="5" changeset="160056675" timestamp="2024-12-08T13:17:38Z" user="Kiana_Kaslana" uid="17877421" lat="28.8103854" lon="104.6736955"/>
 <node id="6786968562" visible="true" version="5" changeset="160056675" timestamp="2024-12-08T13:17:38Z" user="Kiana_Kaslana" uid="17877421" lat="28.8102725" lon="104.6735424"/>
 <node id="6786968563" visible="true" version="4" changeset="145720969" timestamp="2023-12-31T06:00:27Z" user="VENTOX" uid="20683110" lat="28.8082887" lon="104.6707041"/>
 <node id="6786968568" visible="true" version="3" changeset="145720969" timestamp="2023-12-31T06:00:27Z" user="VENTOX" uid="20683110" lat="28.8018316" lon="104.6552781"/>
 <node id="6786968569" visible="true" version="3" changeset="145720969" timestamp="2023-12-31T06:00:27Z" user="VENTOX" uid="20683110" lat="28.8016428" lon="104.6553653"/>
 <node id="6786968574" visible="true" version="5" changeset="160056675" timestamp="2024-12-08T13:17:38Z" user="Kiana_Kaslana" uid="17877421" lat="28.8101170" lon="104.6735911"/>
 <node id="6786968575" visible="true" version="5" changeset="160056675" timestamp="2024-12-08T13:17:38Z" user="Kiana_Kaslana" uid="17877421" lat="28.8102245" lon="104.6737406"/>
 <node id="6786968576" visible="true" version="3" changeset="105196947" timestamp="2021-05-24T05:47:03Z" user="富顺娃儿" uid="4897653" lat="28.8121979" lon="104.6763097"/>
 <node id="6786968577" visible="true" version="2" changeset="86215981" timestamp="2020-06-05T03:03:03Z" user="北巷猫眠" uid="1915680" lat="28.8139951" lon="104.6782742"/>
 <node id="6786995163" visible="true" version="2" changeset="86215981" timestamp="2020-06-05T03:03:03Z" user="北巷猫眠" uid="1915680" lat="28.8108248" lon="104.6738942"/>
 <node id="6786995164" visible="true" version="2" changeset="86215981" timestamp="2020-06-05T03:03:03Z" user="北巷猫眠" uid="1915680" lat="28.8108741" lon="104.6737006"/>
 <node id="6786995165" visible="true" version="4" changeset="160056675" timestamp="2024-12-08T13:17:38Z" user="Kiana_Kaslana" uid="17877421" lat="28.8109863" lon="104.6735339"/>
 <node id="6787010504" visible="true" version="3" changeset="105196947" timestamp="2021-05-24T05:47:03Z" user="富顺娃儿" uid="4897653" lat="28.8093604" lon="104.6629279"/>
 <node id="6787010505" visible="true" version="4" changeset="146129042" timestamp="2024-01-11T06:26:08Z" user="VENTOX" uid="20683110" lat="28.8089332" lon="104.6627579"/>
 <node id="6787010513" visible="true" version="2" changeset="76180586" timestamp="2019-10-25T03:55:49Z" user="富顺娃儿" uid="4897653" lat="28.8028340" lon="104.6680713"/>
 <node id="6787010515" visible="true" version="3" changeset="105196947" timestamp="2021-05-24T05:47:03Z" user="富顺娃儿" uid="4897653" lat="28.8027099" lon="104.6685059"/>
 <node id="6787010516" visible="true" version="3" changeset="105196947" timestamp="2021-05-24T05:47:03Z" user="富顺娃儿" uid="4897653" lat="28.8031079" lon="104.6690813"/>
 <node id="6787010520" visible="true" version="4" changeset="105196947" timestamp="2021-05-24T05:47:03Z" user="富顺娃儿" uid="4897653" lat="28.8054520" lon="104.6747480"/>
 <node id="6787010521" visible="true" version="4" changeset="105196947" timestamp="2021-05-24T05:47:03Z" user="富顺娃儿" uid="4897653" lat="28.8056616" lon="104.6748851"/>
 <node id="6787010524" visible="true" version="4" changeset="105196947" timestamp="2021-05-24T05:47:03Z" user="富顺娃儿" uid="4897653" lat="28.8091157" lon="104.6736408"/>
 <node id="6787014481" visible="true" version="2" changeset="86215981" timestamp="2020-06-05T03:03:03Z" user="北巷猫眠" uid="1915680" lat="28.8135470" lon="104.6736866"/>
 <node id="6787014482" visible="true" version="2" changeset="86215981" timestamp="2020-06-05T03:03:03Z" user="北巷猫眠" uid="1915680" lat="28.8131547" lon="104.6732403"/>
 <node id="6787014483" visible="true" version="2" changeset="86215981" timestamp="2020-06-05T03:03:03Z" user="北巷猫眠" uid="1915680" lat="28.8127812" lon="104.6736674"/>
 <node id="6787014484" visible="true" version="2" changeset="86215981" timestamp="2020-06-05T03:03:03Z" user="北巷猫眠" uid="1915680" lat="28.8131788" lon="104.6741172"/>
 <node id="6787023185" visible="true" version="2" changeset="86215981" timestamp="2020-06-05T03:03:03Z" user="北巷猫眠" uid="1915680" lat="28.8131268" lon="104.6741617"/>
 <node id="6787023186" visible="true" version="2" changeset="86215981" timestamp="2020-06-05T03:03:03Z" user="北巷猫眠" uid="1915680" lat="28.8126085" lon="104.6736004"/>
 <node id="6787023187" visible="true" version="2" changeset="86215981" timestamp="2020-06-05T03:03:03Z" user="北巷猫眠" uid="1915680" lat="28.8120935" lon="104.6743713"/>
 <node id="6787023188" visible="true" version="2" changeset="86215981" timestamp="2020-06-05T03:03:03Z" user="北巷猫眠" uid="1915680" lat="28.8118908" lon="104.6741912"/>
 <node id="6787023189" visible="true" version="2" changeset="86215981" timestamp="2020-06-05T03:03:03Z" user="北巷猫眠" uid="1915680" lat="28.8117405" lon="104.6743837"/>
 <node id="6787023190" visible="true" version="2" changeset="86215981" timestamp="2020-06-05T03:03:03Z" user="北巷猫眠" uid="1915680" lat="28.8124442" lon="104.6750784"/>
 <node id="6787023191" visible="true" version="2" changeset="86215981" timestamp="2020-06-05T03:03:03Z" user="北巷猫眠" uid="1915680" lat="28.8126566" lon="104.6747865"/>
 <node id="6787023192" visible="true" version="2" changeset="86215981" timestamp="2020-06-05T03:03:03Z" user="北巷猫眠" uid="1915680" lat="28.8123564" lon="104.6744805"/>
 <node id="6787023193" visible="true" version="2" changeset="86215981" timestamp="2020-06-05T03:03:03Z" user="北巷猫眠" uid="1915680" lat="28.8125919" lon="104.6741498"/>
 <node id="6787023194" visible="true" version="2" changeset="86215981" timestamp="2020-06-05T03:03:03Z" user="北巷猫眠" uid="1915680" lat="28.8128939" lon="104.6744675"/>
 <node id="6787023195" visible="true" version="4" changeset="102568925" timestamp="2021-04-08T13:37:15Z" user="北巷猫眠" uid="1915680" lat="28.8133573" lon="104.6761726"/>
 <node id="6787023196" visible="true" version="4" changeset="102568925" timestamp="2021-04-08T13:37:15Z" user="北巷猫眠" uid="1915680" lat="28.8130116" lon="104.6766065"/>
 <node id="6787023197" visible="true" version="4" changeset="105196947" timestamp="2021-05-24T05:47:03Z" user="富顺娃儿" uid="4897653" lat="28.8128544" lon="104.6768102"/>
 <node id="6787023198" visible="true" version="3" changeset="102568925" timestamp="2021-04-08T13:37:15Z" user="北巷猫眠" uid="1915680" lat="28.8127389" lon="104.6769427"/>
 <node id="6787023199" visible="true" version="2" changeset="86215981" timestamp="2020-06-05T03:03:03Z" user="北巷猫眠" uid="1915680" lat="28.8141066" lon="104.6768825"/>
 <node id="6787023200" visible="true" version="2" changeset="86215981" timestamp="2020-06-05T03:03:03Z" user="北巷猫眠" uid="1915680" lat="28.8152645" lon="104.6754623"/>
 <node id="6787023203" visible="true" version="3" changeset="105196947" timestamp="2021-05-24T05:47:03Z" user="富顺娃儿" uid="4897653" lat="28.8159065" lon="104.6746084"/>
 <node id="6787023204" visible="true" version="3" changeset="105196947" timestamp="2021-05-24T05:47:03Z" user="富顺娃儿" uid="4897653" lat="28.8160096" lon="104.6744693"/>
 <node id="6787023206" visible="true" version="3" changeset="105196947" timestamp="2021-05-24T05:47:03Z" user="富顺娃儿" uid="4897653" lat="28.8160522" lon="104.6742711"/>
 <node id="6787023208" visible="true" version="3" changeset="105196947" timestamp="2021-05-24T05:47:03Z" user="富顺娃儿" uid="4897653" lat="28.8152075" lon="104.6732611"/>
 <node id="6787023209" visible="true" version="3" changeset="105196947" timestamp="2021-05-24T05:47:03Z" user="富顺娃儿" uid="4897653" lat="28.8150903" lon="104.6732012"/>
 <node id="6787023210" visible="true" version="3" changeset="105196947" timestamp="2021-05-24T05:47:03Z" user="富顺娃儿" uid="4897653" lat="28.8149058" lon="104.6731888"/>
 <node id="6787023211" visible="true" version="3" changeset="105196947" timestamp="2021-05-24T05:47:03Z" user="富顺娃儿" uid="4897653" lat="28.8147993" lon="104.6732238"/>
 <node id="6787023212" visible="true" version="3" changeset="105196947" timestamp="2021-05-24T05:47:03Z" user="富顺娃儿" uid="4897653" lat="28.8146942" lon="104.6732911"/>
 <node id="6787023214" visible="true" version="3" changeset="105196947" timestamp="2021-05-24T05:47:03Z" user="富顺娃儿" uid="4897653" lat="28.8142733" lon="104.6736571"/>
 <node id="6787023215" visible="true" version="2" changeset="86215981" timestamp="2020-06-05T03:03:03Z" user="北巷猫眠" uid="1915680" lat="28.8141263" lon="104.6737517"/>
 <node id="6787023216" visible="true" version="2" changeset="86215981" timestamp="2020-06-05T03:03:03Z" user="北巷猫眠" uid="1915680" lat="28.8139419" lon="104.6737766"/>
 <node id="6787023217" visible="true" version="2" changeset="86215981" timestamp="2020-06-05T03:03:03Z" user="北巷猫眠" uid="1915680" lat="28.8137686" lon="104.6737747"/>
 <node id="6787023218" visible="true" version="2" changeset="86215981" timestamp="2020-06-05T03:03:03Z" user="北巷猫眠" uid="1915680" lat="28.8134996" lon="104.6739134"/>
 <node id="6787023220" visible="true" version="2" changeset="86215981" timestamp="2020-06-05T03:03:03Z" user="北巷猫眠" uid="1915680" lat="28.8126363" lon="104.6750192"/>
 <node id="6787023222" visible="true" version="3" changeset="86215981" timestamp="2020-06-05T03:03:03Z" user="北巷猫眠" uid="1915680" lat="28.8130952" lon="104.6728516"/>
 <node id="6787023223" visible="true" version="4" changeset="160056675" timestamp="2024-12-08T13:17:38Z" user="Kiana_Kaslana" uid="17877421" lat="28.8126889" lon="104.6725536"/>
 <node id="6787023224" visible="true" version="3" changeset="105196947" timestamp="2021-05-24T05:47:03Z" user="富顺娃儿" uid="4897653" lat="28.8154846" lon="104.6751772"/>
 <node id="6787023229" visible="true" version="3" changeset="105196947" timestamp="2021-05-24T05:47:03Z" user="富顺娃儿" uid="4897653" lat="28.8160008" lon="104.6741662"/>
 <node id="6787023238" visible="true" version="3" changeset="105196947" timestamp="2021-05-24T05:47:03Z" user="富顺娃儿" uid="4897653" lat="28.8153465" lon="104.6733736"/>
 <node id="6787053942" visible="true" version="2" changeset="86215981" timestamp="2020-06-05T03:03:03Z" user="北巷猫眠" uid="1915680" lat="28.8151301" lon="104.6744488"/>
 <node id="6787056767" visible="true" version="2" changeset="86215981" timestamp="2020-06-05T03:03:03Z" user="北巷猫眠" uid="1915680" lat="28.8147379" lon="104.6715000"/>
 <node id="6787056768" visible="true" version="1" changeset="74334648" timestamp="2019-09-11T03:43:51Z" user="北巷猫眠" uid="1915680" lat="28.8167196" lon="104.6717842"/>
 <node id="6787056769" visible="true" version="2" changeset="86215981" timestamp="2020-06-05T03:03:03Z" user="北巷猫眠" uid="1915680" lat="28.8136019" lon="104.6725440"/>
 <node id="6787056770" visible="true" version="2" changeset="86215981" timestamp="2020-06-05T03:03:03Z" user="北巷猫眠" uid="1915680" lat="28.8110298" lon="104.6736685"/>
 <node id="6787056771" visible="true" version="1" changeset="74334648" timestamp="2019-09-11T03:43:51Z" user="北巷猫眠" uid="1915680" lat="28.8121466" lon="104.6756795"/>
 <node id="6787056772" visible="true" version="3" changeset="102568925" timestamp="2021-04-08T13:37:15Z" user="北巷猫眠" uid="1915680" lat="28.8145524" lon="104.6743358"/>
 <node id="6787056773" visible="true" version="2" changeset="86215981" timestamp="2020-06-05T03:03:03Z" user="北巷猫眠" uid="1915680" lat="28.8149335" lon="104.6747070"/>
 <node id="6787056774" visible="true" version="2" changeset="86215981" timestamp="2020-06-05T03:03:03Z" user="北巷猫眠" uid="1915680" lat="28.8153081" lon="104.6742151"/>
 <node id="6787056775" visible="true" version="2" changeset="86215981" timestamp="2020-06-05T03:03:03Z" user="北巷猫眠" uid="1915680" lat="28.8147260" lon="104.6736266"/>
 <node id="6787056776" visible="true" version="2" changeset="86215981" timestamp="2020-06-05T03:03:03Z" user="北巷猫眠" uid="1915680" lat="28.8143434" lon="104.6741323"/>
 <node id="6787056777" visible="true" version="4" changeset="105196947" timestamp="2021-05-24T05:47:03Z" user="富顺娃儿" uid="4897653" lat="28.8133884" lon="104.6727018"/>
 <node id="6787056778" visible="true" version="6" changeset="160056675" timestamp="2024-12-08T13:17:38Z" user="Kiana_Kaslana" uid="17877421" lat="28.8133399" lon="104.6726266"/>
 <node id="6787056780" visible="true" version="2" changeset="86215981" timestamp="2020-06-05T03:03:03Z" user="北巷猫眠" uid="1915680" lat="28.8145483" lon="104.6738615"/>
 <node id="6787056781" visible="true" version="2" changeset="86215981" timestamp="2020-06-05T03:03:03Z" user="北巷猫眠" uid="1915680" lat="28.8130469" lon="104.6744594"/>
 <node id="6787056782" visible="true" version="3" changeset="102568925" timestamp="2021-04-08T13:37:15Z" user="北巷猫眠" uid="1915680" lat="28.8137873" lon="104.6751766"/>
 <node id="6787056783" visible="true" version="3" changeset="105196947" timestamp="2021-05-24T05:47:03Z" user="富顺娃儿" uid="4897653" lat="28.8147526" lon="104.6761597"/>
 <node id="6787056784" visible="true" version="2" changeset="86215981" timestamp="2020-06-05T03:03:03Z" user="北巷猫眠" uid="1915680" lat="28.8136358" lon="104.6738101"/>
 <node id="6787063085" visible="true" version="3" changeset="102568925" timestamp="2021-04-08T13:37:15Z" user="北巷猫眠" uid="1915680" lat="28.8143034" lon="104.6745616"/>
 <node id="6787063086" visible="true" version="2" changeset="86215981" timestamp="2020-06-05T03:03:03Z" user="北巷猫眠" uid="1915680" lat="28.8152302" lon="104.6747283"/>
 <node id="6787063090" visible="true" version="2" changeset="86215981" timestamp="2020-06-05T03:03:03Z" user="北巷猫眠" uid="1915680" lat="28.8153037" lon="104.6750753"/>
 <node id="6787063092" visible="true" version="2" changeset="86215981" timestamp="2020-06-05T03:03:03Z" user="北巷猫眠" uid="1915680" lat="28.8149696" lon="104.6732419"/>
 <node id="6787063093" visible="true" version="2" changeset="86215981" timestamp="2020-06-05T03:03:03Z" user="北巷猫眠" uid="1915680" lat="28.8148992" lon="104.6734321"/>
 <node id="6787063094" visible="true" version="2" changeset="86215981" timestamp="2020-06-05T03:03:03Z" user="北巷猫眠" uid="1915680" lat="28.8153690" lon="104.6739670"/>
 <node id="6787063095" visible="true" version="2" changeset="86215981" timestamp="2020-06-05T03:03:03Z" user="北巷猫眠" uid="1915680" lat="28.8154977" lon="104.6742625"/>
 <node id="6787063096" visible="true" version="2" changeset="86215981" timestamp="2020-06-05T03:03:03Z" user="北巷猫眠" uid="1915680" lat="28.8153772" lon="104.6744069"/>
 <node id="6787063097" visible="true" version="2" changeset="86215981" timestamp="2020-06-05T03:03:03Z" user="北巷猫眠" uid="1915680" lat="28.8153190" lon="104.6744738"/>
 <node id="6787063098" visible="true" version="2" changeset="86215981" timestamp="2020-06-05T03:03:03Z" user="北巷猫眠" uid="1915680" lat="28.8153147" lon="104.6746474"/>
 <node id="6787063099" visible="true" version="3" changeset="90479082" timestamp="2020-09-06T12:43:16Z" user="北巷猫眠" uid="1915680" lat="28.8148186" lon="104.6749009"/>
 <node id="6787063100" visible="true" version="1" changeset="74334648" timestamp="2019-09-11T03:43:51Z" user="北巷猫眠" uid="1915680" lat="28.8151806" lon="104.6752640"/>
 <node id="6787063101" visible="true" version="1" changeset="74334648" timestamp="2019-09-11T03:43:51Z" user="北巷猫眠" uid="1915680" lat="28.8152996" lon="104.6752581"/>
 <node id="6787063102" visible="true" version="2" changeset="86215981" timestamp="2020-06-05T03:03:03Z" user="北巷猫眠" uid="1915680" lat="28.8153463" lon="104.6750097"/>
 <node id="6787063103" visible="true" version="2" changeset="86215981" timestamp="2020-06-05T03:03:03Z" user="北巷猫眠" uid="1915680" lat="28.8154674" lon="104.6747933"/>
 <node id="6787063104" visible="true" version="2" changeset="86215981" timestamp="2020-06-05T03:03:03Z" user="北巷猫眠" uid="1915680" lat="28.8157714" lon="104.6745556"/>
 <node id="6787063105" visible="true" version="2" changeset="86215981" timestamp="2020-06-05T03:03:03Z" user="北巷猫眠" uid="1915680" lat="28.8157247" lon="104.6745070"/>
 <node id="6787063106" visible="true" version="2" changeset="86215981" timestamp="2020-06-05T03:03:03Z" user="北巷猫眠" uid="1915680" lat="28.8156852" lon="104.6744269"/>
 <node id="6787063107" visible="true" version="2" changeset="86215981" timestamp="2020-06-05T03:03:03Z" user="北巷猫眠" uid="1915680" lat="28.8156778" lon="104.6742802"/>
 <node id="6787063108" visible="true" version="2" changeset="86215981" timestamp="2020-06-05T03:03:03Z" user="北巷猫眠" uid="1915680" lat="28.8156794" lon="104.6740118"/>
 <node id="6787063109" visible="true" version="1" changeset="74334648" timestamp="2019-09-11T03:43:51Z" user="北巷猫眠" uid="1915680" lat="28.8152893" lon="104.6734855"/>
 <node id="6787063110" visible="true" version="2" changeset="86215981" timestamp="2020-06-05T03:03:03Z" user="北巷猫眠" uid="1915680" lat="28.8151223" lon="104.6733121"/>
 <node id="6787063111" visible="true" version="2" changeset="86215981" timestamp="2020-06-05T03:03:03Z" user="北巷猫眠" uid="1915680" lat="28.8150585" lon="104.6732526"/>
 <node id="6787063112" visible="true" version="1" changeset="74334648" timestamp="2019-09-11T03:43:51Z" user="北巷猫眠" uid="1915680" lat="28.8148839" lon="104.6733590"/>
 <node id="6787063113" visible="true" version="2" changeset="86215981" timestamp="2020-06-05T03:03:03Z" user="北巷猫眠" uid="1915680" lat="28.8149714" lon="104.6734759"/>
 <node id="6787063114" visible="true" version="2" changeset="86215981" timestamp="2020-06-05T03:03:03Z" user="北巷猫眠" uid="1915680" lat="28.8157422" lon="104.6740954"/>
 <node id="6787063115" visible="true" version="2" changeset="86215981" timestamp="2020-06-05T03:03:03Z" user="北巷猫眠" uid="1915680" lat="28.8157050" lon="104.6741865"/>
 <node id="6787063116" visible="true" version="2" changeset="86215981" timestamp="2020-06-05T03:03:03Z" user="北巷猫眠" uid="1915680" lat="28.8155465" lon="104.6741242"/>
 <node id="6787063117" visible="true" version="1" changeset="74334648" timestamp="2019-09-11T03:43:51Z" user="北巷猫眠" uid="1915680" lat="28.8154362" lon="104.6743209"/>
 <node id="6787063118" visible="true" version="2" changeset="86215981" timestamp="2020-06-05T03:03:03Z" user="北巷猫眠" uid="1915680" lat="28.8153270" lon="104.6745556"/>
 <node id="6787063120" visible="true" version="2" changeset="86215981" timestamp="2020-06-05T03:03:03Z" user="北巷猫眠" uid="1915680" lat="28.8151543" lon="104.6747466"/>
 <node id="6787063121" visible="true" version="3" changeset="90479082" timestamp="2020-09-06T12:43:16Z" user="北巷猫眠" uid="1915680" lat="28.8150983" lon="104.6747487"/>
 <node id="6787063122" visible="true" version="2" changeset="90479082" timestamp="2020-09-06T12:43:16Z" user="北巷猫眠" uid="1915680" lat="28.8150101" lon="104.6748643"/>
 <node id="6787063123" visible="true" version="2" changeset="90479082" timestamp="2020-09-06T12:43:16Z" user="北巷猫眠" uid="1915680" lat="28.8149330" lon="104.6748911"/>
 <node id="6787063124" visible="true" version="1" changeset="74334648" timestamp="2019-09-11T03:43:51Z" user="北巷猫眠" uid="1915680" lat="28.8149225" lon="104.6750332"/>
 <node id="6787063125" visible="true" version="1" changeset="74334648" timestamp="2019-09-11T03:43:51Z" user="北巷猫眠" uid="1915680" lat="28.8150528" lon="104.6751269"/>
 <node id="6787063126" visible="true" version="1" changeset="74334648" timestamp="2019-09-11T03:43:51Z" user="北巷猫眠" uid="1915680" lat="28.8151205" lon="104.6751853"/>
 <node id="6787063127" visible="true" version="1" changeset="74334648" timestamp="2019-09-11T03:43:51Z" user="北巷猫眠" uid="1915680" lat="28.8152376" lon="104.6752827"/>
 <node id="6787063128" visible="true" version="1" changeset="74334648" timestamp="2019-09-11T03:43:51Z" user="北巷猫眠" uid="1915680" lat="28.8153047" lon="104.6751960"/>
 <node id="6787063130" visible="true" version="2" changeset="86215981" timestamp="2020-06-05T03:03:03Z" user="北巷猫眠" uid="1915680" lat="28.8154145" lon="104.6749457"/>
 <node id="6787063131" visible="true" version="2" changeset="86215981" timestamp="2020-06-05T03:03:03Z" user="北巷猫眠" uid="1915680" lat="28.8155928" lon="104.6746864"/>
 <node id="6787293561" visible="true" version="2" changeset="86215981" timestamp="2020-06-05T03:03:03Z" user="北巷猫眠" uid="1915680" lat="28.8130059" lon="104.6728343">
  <tag k="bus" v="yes"/>
  <tag k="highway" v="bus_stop"/>
  <tag k="name" v="西华大学"/>
  <tag k="public_transport" v="platform"/>
 </node>
 <node id="6787293562" visible="true" version="2" changeset="86215981" timestamp="2020-06-05T03:03:03Z" user="北巷猫眠" uid="1915680" lat="28.8134108" lon="104.6719303">
  <tag k="bus" v="yes"/>
  <tag k="highway" v="bus_stop"/>
  <tag k="name" v="西华大学"/>
  <tag k="public_transport" v="platform"/>
 </node>
 <node id="6787331703" visible="true" version="6" changeset="160056675" timestamp="2024-12-08T13:17:38Z" user="Kiana_Kaslana" uid="17877421" lat="28.8131046" lon="104.6722543"/>
 <node id="6797833185" visible="true" version="3" changeset="105196947" timestamp="2021-05-24T05:47:03Z" user="富顺娃儿" uid="4897653" lat="28.8145777" lon="104.6723545"/>
 <node id="6797833186" visible="true" version="3" changeset="105196947" timestamp="2021-05-24T05:47:03Z" user="富顺娃儿" uid="4897653" lat="28.8144726" lon="104.6722502"/>
 <node id="6797833187" visible="true" version="3" changeset="105196947" timestamp="2021-05-24T05:47:03Z" user="富顺娃儿" uid="4897653" lat="28.8143134" lon="104.6724590"/>
 <node id="6797833188" visible="true" version="3" changeset="105196947" timestamp="2021-05-24T05:47:03Z" user="富顺娃儿" uid="4897653" lat="28.8144183" lon="104.6725633"/>
 <node id="6797833189" visible="true" version="3" changeset="105196947" timestamp="2021-05-24T05:47:03Z" user="富顺娃儿" uid="4897653" lat="28.8146894" lon="104.6721611"/>
 <node id="6797833190" visible="true" version="3" changeset="105196947" timestamp="2021-05-24T05:47:03Z" user="富顺娃儿" uid="4897653" lat="28.8149385" lon="104.6724114"/>
 <node id="6797833191" visible="true" version="3" changeset="105196947" timestamp="2021-05-24T05:47:03Z" user="富顺娃儿" uid="4897653" lat="28.8148301" lon="104.6725519"/>
 <node id="6797833192" visible="true" version="3" changeset="105196947" timestamp="2021-05-24T05:47:03Z" user="富顺娃儿" uid="4897653" lat="28.8145809" lon="104.6723018"/>
 <node id="6797833193" visible="true" version="3" changeset="105196947" timestamp="2021-05-24T05:47:03Z" user="富顺娃儿" uid="4897653" lat="28.8149677" lon="104.6723790"/>
 <node id="6797833194" visible="true" version="3" changeset="105196947" timestamp="2021-05-24T05:47:03Z" user="富顺娃儿" uid="4897653" lat="28.8150449" lon="104.6724579"/>
 <node id="6797833195" visible="true" version="3" changeset="105196947" timestamp="2021-05-24T05:47:03Z" user="富顺娃儿" uid="4897653" lat="28.8148964" lon="104.6726467"/>
 <node id="6797833196" visible="true" version="3" changeset="105196947" timestamp="2021-05-24T05:47:03Z" user="富顺娃儿" uid="4897653" lat="28.8148193" lon="104.6725677"/>
 <node id="6797833197" visible="true" version="3" changeset="105196947" timestamp="2021-05-24T05:47:03Z" user="富顺娃儿" uid="4897653" lat="28.8136230" lon="104.6730103"/>
 <node id="6797833198" visible="true" version="3" changeset="105196947" timestamp="2021-05-24T05:47:03Z" user="富顺娃儿" uid="4897653" lat="28.8137234" lon="104.6729157"/>
 <node id="6797833199" visible="true" version="3" changeset="105196947" timestamp="2021-05-24T05:47:03Z" user="富顺娃儿" uid="4897653" lat="28.8141926" lon="104.6723963"/>
 <node id="6797833202" visible="true" version="3" changeset="105196947" timestamp="2021-05-24T05:47:03Z" user="富顺娃儿" uid="4897653" lat="28.8146861" lon="104.6724617"/>
 <node id="6797833203" visible="true" version="3" changeset="105196947" timestamp="2021-05-24T05:47:03Z" user="富顺娃儿" uid="4897653" lat="28.8145811" lon="104.6723574"/>
 <node id="6797833204" visible="true" version="3" changeset="105196947" timestamp="2021-05-24T05:47:03Z" user="富顺娃儿" uid="4897653" lat="28.8144219" lon="104.6725662"/>
 <node id="6797833205" visible="true" version="3" changeset="105196947" timestamp="2021-05-24T05:47:03Z" user="富顺娃儿" uid="4897653" lat="28.8145269" lon="104.6726705"/>
 <node id="6797833206" visible="true" version="3" changeset="105196947" timestamp="2021-05-24T05:47:03Z" user="富顺娃儿" uid="4897653" lat="28.8147970" lon="104.6725699"/>
 <node id="6797833207" visible="true" version="3" changeset="105196947" timestamp="2021-05-24T05:47:03Z" user="富顺娃儿" uid="4897653" lat="28.8146919" lon="104.6724655"/>
 <node id="6797833208" visible="true" version="3" changeset="105196947" timestamp="2021-05-24T05:47:03Z" user="富顺娃儿" uid="4897653" lat="28.8145327" lon="104.6726744"/>
 <node id="6797833209" visible="true" version="3" changeset="105196947" timestamp="2021-05-24T05:47:03Z" user="富顺娃儿" uid="4897653" lat="28.8146377" lon="104.6727787"/>
 <node id="6797833210" visible="true" version="3" changeset="105196947" timestamp="2021-05-24T05:47:03Z" user="富顺娃儿" uid="4897653" lat="28.8149049" lon="104.6726799"/>
 <node id="6797833211" visible="true" version="3" changeset="105196947" timestamp="2021-05-24T05:47:03Z" user="富顺娃儿" uid="4897653" lat="28.8147999" lon="104.6725756"/>
 <node id="6797833212" visible="true" version="3" changeset="105196947" timestamp="2021-05-24T05:47:03Z" user="富顺娃儿" uid="4897653" lat="28.8146407" lon="104.6727844"/>
 <node id="6797833213" visible="true" version="3" changeset="105196947" timestamp="2021-05-24T05:47:03Z" user="富顺娃儿" uid="4897653" lat="28.8147456" lon="104.6728887"/>
 <node id="6797833214" visible="true" version="3" changeset="105196947" timestamp="2021-05-24T05:47:03Z" user="富顺娃儿" uid="4897653" lat="28.8150172" lon="104.6727880"/>
 <node id="6797833215" visible="true" version="3" changeset="105196947" timestamp="2021-05-24T05:47:03Z" user="富顺娃儿" uid="4897653" lat="28.8149122" lon="104.6726837"/>
 <node id="6797833216" visible="true" version="3" changeset="105196947" timestamp="2021-05-24T05:47:03Z" user="富顺娃儿" uid="4897653" lat="28.8147529" lon="104.6728926"/>
 <node id="6797833217" visible="true" version="3" changeset="105196947" timestamp="2021-05-24T05:47:03Z" user="富顺娃儿" uid="4897653" lat="28.8148580" lon="104.6729968"/>
 <node id="6797833218" visible="true" version="3" changeset="105196947" timestamp="2021-05-24T05:47:03Z" user="富顺娃儿" uid="4897653" lat="28.8151803" lon="104.6725677"/>
 <node id="6797833219" visible="true" version="3" changeset="105196947" timestamp="2021-05-24T05:47:03Z" user="富顺娃儿" uid="4897653" lat="28.8150754" lon="104.6724634"/>
 <node id="6797833220" visible="true" version="3" changeset="105196947" timestamp="2021-05-24T05:47:03Z" user="富顺娃儿" uid="4897653" lat="28.8149162" lon="104.6726723"/>
 <node id="6797833221" visible="true" version="3" changeset="105196947" timestamp="2021-05-24T05:47:03Z" user="富顺娃儿" uid="4897653" lat="28.8150211" lon="104.6727766"/>
 <node id="6797833222" visible="true" version="3" changeset="105196947" timestamp="2021-05-24T05:47:03Z" user="富顺娃儿" uid="4897653" lat="28.8146329" lon="104.6720476"/>
 <node id="6797833223" visible="true" version="3" changeset="105196947" timestamp="2021-05-24T05:47:03Z" user="富顺娃儿" uid="4897653" lat="28.8147100" lon="104.6721267"/>
 <node id="6797833224" visible="true" version="3" changeset="105196947" timestamp="2021-05-24T05:47:03Z" user="富顺娃儿" uid="4897653" lat="28.8145615" lon="104.6723154"/>
 <node id="6797833225" visible="true" version="3" changeset="105196947" timestamp="2021-05-24T05:47:03Z" user="富顺娃儿" uid="4897653" lat="28.8144845" lon="104.6722364"/>
 <node id="6797833226" visible="true" version="3" changeset="105196947" timestamp="2021-05-24T05:47:03Z" user="富顺娃儿" uid="4897653" lat="28.8146282" lon="104.6720044"/>
 <node id="6797833227" visible="true" version="3" changeset="105196947" timestamp="2021-05-24T05:47:03Z" user="富顺娃儿" uid="4897653" lat="28.8145232" lon="104.6719002"/>
 <node id="6797833228" visible="true" version="3" changeset="105196947" timestamp="2021-05-24T05:47:03Z" user="富顺娃儿" uid="4897653" lat="28.8143639" lon="104.6721089"/>
 <node id="6797833229" visible="true" version="3" changeset="105196947" timestamp="2021-05-24T05:47:03Z" user="富顺娃儿" uid="4897653" lat="28.8144690" lon="104.6722132"/>
 <node id="6797833230" visible="true" version="3" changeset="105196947" timestamp="2021-05-24T05:47:03Z" user="富顺娃儿" uid="4897653" lat="28.8143401" lon="104.6722475"/>
 <node id="6797833231" visible="true" version="3" changeset="105196947" timestamp="2021-05-24T05:47:03Z" user="富顺娃儿" uid="4897653" lat="28.8144101" lon="104.6723159"/>
 <node id="6797833232" visible="true" version="3" changeset="105196947" timestamp="2021-05-24T05:47:03Z" user="富顺娃儿" uid="4897653" lat="28.8143174" lon="104.6724393"/>
 <node id="6797833233" visible="true" version="3" changeset="105196947" timestamp="2021-05-24T05:47:03Z" user="富顺娃儿" uid="4897653" lat="28.8142474" lon="104.6723708"/>
 <node id="6797833234" visible="true" version="3" changeset="105196947" timestamp="2021-05-24T05:47:03Z" user="富顺娃儿" uid="4897653" lat="28.8152776" lon="104.6726001"/>
 <node id="6797833235" visible="true" version="3" changeset="105196947" timestamp="2021-05-24T05:47:03Z" user="富顺娃儿" uid="4897653" lat="28.8149451" lon="104.6731775"/>
 <node id="6914347703" visible="true" version="3" changeset="105196947" timestamp="2021-05-24T05:47:03Z" user="富顺娃儿" uid="4897653" lat="28.8048313" lon="104.6728610"/>
 <node id="6914347704" visible="true" version="3" changeset="105196947" timestamp="2021-05-24T05:47:03Z" user="富顺娃儿" uid="4897653" lat="28.8032985" lon="104.6689915"/>
 <node id="6914347705" visible="true" version="3" changeset="105196947" timestamp="2021-05-24T05:47:03Z" user="富顺娃儿" uid="4897653" lat="28.8055278" lon="104.6741612"/>
 <node id="6914347706" visible="true" version="3" changeset="105196947" timestamp="2021-05-24T05:47:03Z" user="富顺娃儿" uid="4897653" lat="28.8065969" lon="104.6745325"/>
 <node id="6914347707" visible="true" version="3" changeset="105196947" timestamp="2021-05-24T05:47:03Z" user="富顺娃儿" uid="4897653" lat="28.8074272" lon="104.6742483"/>
 <node id="6914347708" visible="true" version="3" changeset="105196947" timestamp="2021-05-24T05:47:03Z" user="富顺娃儿" uid="4897653" lat="28.8082754" lon="104.6738652"/>
 <node id="6914347709" visible="true" version="3" changeset="105196947" timestamp="2021-05-24T05:47:03Z" user="富顺娃儿" uid="4897653" lat="28.8090101" lon="104.6734331"/>
 <node id="6914347710" visible="true" version="3" changeset="105196947" timestamp="2021-05-24T05:47:03Z" user="富顺娃儿" uid="4897653" lat="28.8091252" lon="104.6731577"/>
 <node id="6914347711" visible="true" version="3" changeset="105196947" timestamp="2021-05-24T05:47:03Z" user="富顺娃儿" uid="4897653" lat="28.8089928" lon="104.6728268"/>
 <node id="6914347712" visible="true" version="3" changeset="105196947" timestamp="2021-05-24T05:47:03Z" user="富顺娃儿" uid="4897653" lat="28.8087828" lon="104.6725559"/>
 <node id="6914347713" visible="true" version="3" changeset="105196947" timestamp="2021-05-24T05:47:03Z" user="富顺娃儿" uid="4897653" lat="28.8082506" lon="104.6717839"/>
 <node id="6914347714" visible="true" version="4" changeset="105197395" timestamp="2021-05-24T05:53:46Z" user="富顺娃儿" uid="4897653" lat="28.8075280" lon="104.6707655"/>
 <node id="6914347715" visible="true" version="4" changeset="105197395" timestamp="2021-05-24T05:53:46Z" user="富顺娃儿" uid="4897653" lat="28.8065827" lon="104.6688513"/>
 <node id="6914347719" visible="true" version="5" changeset="145720969" timestamp="2023-12-31T06:00:27Z" user="VENTOX" uid="20683110" lat="28.8074403" lon="104.6682543"/>
 <node id="6914347720" visible="true" version="4" changeset="145720969" timestamp="2023-12-31T06:00:27Z" user="VENTOX" uid="20683110" lat="28.8075087" lon="104.6681339"/>
 <node id="6914347721" visible="true" version="4" changeset="145720969" timestamp="2023-12-31T06:00:27Z" user="VENTOX" uid="20683110" lat="28.8077889" lon="104.6677285"/>
 <node id="6914347722" visible="true" version="3" changeset="105196947" timestamp="2021-05-24T05:47:03Z" user="富顺娃儿" uid="4897653" lat="28.8078458" lon="104.6676375"/>
 <node id="6914347723" visible="true" version="4" changeset="145720969" timestamp="2023-12-31T06:00:27Z" user="VENTOX" uid="20683110" lat="28.8080880" lon="104.6673983"/>
 <node id="6914347725" visible="true" version="3" changeset="105196947" timestamp="2021-05-24T05:47:03Z" user="富顺娃儿" uid="4897653" lat="28.8080095" lon="104.6641549"/>
 <node id="6914347728" visible="true" version="4" changeset="105196947" timestamp="2021-05-24T05:47:03Z" user="富顺娃儿" uid="4897653" lat="28.8107740" lon="104.6680629"/>
 <node id="6914347729" visible="true" version="3" changeset="105196947" timestamp="2021-05-24T05:47:03Z" user="富顺娃儿" uid="4897653" lat="28.8111020" lon="104.6685151"/>
 <node id="6914347731" visible="true" version="4" changeset="145720969" timestamp="2023-12-31T06:00:27Z" user="VENTOX" uid="20683110" lat="28.8114531" lon="104.6689992"/>
 <node id="6914347733" visible="true" version="3" changeset="105196947" timestamp="2021-05-24T05:47:03Z" user="富顺娃儿" uid="4897653" lat="28.8079110" lon="104.6641024"/>
 <node id="6914347734" visible="true" version="3" changeset="105196947" timestamp="2021-05-24T05:47:03Z" user="富顺娃儿" uid="4897653" lat="28.8076703" lon="104.6640715"/>
 <node id="6914347735" visible="true" version="3" changeset="105196947" timestamp="2021-05-24T05:47:03Z" user="富顺娃儿" uid="4897653" lat="28.8073617" lon="104.6641263"/>
 <node id="6914347737" visible="true" version="3" changeset="105196947" timestamp="2021-05-24T05:47:03Z" user="富顺娃儿" uid="4897653" lat="28.8087333" lon="104.6704191"/>
 <node id="6914347738" visible="true" version="3" changeset="105196947" timestamp="2021-05-24T05:47:03Z" user="富顺娃儿" uid="4897653" lat="28.8093203" lon="104.6703558"/>
 <node id="6914347740" visible="true" version="4" changeset="145720969" timestamp="2023-12-31T06:00:27Z" user="VENTOX" uid="20683110" lat="28.8100993" lon="104.6696477"/>
 <node id="6914347741" visible="true" version="4" changeset="145720969" timestamp="2023-12-31T06:00:27Z" user="VENTOX" uid="20683110" lat="28.8102226" lon="104.6695033"/>
 <node id="6914347742" visible="true" version="5" changeset="163638229" timestamp="2025-03-15T07:01:42Z" user="enldm" uid="20125208" lat="28.8105055" lon="104.6693220"/>
 <node id="6914347744" visible="true" version="5" changeset="163638229" timestamp="2025-03-15T07:01:42Z" user="enldm" uid="20125208" lat="28.8106837" lon="104.6692302"/>
 <node id="6914347748" visible="true" version="4" changeset="145720969" timestamp="2023-12-31T06:00:27Z" user="VENTOX" uid="20683110" lat="28.8119387" lon="104.6685304"/>
 <node id="6914347751" visible="true" version="4" changeset="145720969" timestamp="2023-12-31T06:00:27Z" user="VENTOX" uid="20683110" lat="28.8087855" lon="104.6671367"/>
 <node id="6914347752" visible="true" version="4" changeset="145720969" timestamp="2023-12-31T06:00:27Z" user="VENTOX" uid="20683110" lat="28.8096455" lon="104.6667446"/>
 <node id="6914347754" visible="true" version="5" changeset="145720969" timestamp="2023-12-31T06:00:27Z" user="VENTOX" uid="20683110" lat="28.8100821" lon="104.6663221"/>
 <node id="6914347756" visible="true" version="5" changeset="145720969" timestamp="2023-12-31T06:00:27Z" user="VENTOX" uid="20683110" lat="28.8106562" lon="104.6660554"/>
 <node id="6914347757" visible="true" version="4" changeset="145720969" timestamp="2023-12-31T06:00:27Z" user="VENTOX" uid="20683110" lat="28.8110961" lon="104.6659514"/>
 <node id="6914347759" visible="true" version="4" changeset="145720969" timestamp="2023-12-31T06:00:27Z" user="VENTOX" uid="20683110" lat="28.8116261" lon="104.6655548"/>
 <node id="6914347760" visible="true" version="3" changeset="105196947" timestamp="2021-05-24T05:47:03Z" user="富顺娃儿" uid="4897653" lat="28.8117542" lon="104.6653904"/>
 <node id="6914347761" visible="true" version="3" changeset="105196947" timestamp="2021-05-24T05:47:03Z" user="富顺娃儿" uid="4897653" lat="28.8122416" lon="104.6650239"/>
 <node id="6914347762" visible="true" version="3" changeset="105196947" timestamp="2021-05-24T05:47:03Z" user="富顺娃儿" uid="4897653" lat="28.8123765" lon="104.6646844"/>
 <node id="6914347765" visible="true" version="4" changeset="145720969" timestamp="2023-12-31T06:00:27Z" user="VENTOX" uid="20683110" lat="28.8127222" lon="104.6672559"/>
 <node id="6914347766" visible="true" version="3" changeset="105196947" timestamp="2021-05-24T05:47:03Z" user="富顺娃儿" uid="4897653" lat="28.8088397" lon="104.6649058"/>
 <node id="6914347768" visible="true" version="3" changeset="105196947" timestamp="2021-05-24T05:47:03Z" user="富顺娃儿" uid="4897653" lat="28.8094643" lon="104.6641394"/>
 <node id="6914347769" visible="true" version="3" changeset="105196947" timestamp="2021-05-24T05:47:03Z" user="富顺娃儿" uid="4897653" lat="28.8099840" lon="104.6635367"/>
 <node id="6914347771" visible="true" version="3" changeset="105196947" timestamp="2021-05-24T05:47:03Z" user="富顺娃儿" uid="4897653" lat="28.8102051" lon="104.6633363"/>
 <node id="6914347772" visible="true" version="3" changeset="105196947" timestamp="2021-05-24T05:47:03Z" user="富顺娃儿" uid="4897653" lat="28.8128065" lon="104.6673636"/>
 <node id="6914347773" visible="true" version="3" changeset="105196947" timestamp="2021-05-24T05:47:03Z" user="富顺娃儿" uid="4897653" lat="28.8119321" lon="104.6640152"/>
 <node id="6914347776" visible="true" version="3" changeset="105196947" timestamp="2021-05-24T05:47:03Z" user="富顺娃儿" uid="4897653" lat="28.8141266" lon="104.6684785"/>
 <node id="6914347777" visible="true" version="3" changeset="105196947" timestamp="2021-05-24T05:47:03Z" user="富顺娃儿" uid="4897653" lat="28.8142029" lon="104.6689352"/>
 <node id="6914347778" visible="true" version="3" changeset="105196947" timestamp="2021-05-24T05:47:03Z" user="富顺娃儿" uid="4897653" lat="28.8121192" lon="104.6701846"/>
 <node id="6914347779" visible="true" version="3" changeset="105196947" timestamp="2021-05-24T05:47:03Z" user="富顺娃儿" uid="4897653" lat="28.8063041" lon="104.6649176"/>
 <node id="6914347780" visible="true" version="4" changeset="110277725" timestamp="2021-08-26T10:08:26Z" user="北巷猫眠" uid="1915680" lat="28.8063715" lon="104.6650665"/>
 <node id="6914347782" visible="true" version="4" changeset="110277725" timestamp="2021-08-26T10:08:26Z" user="北巷猫眠" uid="1915680" lat="28.8064198" lon="104.6655174"/>
 <node id="6914347783" visible="true" version="4" changeset="110277725" timestamp="2021-08-26T10:08:26Z" user="北巷猫眠" uid="1915680" lat="28.8064363" lon="104.6660806"/>
 <node id="6914347784" visible="true" version="4" changeset="110277725" timestamp="2021-08-26T10:08:26Z" user="北巷猫眠" uid="1915680" lat="28.8065013" lon="104.6663587"/>
 <node id="6914367985" visible="true" version="4" changeset="110277725" timestamp="2021-08-26T10:08:26Z" user="北巷猫眠" uid="1915680" lat="28.8067655" lon="104.6668474"/>
 <node id="6914367986" visible="true" version="4" changeset="110277725" timestamp="2021-08-26T10:08:26Z" user="北巷猫眠" uid="1915680" lat="28.8070107" lon="104.6671696"/>
 <node id="6914367987" visible="true" version="3" changeset="105196947" timestamp="2021-05-24T05:47:03Z" user="富顺娃儿" uid="4897653" lat="28.8124572" lon="104.6709589"/>
 <node id="6914367989" visible="true" version="3" changeset="105196947" timestamp="2021-05-24T05:47:03Z" user="富顺娃儿" uid="4897653" lat="28.8104620" lon="104.6721277"/>
 <node id="6914367990" visible="true" version="3" changeset="105196947" timestamp="2021-05-24T05:47:03Z" user="富顺娃儿" uid="4897653" lat="28.8101896" lon="104.6721193"/>
 <node id="6914367991" visible="true" version="3" changeset="105196947" timestamp="2021-05-24T05:47:03Z" user="富顺娃儿" uid="4897653" lat="28.8098854" lon="104.6718875"/>
 <node id="6914367992" visible="true" version="3" changeset="105196947" timestamp="2021-05-24T05:47:03Z" user="富顺娃儿" uid="4897653" lat="28.8090296" lon="104.6704513"/>
 <node id="6914367993" visible="true" version="3" changeset="105196947" timestamp="2021-05-24T05:47:03Z" user="富顺娃儿" uid="4897653" lat="28.8043600" lon="104.6693616"/>
 <node id="6914367994" visible="true" version="3" changeset="105196947" timestamp="2021-05-24T05:47:03Z" user="富顺娃儿" uid="4897653" lat="28.8037533" lon="104.6696885"/>
 <node id="6914367995" visible="true" version="3" changeset="105196947" timestamp="2021-05-24T05:47:03Z" user="富顺娃儿" uid="4897653" lat="28.8033756" lon="104.6687909"/>
 <node id="6914367996" visible="true" version="3" changeset="105196947" timestamp="2021-05-24T05:47:03Z" user="富顺娃儿" uid="4897653" lat="28.8035928" lon="104.6686719"/>
 <node id="6914367997" visible="true" version="3" changeset="105196947" timestamp="2021-05-24T05:47:03Z" user="富顺娃儿" uid="4897653" lat="28.8038514" lon="104.6692864"/>
 <node id="6914367998" visible="true" version="3" changeset="105196947" timestamp="2021-05-24T05:47:03Z" user="富顺娃儿" uid="4897653" lat="28.8042390" lon="104.6690740"/>
 <node id="6914368021" visible="true" version="3" changeset="105196947" timestamp="2021-05-24T05:47:03Z" user="富顺娃儿" uid="4897653" lat="28.8070025" lon="104.6736768"/>
 <node id="6914368022" visible="true" version="3" changeset="105196947" timestamp="2021-05-24T05:47:03Z" user="富顺娃儿" uid="4897653" lat="28.8065756" lon="104.6739340"/>
 <node id="6914368023" visible="true" version="3" changeset="105196947" timestamp="2021-05-24T05:47:03Z" user="富顺娃儿" uid="4897653" lat="28.8067428" lon="104.6742954"/>
 <node id="6914368024" visible="true" version="3" changeset="105196947" timestamp="2021-05-24T05:47:03Z" user="富顺娃儿" uid="4897653" lat="28.8071697" lon="104.6740382"/>
 <node id="6914368025" visible="true" version="3" changeset="105196947" timestamp="2021-05-24T05:47:03Z" user="富顺娃儿" uid="4897653" lat="28.8065059" lon="104.6738904"/>
 <node id="6914368026" visible="true" version="3" changeset="105196947" timestamp="2021-05-24T05:47:03Z" user="富顺娃儿" uid="4897653" lat="28.8059139" lon="104.6742082"/>
 <node id="6914368027" visible="true" version="3" changeset="105196947" timestamp="2021-05-24T05:47:03Z" user="富顺娃儿" uid="4897653" lat="28.8064196" lon="104.6745308"/>
 <node id="6914368028" visible="true" version="3" changeset="105196947" timestamp="2021-05-24T05:47:03Z" user="富顺娃儿" uid="4897653" lat="28.8067064" lon="104.6743768"/>
 <node id="6914368029" visible="true" version="3" changeset="105196947" timestamp="2021-05-24T05:47:03Z" user="富顺娃儿" uid="4897653" lat="28.8060799" lon="104.6720982"/>
 <node id="6914368030" visible="true" version="3" changeset="105196947" timestamp="2021-05-24T05:47:03Z" user="富顺娃儿" uid="4897653" lat="28.8062783" lon="104.6725593"/>
 <node id="6914368031" visible="true" version="3" changeset="105196947" timestamp="2021-05-24T05:47:03Z" user="富顺娃儿" uid="4897653" lat="28.8050829" lon="104.6732336"/>
 <node id="6914368032" visible="true" version="3" changeset="105196947" timestamp="2021-05-24T05:47:03Z" user="富顺娃儿" uid="4897653" lat="28.8048825" lon="104.6727736"/>
 <node id="6914368033" visible="true" version="3" changeset="105196947" timestamp="2021-05-24T05:47:03Z" user="富顺娃儿" uid="4897653" lat="28.8053454" lon="104.6725098"/>
 <node id="6914368034" visible="true" version="3" changeset="105196947" timestamp="2021-05-24T05:47:03Z" user="富顺娃儿" uid="4897653" lat="28.8055438" lon="104.6729709"/>
 <node id="6914368035" visible="true" version="3" changeset="105196947" timestamp="2021-05-24T05:47:03Z" user="富顺娃儿" uid="4897653" lat="28.8050659" lon="104.6726695"/>
 <node id="6914368036" visible="true" version="3" changeset="105196947" timestamp="2021-05-24T05:47:03Z" user="富顺娃儿" uid="4897653" lat="28.8052663" lon="104.6731295"/>
 <node id="6914368037" visible="true" version="3" changeset="105196947" timestamp="2021-05-24T05:47:03Z" user="富顺娃儿" uid="4897653" lat="28.8058283" lon="104.6692364"/>
 <node id="6914368038" visible="true" version="3" changeset="105196947" timestamp="2021-05-24T05:47:03Z" user="富顺娃儿" uid="4897653" lat="28.8067781" lon="104.6714774"/>
 <node id="6914368039" visible="true" version="3" changeset="105196947" timestamp="2021-05-24T05:47:03Z" user="富顺娃儿" uid="4897653" lat="28.8056830" lon="104.6692505"/>
 <node id="6914368040" visible="true" version="3" changeset="105196947" timestamp="2021-05-24T05:47:03Z" user="富顺娃儿" uid="4897653" lat="28.8047560" lon="104.6697722"/>
 <node id="6914368041" visible="true" version="3" changeset="105196947" timestamp="2021-05-24T05:47:03Z" user="富顺娃儿" uid="4897653" lat="28.8050260" lon="104.6704082"/>
 <node id="6914368042" visible="true" version="3" changeset="105196947" timestamp="2021-05-24T05:47:03Z" user="富顺娃儿" uid="4897653" lat="28.8059201" lon="104.6698091"/>
 <node id="6914368043" visible="true" version="3" changeset="105196947" timestamp="2021-05-24T05:47:03Z" user="富顺娃儿" uid="4897653" lat="28.8066411" lon="104.6714535"/>
 <node id="6914368044" visible="true" version="3" changeset="105196947" timestamp="2021-05-24T05:47:03Z" user="富顺娃儿" uid="4897653" lat="28.8056941" lon="104.6719811"/>
 <node id="6914368045" visible="true" version="3" changeset="105196947" timestamp="2021-05-24T05:47:03Z" user="富顺娃儿" uid="4897653" lat="28.8054245" lon="104.6713484"/>
 <node id="6914368046" visible="true" version="3" changeset="105196947" timestamp="2021-05-24T05:47:03Z" user="富顺娃儿" uid="4897653" lat="28.8064015" lon="104.6708912"/>
 <node id="6914368047" visible="true" version="3" changeset="105196947" timestamp="2021-05-24T05:47:03Z" user="富顺娃儿" uid="4897653" lat="28.8061010" lon="104.6700087"/>
 <node id="6914368048" visible="true" version="3" changeset="105196947" timestamp="2021-05-24T05:47:03Z" user="富顺娃儿" uid="4897653" lat="28.8050012" lon="104.6707132"/>
 <node id="6914368049" visible="true" version="3" changeset="105196947" timestamp="2021-05-24T05:47:03Z" user="富顺娃儿" uid="4897653" lat="28.8052145" lon="104.6711956"/>
 <node id="6914368050" visible="true" version="3" changeset="105196947" timestamp="2021-05-24T05:47:03Z" user="富顺娃儿" uid="4897653" lat="28.8063102" lon="104.6705089"/>
 <node id="6914368051" visible="true" version="3" changeset="105196947" timestamp="2021-05-24T05:47:03Z" user="富顺娃儿" uid="4897653" lat="28.8065397" lon="104.6704432"/>
 <node id="6914368052" visible="true" version="3" changeset="105196947" timestamp="2021-05-24T05:47:03Z" user="富顺娃儿" uid="4897653" lat="28.8069657" lon="104.6702131"/>
 <node id="6914368053" visible="true" version="3" changeset="105196947" timestamp="2021-05-24T05:47:03Z" user="富顺娃儿" uid="4897653" lat="28.8072292" lon="104.6708484"/>
 <node id="6914368054" visible="true" version="3" changeset="105196947" timestamp="2021-05-24T05:47:03Z" user="富顺娃儿" uid="4897653" lat="28.8068033" lon="104.6710785"/>
 <node id="6914368059" visible="true" version="3" changeset="105196947" timestamp="2021-05-24T05:47:03Z" user="富顺娃儿" uid="4897653" lat="28.8076378" lon="104.6710547"/>
 <node id="6914368060" visible="true" version="3" changeset="105196947" timestamp="2021-05-24T05:47:03Z" user="富顺娃儿" uid="4897653" lat="28.8071374" lon="104.6713370"/>
 <node id="6914368061" visible="true" version="3" changeset="105196947" timestamp="2021-05-24T05:47:03Z" user="富顺娃儿" uid="4897653" lat="28.8074860" lon="104.6719882"/>
 <node id="6914368062" visible="true" version="3" changeset="105196947" timestamp="2021-05-24T05:47:03Z" user="富顺娃儿" uid="4897653" lat="28.8079943" lon="104.6716950"/>
 <node id="6914368067" visible="true" version="3" changeset="105196947" timestamp="2021-05-24T05:47:03Z" user="富顺娃儿" uid="4897653" lat="28.8087731" lon="104.6726636"/>
 <node id="6914368068" visible="true" version="3" changeset="105196947" timestamp="2021-05-24T05:47:03Z" user="富顺娃儿" uid="4897653" lat="28.8079214" lon="104.6731214"/>
 <node id="6914368069" visible="true" version="3" changeset="105196947" timestamp="2021-05-24T05:47:03Z" user="富顺娃儿" uid="4897653" lat="28.8081839" lon="104.6737539"/>
 <node id="6914368070" visible="true" version="3" changeset="105196947" timestamp="2021-05-24T05:47:03Z" user="富顺娃儿" uid="4897653" lat="28.8090363" lon="104.6732981"/>
 <node id="6914368071" visible="true" version="3" changeset="105196947" timestamp="2021-05-24T05:47:03Z" user="富顺娃儿" uid="4897653" lat="28.8068477" lon="104.6716210"/>
 <node id="6914368072" visible="true" version="3" changeset="105196947" timestamp="2021-05-24T05:47:03Z" user="富顺娃儿" uid="4897653" lat="28.8072422" lon="104.6720837"/>
 <node id="6914368073" visible="true" version="3" changeset="105196947" timestamp="2021-05-24T05:47:03Z" user="富顺娃儿" uid="4897653" lat="28.8068377" lon="104.6725329"/>
 <node id="6914368074" visible="true" version="3" changeset="105196947" timestamp="2021-05-24T05:47:03Z" user="富顺娃儿" uid="4897653" lat="28.8064432" lon="104.6720703"/>
 <node id="6914368075" visible="true" version="3" changeset="105196947" timestamp="2021-05-24T05:47:03Z" user="富顺娃儿" uid="4897653" lat="28.8074554" lon="104.6725087"/>
 <node id="6914368076" visible="true" version="3" changeset="105196947" timestamp="2021-05-24T05:47:03Z" user="富顺娃儿" uid="4897653" lat="28.8069428" lon="104.6727979"/>
 <node id="6914368077" visible="true" version="3" changeset="105196947" timestamp="2021-05-24T05:47:03Z" user="富顺娃儿" uid="4897653" lat="28.8072116" lon="104.6734183"/>
 <node id="6914368078" visible="true" version="3" changeset="105196947" timestamp="2021-05-24T05:47:03Z" user="富顺娃儿" uid="4897653" lat="28.8076659" lon="104.6729949"/>
 <node id="6914368079" visible="true" version="3" changeset="105196947" timestamp="2021-05-24T05:47:03Z" user="富顺娃儿" uid="4897653" lat="28.8076529" lon="104.6732032"/>
 <node id="6914368080" visible="true" version="3" changeset="105196947" timestamp="2021-05-24T05:47:03Z" user="富顺娃儿" uid="4897653" lat="28.8072274" lon="104.6734405"/>
 <node id="6914368081" visible="true" version="3" changeset="105196947" timestamp="2021-05-24T05:47:03Z" user="富顺娃儿" uid="4897653" lat="28.8072768" lon="104.6735557"/>
 <node id="6914368082" visible="true" version="3" changeset="105196947" timestamp="2021-05-24T05:47:03Z" user="富顺娃儿" uid="4897653" lat="28.8075397" lon="104.6734091"/>
 <node id="6914368083" visible="true" version="3" changeset="105196947" timestamp="2021-05-24T05:47:03Z" user="富顺娃儿" uid="4897653" lat="28.8077212" lon="104.6738332"/>
 <node id="6914368084" visible="true" version="3" changeset="105196947" timestamp="2021-05-24T05:47:03Z" user="富顺娃儿" uid="4897653" lat="28.8078838" lon="104.6737426"/>
 <node id="6914368085" visible="true" version="3" changeset="105196947" timestamp="2021-05-24T05:47:03Z" user="富顺娃儿" uid="4897653" lat="28.8087932" lon="104.6667330"/>
 <node id="6914368086" visible="true" version="3" changeset="105196947" timestamp="2021-05-24T05:47:03Z" user="富顺娃儿" uid="4897653" lat="28.8082290" lon="104.6670581"/>
 <node id="6914368087" visible="true" version="3" changeset="105196947" timestamp="2021-05-24T05:47:03Z" user="富顺娃儿" uid="4897653" lat="28.8079077" lon="104.6663320"/>
 <node id="6914368088" visible="true" version="3" changeset="105196947" timestamp="2021-05-24T05:47:03Z" user="富顺娃儿" uid="4897653" lat="28.8084720" lon="104.6660069"/>
 <node id="6914368093" visible="true" version="3" changeset="105196947" timestamp="2021-05-24T05:47:03Z" user="富顺娃儿" uid="4897653" lat="28.8098930" lon="104.6675142"/>
 <node id="6914368094" visible="true" version="3" changeset="105196947" timestamp="2021-05-24T05:47:03Z" user="富顺娃儿" uid="4897653" lat="28.8103643" lon="104.6685777"/>
 <node id="6914368095" visible="true" version="3" changeset="105196947" timestamp="2021-05-24T05:47:03Z" user="富顺娃儿" uid="4897653" lat="28.8095996" lon="104.6690158"/>
 <node id="6914368096" visible="true" version="3" changeset="105196947" timestamp="2021-05-24T05:47:03Z" user="富顺娃儿" uid="4897653" lat="28.8091321" lon="104.6679342"/>
 <node id="6914368097" visible="true" version="3" changeset="105196947" timestamp="2021-05-24T05:47:03Z" user="富顺娃儿" uid="4897653" lat="28.8085198" lon="104.6674437"/>
 <node id="6914368098" visible="true" version="3" changeset="105196947" timestamp="2021-05-24T05:47:03Z" user="富顺娃儿" uid="4897653" lat="28.8079365" lon="104.6677558"/>
 <node id="6914368099" visible="true" version="3" changeset="105196947" timestamp="2021-05-24T05:47:03Z" user="富顺娃儿" uid="4897653" lat="28.8081738" lon="104.6683444"/>
 <node id="6914368100" visible="true" version="3" changeset="105196947" timestamp="2021-05-24T05:47:03Z" user="富顺娃儿" uid="4897653" lat="28.8076335" lon="104.6681306"/>
 <node id="6914368101" visible="true" version="3" changeset="105196947" timestamp="2021-05-24T05:47:03Z" user="富顺娃儿" uid="4897653" lat="28.8078928" lon="104.6687738"/>
 <node id="6914368102" visible="true" version="3" changeset="105196947" timestamp="2021-05-24T05:47:03Z" user="富顺娃儿" uid="4897653" lat="28.8084717" lon="104.6684698"/>
 <node id="6914368103" visible="true" version="3" changeset="105196947" timestamp="2021-05-24T05:47:03Z" user="富顺娃儿" uid="4897653" lat="28.8083900" lon="104.6682670"/>
 <node id="6914368104" visible="true" version="3" changeset="105196947" timestamp="2021-05-24T05:47:03Z" user="富顺娃儿" uid="4897653" lat="28.8087710" lon="104.6680669"/>
 <node id="6914368113" visible="true" version="3" changeset="105196947" timestamp="2021-05-24T05:47:03Z" user="富顺娃儿" uid="4897653" lat="28.8111351" lon="104.6719147"/>
 <node id="6914368114" visible="true" version="3" changeset="105196947" timestamp="2021-05-24T05:47:03Z" user="富顺娃儿" uid="4897653" lat="28.8105301" lon="104.6722598"/>
 <node id="6914368115" visible="true" version="3" changeset="105196947" timestamp="2021-05-24T05:47:03Z" user="富顺娃儿" uid="4897653" lat="28.8107839" lon="104.6728395"/>
 <node id="6914368116" visible="true" version="3" changeset="105196947" timestamp="2021-05-24T05:47:03Z" user="富顺娃儿" uid="4897653" lat="28.8113890" lon="104.6724944"/>
 <node id="6914368125" visible="true" version="3" changeset="105196947" timestamp="2021-05-24T05:47:03Z" user="富顺娃儿" uid="4897653" lat="28.8107989" lon="104.6708707"/>
 <node id="6914368126" visible="true" version="3" changeset="105196947" timestamp="2021-05-24T05:47:03Z" user="富顺娃儿" uid="4897653" lat="28.8105932" lon="104.6709851"/>
 <node id="6914368127" visible="true" version="3" changeset="105196947" timestamp="2021-05-24T05:47:03Z" user="富顺娃儿" uid="4897653" lat="28.8108800" lon="104.6716561"/>
 <node id="6914368128" visible="true" version="3" changeset="105196947" timestamp="2021-05-24T05:47:03Z" user="富顺娃儿" uid="4897653" lat="28.8110856" lon="104.6715416"/>
 <node id="6914368171" visible="true" version="2" changeset="94097879" timestamp="2020-11-14T08:17:47Z" user="北巷猫眠" uid="1915680" lat="28.8109705" lon="104.6661219"/>
 <node id="6914368172" visible="true" version="2" changeset="94097879" timestamp="2020-11-14T08:17:47Z" user="北巷猫眠" uid="1915680" lat="28.8111015" lon="104.6664115"/>
 <node id="6914368173" visible="true" version="2" changeset="94097879" timestamp="2020-11-14T08:17:47Z" user="北巷猫眠" uid="1915680" lat="28.8108789" lon="104.6667067"/>
 <node id="6914368174" visible="true" version="2" changeset="94097879" timestamp="2020-11-14T08:17:47Z" user="北巷猫眠" uid="1915680" lat="28.8105927" lon="104.6668498"/>
 <node id="6914368175" visible="true" version="2" changeset="94097879" timestamp="2020-11-14T08:17:47Z" user="北巷猫眠" uid="1915680" lat="28.8104612" lon="104.6667260"/>
 <node id="6914368176" visible="true" version="2" changeset="94097879" timestamp="2020-11-14T08:17:47Z" user="北巷猫眠" uid="1915680" lat="28.8103829" lon="104.6665124"/>
 <node id="6914368177" visible="true" version="2" changeset="94097879" timestamp="2020-11-14T08:17:47Z" user="北巷猫眠" uid="1915680" lat="28.8104096" lon="104.6662840"/>
 <node id="6914368178" visible="true" version="2" changeset="94097879" timestamp="2020-11-14T08:17:47Z" user="北巷猫眠" uid="1915680" lat="28.8106731" lon="104.6661433"/>
 <node id="6914368179" visible="true" version="3" changeset="105196947" timestamp="2021-05-24T05:47:03Z" user="富顺娃儿" uid="4897653" lat="28.8127446" lon="104.6696276"/>
 <node id="6914368180" visible="true" version="3" changeset="105196947" timestamp="2021-05-24T05:47:03Z" user="富顺娃儿" uid="4897653" lat="28.8122060" lon="104.6699373"/>
 <node id="6914368181" visible="true" version="3" changeset="105196947" timestamp="2021-05-24T05:47:03Z" user="富顺娃儿" uid="4897653" lat="28.8119947" lon="104.6694589"/>
 <node id="6914368182" visible="true" version="3" changeset="105196947" timestamp="2021-05-24T05:47:03Z" user="富顺娃儿" uid="4897653" lat="28.8125332" lon="104.6691491"/>
 <node id="6914368220" visible="true" version="3" changeset="105196947" timestamp="2021-05-24T05:47:03Z" user="富顺娃儿" uid="4897653" lat="28.8124216" lon="104.6704656"/>
 <node id="6914368221" visible="true" version="3" changeset="105196947" timestamp="2021-05-24T05:47:03Z" user="富顺娃儿" uid="4897653" lat="28.8129204" lon="104.6716275"/>
 <node id="6914368222" visible="true" version="3" changeset="105196947" timestamp="2021-05-24T05:47:03Z" user="富顺娃儿" uid="4897653" lat="28.8135572" lon="104.6712714"/>
 <node id="6914368223" visible="true" version="3" changeset="105196947" timestamp="2021-05-24T05:47:03Z" user="富顺娃儿" uid="4897653" lat="28.8130584" lon="104.6701095"/>
 <node id="6914368224" visible="true" version="3" changeset="105196947" timestamp="2021-05-24T05:47:03Z" user="富顺娃儿" uid="4897653" lat="28.8129562" lon="104.6697355"/>
 <node id="6914368225" visible="true" version="3" changeset="105196947" timestamp="2021-05-24T05:47:03Z" user="富顺娃儿" uid="4897653" lat="28.8124213" lon="104.6700358"/>
 <node id="6914368252" visible="true" version="3" changeset="105196947" timestamp="2021-05-24T05:47:03Z" user="富顺娃儿" uid="4897653" lat="28.8137678" lon="104.6704827"/>
 <node id="6914368253" visible="true" version="3" changeset="105196947" timestamp="2021-05-24T05:47:03Z" user="富顺娃儿" uid="4897653" lat="28.8135187" lon="104.6706211"/>
 <node id="6914368254" visible="true" version="3" changeset="105196947" timestamp="2021-05-24T05:47:03Z" user="富顺娃儿" uid="4897653" lat="28.8137403" lon="104.6711407"/>
 <node id="6914368255" visible="true" version="3" changeset="105196947" timestamp="2021-05-24T05:47:03Z" user="富顺娃儿" uid="4897653" lat="28.8140028" lon="104.6709949"/>
 <node id="6914368256" visible="true" version="3" changeset="105196947" timestamp="2021-05-24T05:47:03Z" user="富顺娃儿" uid="4897653" lat="28.8114430" lon="104.6666500"/>
 <node id="6914368257" visible="true" version="3" changeset="105196947" timestamp="2021-05-24T05:47:03Z" user="富顺娃儿" uid="4897653" lat="28.8113586" lon="104.6667218"/>
 <node id="6914368258" visible="true" version="2" changeset="94097879" timestamp="2020-11-14T08:17:47Z" user="北巷猫眠" uid="1915680" lat="28.8112200" lon="104.6667842"/>
 <node id="6914368259" visible="true" version="3" changeset="105196947" timestamp="2021-05-24T05:47:03Z" user="富顺娃儿" uid="4897653" lat="28.8110807" lon="104.6669384"/>
 <node id="6914368260" visible="true" version="3" changeset="105196947" timestamp="2021-05-24T05:47:03Z" user="富顺娃儿" uid="4897653" lat="28.8110066" lon="104.6670229"/>
 <node id="6914368261" visible="true" version="3" changeset="105196947" timestamp="2021-05-24T05:47:03Z" user="富顺娃儿" uid="4897653" lat="28.8108310" lon="104.6671158"/>
 <node id="6914368262" visible="true" version="3" changeset="105196947" timestamp="2021-05-24T05:47:03Z" user="富顺娃儿" uid="4897653" lat="28.8110232" lon="104.6678725"/>
 <node id="6914368263" visible="true" version="3" changeset="105196947" timestamp="2021-05-24T05:47:03Z" user="富顺娃儿" uid="4897653" lat="28.8111555" lon="104.6680260"/>
 <node id="6914368264" visible="true" version="3" changeset="105196947" timestamp="2021-05-24T05:47:03Z" user="富顺娃儿" uid="4897653" lat="28.8113055" lon="104.6681452"/>
 <node id="6914368265" visible="true" version="3" changeset="105196947" timestamp="2021-05-24T05:47:03Z" user="富顺娃儿" uid="4897653" lat="28.8114460" lon="104.6682521"/>
 <node id="6914368266" visible="true" version="3" changeset="105196947" timestamp="2021-05-24T05:47:03Z" user="富顺娃儿" uid="4897653" lat="28.8115829" lon="104.6682663"/>
 <node id="6914368267" visible="true" version="3" changeset="105196947" timestamp="2021-05-24T05:47:03Z" user="富顺娃儿" uid="4897653" lat="28.8118014" lon="104.6679221"/>
 <node id="6914368268" visible="true" version="2" changeset="94097879" timestamp="2020-11-14T08:17:47Z" user="北巷猫眠" uid="1915680" lat="28.8119136" lon="104.6677134"/>
 <node id="6914368269" visible="true" version="3" changeset="105196947" timestamp="2021-05-24T05:47:03Z" user="富顺娃儿" uid="4897653" lat="28.8120351" lon="104.6675325"/>
 <node id="6914368270" visible="true" version="3" changeset="105196947" timestamp="2021-05-24T05:47:03Z" user="富顺娃儿" uid="4897653" lat="28.8122609" lon="104.6673103"/>
 <node id="6914368271" visible="true" version="3" changeset="105196947" timestamp="2021-05-24T05:47:03Z" user="富顺娃儿" uid="4897653" lat="28.8122453" lon="104.6671104"/>
 <node id="6914368272" visible="true" version="3" changeset="105196947" timestamp="2021-05-24T05:47:03Z" user="富顺娃儿" uid="4897653" lat="28.8120628" lon="104.6669737"/>
 <node id="6914368273" visible="true" version="3" changeset="105196947" timestamp="2021-05-24T05:47:03Z" user="富顺娃儿" uid="4897653" lat="28.8119413" lon="104.6667949"/>
 <node id="6914368274" visible="true" version="3" changeset="105196947" timestamp="2021-05-24T05:47:03Z" user="富顺娃儿" uid="4897653" lat="28.8118533" lon="104.6664735"/>
 <node id="6914368275" visible="true" version="3" changeset="105196947" timestamp="2021-05-24T05:47:03Z" user="富顺娃儿" uid="4897653" lat="28.8114195" lon="104.6667552"/>
 <node id="6914368276" visible="true" version="3" changeset="105196947" timestamp="2021-05-24T05:47:03Z" user="富顺娃儿" uid="4897653" lat="28.8116282" lon="104.6667843"/>
 <node id="6914368277" visible="true" version="3" changeset="105196947" timestamp="2021-05-24T05:47:03Z" user="富顺娃儿" uid="4897653" lat="28.8118814" lon="104.6670029"/>
 <node id="6914368278" visible="true" version="3" changeset="105196947" timestamp="2021-05-24T05:47:03Z" user="富顺娃儿" uid="4897653" lat="28.8119158" lon="104.6671618"/>
 <node id="6914368279" visible="true" version="3" changeset="105196947" timestamp="2021-05-24T05:47:03Z" user="富顺娃儿" uid="4897653" lat="28.8119016" lon="104.6673732"/>
 <node id="6914368280" visible="true" version="3" changeset="105196947" timestamp="2021-05-24T05:47:03Z" user="富顺娃儿" uid="4897653" lat="28.8117757" lon="104.6676476"/>
 <node id="6914368281" visible="true" version="3" changeset="105196947" timestamp="2021-05-24T05:47:03Z" user="富顺娃儿" uid="4897653" lat="28.8116690" lon="104.6676416"/>
 <node id="6914368282" visible="true" version="3" changeset="105196947" timestamp="2021-05-24T05:47:03Z" user="富顺娃儿" uid="4897653" lat="28.8112948" lon="104.6674313"/>
 <node id="6914368283" visible="true" version="3" changeset="105196947" timestamp="2021-05-24T05:47:03Z" user="富顺娃儿" uid="4897653" lat="28.8111671" lon="104.6670791"/>
 <node id="7178886063" visible="true" version="5" changeset="145720969" timestamp="2023-12-31T06:00:27Z" user="VENTOX" uid="20683110" lat="28.8007497" lon="104.6663621"/>
 <node id="7178886064" visible="true" version="5" changeset="145720969" timestamp="2023-12-31T06:00:27Z" user="VENTOX" uid="20683110" lat="28.7995969" lon="104.6653008"/>
 <node id="7178886065" visible="true" version="3" changeset="145720969" timestamp="2023-12-31T06:00:27Z" user="VENTOX" uid="20683110" lat="28.7985818" lon="104.6645103"/>
 <node id="7178886066" visible="true" version="5" changeset="145720969" timestamp="2023-12-31T06:00:27Z" user="VENTOX" uid="20683110" lat="28.8006825" lon="104.6665682"/>
 <node id="7178886067" visible="true" version="5" changeset="145720969" timestamp="2023-12-31T06:00:27Z" user="VENTOX" uid="20683110" lat="28.7994409" lon="104.6653950"/>
 <node id="7178886068" visible="true" version="6" changeset="145720969" timestamp="2023-12-31T06:00:27Z" user="VENTOX" uid="20683110" lat="28.7984760" lon="104.6646530"/>
 <node id="7195208438" visible="true" version="2" changeset="86215981" timestamp="2020-06-05T03:03:03Z" user="北巷猫眠" uid="1915680" lat="28.8140311" lon="104.6755128"/>
 <node id="7195208439" visible="true" version="2" changeset="86215981" timestamp="2020-06-05T03:03:03Z" user="北巷猫眠" uid="1915680" lat="28.8136259" lon="104.6760412"/>
 <node id="7195208440" visible="true" version="2" changeset="86215981" timestamp="2020-06-05T03:03:03Z" user="北巷猫眠" uid="1915680" lat="28.8141001" lon="104.6768125"/>
 <node id="7195208441" visible="true" version="2" changeset="86215981" timestamp="2020-06-05T03:03:03Z" user="北巷猫眠" uid="1915680" lat="28.8145660" lon="104.6760471"/>
 <node id="7195208442" visible="true" version="2" changeset="86215981" timestamp="2020-06-05T03:03:03Z" user="北巷猫眠" uid="1915680" lat="28.8125754" lon="104.6753776"/>
 <node id="7195208443" visible="true" version="2" changeset="86215981" timestamp="2020-06-05T03:03:03Z" user="北巷猫眠" uid="1915680" lat="28.8116772" lon="104.6743684"/>
 <node id="7195208444" visible="true" version="2" changeset="86215981" timestamp="2020-06-05T03:03:03Z" user="北巷猫眠" uid="1915680" lat="28.8118828" lon="104.6740974"/>
 <node id="7195208445" visible="true" version="2" changeset="86215981" timestamp="2020-06-05T03:03:03Z" user="北巷猫眠" uid="1915680" lat="28.8120858" lon="104.6742991"/>
 <node id="7195208446" visible="true" version="2" changeset="86215981" timestamp="2020-06-05T03:03:03Z" user="北巷猫眠" uid="1915680" lat="28.8125932" lon="104.6734959"/>
 <node id="7195208447" visible="true" version="2" changeset="86215981" timestamp="2020-06-05T03:03:03Z" user="北巷猫眠" uid="1915680" lat="28.8127227" lon="104.6736189"/>
 <node id="7195208448" visible="true" version="2" changeset="86215981" timestamp="2020-06-05T03:03:03Z" user="北巷猫眠" uid="1915680" lat="28.8131169" lon="104.6731480"/>
 <node id="7195208449" visible="true" version="2" changeset="86215981" timestamp="2020-06-05T03:03:03Z" user="北巷猫眠" uid="1915680" lat="28.8135568" lon="104.6736351"/>
 <node id="7195208450" visible="true" version="2" changeset="86215981" timestamp="2020-06-05T03:03:03Z" user="北巷猫眠" uid="1915680" lat="28.8135829" lon="104.6738328"/>
 <node id="7195208451" visible="true" version="2" changeset="86215981" timestamp="2020-06-05T03:03:03Z" user="北巷猫眠" uid="1915680" lat="28.8132440" lon="104.6742085"/>
 <node id="7195208452" visible="true" version="2" changeset="86215981" timestamp="2020-06-05T03:03:03Z" user="北巷猫眠" uid="1915680" lat="28.8123042" lon="104.6739989"/>
 <node id="7195208453" visible="true" version="2" changeset="86215981" timestamp="2020-06-05T03:03:03Z" user="北巷猫眠" uid="1915680" lat="28.8123445" lon="104.6738128"/>
 <node id="7466147731" visible="true" version="1" changeset="84393622" timestamp="2020-04-30T08:11:43Z" user="katpatuka" uid="17497" lat="28.7989338" lon="104.6414777"/>
 <node id="7466178266" visible="true" version="1" changeset="84393622" timestamp="2020-04-30T08:11:45Z" user="katpatuka" uid="17497" lat="28.7972819" lon="104.6401941"/>
 <node id="7466180585" visible="true" version="2" changeset="145945861" timestamp="2024-01-06T06:45:38Z" user="VENTOX" uid="20683110" lat="28.8197596" lon="104.6934315"/>
 <node id="7466180622" visible="true" version="2" changeset="145945861" timestamp="2024-01-06T06:45:38Z" user="VENTOX" uid="20683110" lat="28.8275649" lon="104.6829956"/>
 <node id="7466180623" visible="true" version="2" changeset="145945861" timestamp="2024-01-06T06:45:38Z" user="VENTOX" uid="20683110" lat="28.8279103" lon="104.6826556"/>
 <node id="7466180624" visible="true" version="1" changeset="84393622" timestamp="2020-04-30T08:11:43Z" user="katpatuka" uid="17497" lat="28.8285918" lon="104.6825935"/>
 <node id="7466180625" visible="true" version="1" changeset="84393622" timestamp="2020-04-30T08:11:43Z" user="katpatuka" uid="17497" lat="28.8294181" lon="104.6826792"/>
 <node id="7466180626" visible="true" version="1" changeset="84393622" timestamp="2020-04-30T08:11:43Z" user="katpatuka" uid="17497" lat="28.8299442" lon="104.6829364"/>
 <node id="7466180627" visible="true" version="1" changeset="84393622" timestamp="2020-04-30T08:11:43Z" user="katpatuka" uid="17497" lat="28.8304690" lon="104.6833640"/>
 <node id="7466180628" visible="true" version="1" changeset="84393622" timestamp="2020-04-30T08:11:43Z" user="katpatuka" uid="17497" lat="28.8311450" lon="104.6836202"/>
 <node id="7466180629" visible="true" version="1" changeset="84393622" timestamp="2020-04-30T08:11:43Z" user="katpatuka" uid="17497" lat="28.8317450" lon="104.6839631"/>
 <node id="7466180630" visible="true" version="1" changeset="84393622" timestamp="2020-04-30T08:11:43Z" user="katpatuka" uid="17497" lat="28.8323465" lon="104.6839631"/>
 <node id="7466180631" visible="true" version="1" changeset="84393622" timestamp="2020-04-30T08:11:43Z" user="katpatuka" uid="17497" lat="28.8337003" lon="104.6835353"/>
 <node id="7466180632" visible="true" version="1" changeset="84393622" timestamp="2020-04-30T08:11:43Z" user="katpatuka" uid="17497" lat="28.8319285" lon="104.6814389"/>
 <node id="7466180633" visible="true" version="1" changeset="84393622" timestamp="2020-04-30T08:11:43Z" user="katpatuka" uid="17497" lat="28.8304277" lon="104.6803264"/>
 <node id="7466180634" visible="true" version="1" changeset="84393622" timestamp="2020-04-30T08:11:43Z" user="katpatuka" uid="17497" lat="28.8293786" lon="104.6787006"/>
 <node id="7466180635" visible="true" version="1" changeset="84393622" timestamp="2020-04-30T08:11:43Z" user="katpatuka" uid="17497" lat="28.8269774" lon="104.6770747"/>
 <node id="7466180636" visible="true" version="1" changeset="84393622" timestamp="2020-04-30T08:11:43Z" user="katpatuka" uid="17497" lat="28.8257016" lon="104.6758775"/>
 <node id="7466180637" visible="true" version="1" changeset="84393622" timestamp="2020-04-30T08:11:43Z" user="katpatuka" uid="17497" lat="28.8252516" lon="104.6755346"/>
 <node id="7466180638" visible="true" version="1" changeset="84393622" timestamp="2020-04-30T08:11:43Z" user="katpatuka" uid="17497" lat="28.8243527" lon="104.6742517"/>
 <node id="7466180639" visible="true" version="1" changeset="84393622" timestamp="2020-04-30T08:11:43Z" user="katpatuka" uid="17497" lat="28.8232281" lon="104.6728830"/>
 <node id="7466180640" visible="true" version="1" changeset="84393622" timestamp="2020-04-30T08:11:43Z" user="katpatuka" uid="17497" lat="28.8216533" lon="104.6712572"/>
 <node id="7466180641" visible="true" version="1" changeset="84393622" timestamp="2020-04-30T08:11:43Z" user="katpatuka" uid="17497" lat="28.8207535" lon="104.6699732"/>
 <node id="7466180642" visible="true" version="1" changeset="84393622" timestamp="2020-04-30T08:11:43Z" user="katpatuka" uid="17497" lat="28.8196292" lon="104.6684331"/>
 <node id="7466180643" visible="true" version="1" changeset="84393622" timestamp="2020-04-30T08:11:43Z" user="katpatuka" uid="17497" lat="28.8150564" lon="104.6637269"/>
 <node id="7466180644" visible="true" version="1" changeset="84393622" timestamp="2020-04-30T08:11:43Z" user="katpatuka" uid="17497" lat="28.8138575" lon="104.6620163"/>
 <node id="7466180645" visible="true" version="1" changeset="84393622" timestamp="2020-04-30T08:11:43Z" user="katpatuka" uid="17497" lat="28.8126584" lon="104.6603903"/>
 <node id="7466180646" visible="true" version="1" changeset="84393622" timestamp="2020-04-30T08:11:43Z" user="katpatuka" uid="17497" lat="28.8114571" lon="104.6593635"/>
 <node id="7466180647" visible="true" version="1" changeset="84393622" timestamp="2020-04-30T08:11:43Z" user="katpatuka" uid="17497" lat="28.8100325" lon="104.6575670"/>
 <node id="7466180648" visible="true" version="1" changeset="84393622" timestamp="2020-04-30T08:11:43Z" user="katpatuka" uid="17497" lat="28.8082319" lon="104.6558552"/>
 <node id="7466180649" visible="true" version="1" changeset="84393622" timestamp="2020-04-30T08:11:43Z" user="katpatuka" uid="17497" lat="28.8065838" lon="104.6532022"/>
 <node id="7466180650" visible="true" version="1" changeset="84393622" timestamp="2020-04-30T08:11:43Z" user="katpatuka" uid="17497" lat="28.8052336" lon="104.6515770"/>
 <node id="7466180651" visible="true" version="1" changeset="84393622" timestamp="2020-04-30T08:11:43Z" user="katpatuka" uid="17497" lat="28.8039583" lon="104.6499508"/>
 <node id="7466180652" visible="true" version="1" changeset="84393622" timestamp="2020-04-30T08:11:43Z" user="katpatuka" uid="17497" lat="28.8029099" lon="104.6477252"/>
 <node id="7466180653" visible="true" version="1" changeset="84393622" timestamp="2020-04-30T08:11:43Z" user="katpatuka" uid="17497" lat="28.8023106" lon="104.6463561"/>
 <node id="7466180654" visible="true" version="1" changeset="84393622" timestamp="2020-04-30T08:11:43Z" user="katpatuka" uid="17497" lat="28.8014838" lon="104.6447307"/>
 <node id="7466180655" visible="true" version="1" changeset="84393622" timestamp="2020-04-30T08:11:43Z" user="katpatuka" uid="17497" lat="28.8001343" lon="104.6425048"/>
 <node id="7467921970" visible="true" version="1" changeset="84428895" timestamp="2020-04-30T17:26:26Z" user="katpatuka" uid="17497" lat="28.9076616" lon="104.7491777"/>
 <node id="7470409275" visible="true" version="1" changeset="84467317" timestamp="2020-05-01T11:20:25Z" user="katpatuka" uid="17497" lat="28.8250400" lon="104.6790540">
  <tag k="power" v="tower"/>
 </node>
 <node id="7470409276" visible="true" version="1" changeset="84467317" timestamp="2020-05-01T11:20:25Z" user="katpatuka" uid="17497" lat="28.8222389" lon="104.6759534">
  <tag k="power" v="tower"/>
 </node>
 <node id="7470409277" visible="true" version="1" changeset="84467317" timestamp="2020-05-01T11:20:25Z" user="katpatuka" uid="17497" lat="28.8234609" lon="104.6751702">
  <tag k="power" v="tower"/>
 </node>
 <node id="7470409278" visible="true" version="1" changeset="84467317" timestamp="2020-05-01T11:20:25Z" user="katpatuka" uid="17497" lat="28.8213365" lon="104.6729761">
  <tag k="power" v="tower"/>
 </node>
 <node id="7470409279" visible="true" version="1" changeset="84467317" timestamp="2020-05-01T11:20:25Z" user="katpatuka" uid="17497" lat="28.8206268" lon="104.6720535">
  <tag k="power" v="tower"/>
 </node>
 <node id="7470410120" visible="true" version="1" changeset="84467317" timestamp="2020-05-01T11:20:27Z" user="katpatuka" uid="17497" lat="28.8040747" lon="104.6562847">
  <tag k="power" v="tower"/>
 </node>
 <node id="7470410121" visible="true" version="1" changeset="84467317" timestamp="2020-05-01T11:20:27Z" user="katpatuka" uid="17497" lat="28.8038279" lon="104.6556142">
  <tag k="power" v="tower"/>
 </node>
 <node id="7470410900" visible="true" version="1" changeset="84467317" timestamp="2020-05-01T11:20:25Z" user="katpatuka" uid="17497" lat="28.8191793" lon="104.6700793">
  <tag k="power" v="tower"/>
 </node>
 <node id="7470410902" visible="true" version="1" changeset="84467317" timestamp="2020-05-01T11:20:25Z" user="katpatuka" uid="17497" lat="28.8196352" lon="104.6730244">
  <tag k="power" v="tower"/>
 </node>
 <node id="7470410903" visible="true" version="2" changeset="131189637" timestamp="2023-01-12T13:43:41Z" user="Maps Man" uid="10216874" lat="28.8181358" lon="104.6713400">
  <tag k="power" v="tower"/>
 </node>
 <node id="7470410906" visible="true" version="1" changeset="84467317" timestamp="2020-05-01T11:20:25Z" user="katpatuka" uid="17497" lat="28.8170407" lon="104.6701115">
  <tag k="power" v="tower"/>
 </node>
 <node id="7470410907" visible="true" version="3" changeset="160056675" timestamp="2024-12-08T13:17:38Z" user="Kiana_Kaslana" uid="17877421" lat="28.8146399" lon="104.6714324"/>
 <node id="7470410908" visible="true" version="4" changeset="160056675" timestamp="2024-12-08T13:17:38Z" user="Kiana_Kaslana" uid="17877421" lat="28.8151697" lon="104.6701920"/>
 <node id="7470410909" visible="true" version="4" changeset="160056675" timestamp="2024-12-08T13:17:38Z" user="Kiana_Kaslana" uid="17877421" lat="28.8152514" lon="104.6702333"/>
 <node id="7470410910" visible="true" version="3" changeset="160056675" timestamp="2024-12-08T13:17:38Z" user="Kiana_Kaslana" uid="17877421" lat="28.8152793" lon="104.6706331"/>
 <node id="7470410911" visible="true" version="1" changeset="84467317" timestamp="2020-05-01T11:20:25Z" user="katpatuka" uid="17497" lat="28.8159926" lon="104.6694303"/>
 <node id="7470410912" visible="true" version="1" changeset="84467317" timestamp="2020-05-01T11:20:25Z" user="katpatuka" uid="17497" lat="28.8155602" lon="104.6690386"/>
 <node id="7470410913" visible="true" version="1" changeset="84467317" timestamp="2020-05-01T11:20:25Z" user="katpatuka" uid="17497" lat="28.8152406" lon="104.6683896"/>
 <node id="7470410914" visible="true" version="1" changeset="84467317" timestamp="2020-05-01T11:20:25Z" user="katpatuka" uid="17497" lat="28.8150902" lon="104.6684593"/>
 <node id="7470410915" visible="true" version="1" changeset="84467317" timestamp="2020-05-01T11:20:25Z" user="katpatuka" uid="17497" lat="28.8150056" lon="104.6685612"/>
 <node id="7470410916" visible="true" version="1" changeset="84467317" timestamp="2020-05-01T11:20:25Z" user="katpatuka" uid="17497" lat="28.8154051" lon="104.6694249"/>
 <node id="7470410917" visible="true" version="1" changeset="84467317" timestamp="2020-05-01T11:20:25Z" user="katpatuka" uid="17497" lat="28.8157200" lon="104.6697736"/>
 <node id="7470410918" visible="true" version="1" changeset="84467317" timestamp="2020-05-01T11:20:25Z" user="katpatuka" uid="17497" lat="28.8147612" lon="104.6678638"/>
 <node id="7470410919" visible="true" version="1" changeset="84467317" timestamp="2020-05-01T11:20:25Z" user="katpatuka" uid="17497" lat="28.8148317" lon="104.6677190"/>
 <node id="7470410920" visible="true" version="1" changeset="84467317" timestamp="2020-05-01T11:20:25Z" user="katpatuka" uid="17497" lat="28.8146107" lon="104.6671933"/>
 <node id="7470410921" visible="true" version="1" changeset="84467317" timestamp="2020-05-01T11:20:25Z" user="katpatuka" uid="17497" lat="28.8143898" lon="104.6668875"/>
 <node id="7470410922" visible="true" version="1" changeset="84467317" timestamp="2020-05-01T11:20:25Z" user="katpatuka" uid="17497" lat="28.8142864" lon="104.6665710"/>
 <node id="7470410923" visible="true" version="1" changeset="84467317" timestamp="2020-05-01T11:20:25Z" user="katpatuka" uid="17497" lat="28.8140185" lon="104.6667480"/>
 <node id="7470410924" visible="true" version="1" changeset="84467317" timestamp="2020-05-01T11:20:25Z" user="katpatuka" uid="17497" lat="28.8142347" lon="104.6670699"/>
 <node id="7470410925" visible="true" version="1" changeset="84467317" timestamp="2020-05-01T11:20:25Z" user="katpatuka" uid="17497" lat="28.8143616" lon="104.6674561"/>
 <node id="7470410926" visible="true" version="1" changeset="84467317" timestamp="2020-05-01T11:20:25Z" user="katpatuka" uid="17497" lat="28.8144603" lon="104.6676654"/>
 <node id="7470410927" visible="true" version="1" changeset="84467317" timestamp="2020-05-01T11:20:25Z" user="katpatuka" uid="17497" lat="28.8145731" lon="104.6679121"/>
 <node id="7470410928" visible="true" version="1" changeset="84467317" timestamp="2020-05-01T11:20:25Z" user="katpatuka" uid="17497" lat="28.8156871" lon="104.6677834">
  <tag k="power" v="tower"/>
 </node>
 <node id="7470410929" visible="true" version="1" changeset="84467317" timestamp="2020-05-01T11:20:25Z" user="katpatuka" uid="17497" lat="28.8166788" lon="104.6672738">
  <tag k="power" v="tower"/>
 </node>
 <node id="7470410930" visible="true" version="1" changeset="84467317" timestamp="2020-05-01T11:20:25Z" user="katpatuka" uid="17497" lat="28.8149257" lon="104.6636260">
  <tag k="power" v="tower"/>
 </node>
 <node id="7470410931" visible="true" version="1" changeset="84467317" timestamp="2020-05-01T11:20:25Z" user="katpatuka" uid="17497" lat="28.8104792" lon="104.6587014">
  <tag k="power" v="tower"/>
 </node>
 <node id="7470410932" visible="true" version="1" changeset="84467317" timestamp="2020-05-01T11:20:25Z" user="katpatuka" uid="17497" lat="28.8127447" lon="104.6600908">
  <tag k="power" v="tower"/>
 </node>
 <node id="7470410933" visible="true" version="1" changeset="84467317" timestamp="2020-05-01T11:20:25Z" user="katpatuka" uid="17497" lat="28.8136801" lon="104.6645379">
  <tag k="power" v="tower"/>
 </node>
 <node id="7470410934" visible="true" version="1" changeset="84467317" timestamp="2020-05-01T11:20:25Z" user="katpatuka" uid="17497" lat="28.8117671" lon="104.6623385">
  <tag k="power" v="tower"/>
 </node>
 <node id="7470410935" visible="true" version="1" changeset="84467317" timestamp="2020-05-01T11:20:25Z" user="katpatuka" uid="17497" lat="28.8083804" lon="104.6589938">
  <tag k="power" v="tower"/>
 </node>
 <node id="7470410936" visible="true" version="1" changeset="84467317" timestamp="2020-05-01T11:20:25Z" user="katpatuka" uid="17497" lat="28.8071959" lon="104.6579853">
  <tag k="power" v="tower"/>
 </node>
 <node id="7470410937" visible="true" version="1" changeset="84467317" timestamp="2020-05-01T11:20:25Z" user="katpatuka" uid="17497" lat="28.8050759" lon="104.6559280">
  <tag k="power" v="tower"/>
 </node>
 <node id="7470410938" visible="true" version="1" changeset="84467317" timestamp="2020-05-01T11:20:25Z" user="katpatuka" uid="17497" lat="28.8079856" lon="104.6568963">
  <tag k="power" v="tower"/>
 </node>
 <node id="7470410939" visible="true" version="1" changeset="84467317" timestamp="2020-05-01T11:20:25Z" user="katpatuka" uid="17497" lat="28.8070807" lon="104.6558610">
  <tag k="power" v="tower"/>
 </node>
 <node id="7470410940" visible="true" version="1" changeset="84467317" timestamp="2020-05-01T11:20:25Z" user="katpatuka" uid="17497" lat="28.8056047" lon="104.6539217">
  <tag k="power" v="tower"/>
 </node>
 <node id="7593916671" visible="true" version="1" changeset="86215981" timestamp="2020-06-05T03:03:03Z" user="北巷猫眠" uid="1915680" lat="28.8167615" lon="104.6742024"/>
 <node id="7593916672" visible="true" version="1" changeset="86215981" timestamp="2020-06-05T03:03:03Z" user="北巷猫眠" uid="1915680" lat="28.8169244" lon="104.6744934"/>
 <node id="7593916673" visible="true" version="1" changeset="86215981" timestamp="2020-06-05T03:03:03Z" user="北巷猫眠" uid="1915680" lat="28.8170711" lon="104.6746563"/>
 <node id="7593916678" visible="true" version="2" changeset="105196947" timestamp="2021-05-24T05:47:03Z" user="富顺娃儿" uid="4897653" lat="28.8160555" lon="104.6743648"/>
 <node id="7593934687" visible="true" version="2" changeset="105196947" timestamp="2021-05-24T05:47:03Z" user="富顺娃儿" uid="4897653" lat="28.8151415" lon="104.6732210"/>
 <node id="7593934688" visible="true" version="2" changeset="105196947" timestamp="2021-05-24T05:47:03Z" user="富顺娃儿" uid="4897653" lat="28.8150220" lon="104.6731806"/>
 <node id="7593934689" visible="true" version="1" changeset="86215981" timestamp="2020-06-05T03:03:03Z" user="北巷猫眠" uid="1915680" lat="28.8157618" lon="104.6705548"/>
 <node id="7593934690" visible="true" version="1" changeset="86215981" timestamp="2020-06-05T03:03:03Z" user="北巷猫眠" uid="1915680" lat="28.8162891" lon="104.6710844"/>
 <node id="7593934699" visible="true" version="2" changeset="105196947" timestamp="2021-05-24T05:47:03Z" user="富顺娃儿" uid="4897653" lat="28.8141616" lon="104.6723732"/>
 <node id="7593934700" visible="true" version="2" changeset="105196947" timestamp="2021-05-24T05:47:03Z" user="富顺娃儿" uid="4897653" lat="28.8140986" lon="104.6723886"/>
 <node id="7593934701" visible="true" version="2" changeset="105196947" timestamp="2021-05-24T05:47:03Z" user="富顺娃儿" uid="4897653" lat="28.8141236" lon="104.6723765"/>
 <node id="7593934702" visible="true" version="1" changeset="86215981" timestamp="2020-06-05T03:03:03Z" user="北巷猫眠" uid="1915680" lat="28.8154963" lon="104.6706687"/>
 <node id="7593934703" visible="true" version="1" changeset="86215981" timestamp="2020-06-05T03:03:03Z" user="北巷猫眠" uid="1915680" lat="28.8154510" lon="104.6706239"/>
 <node id="7593934704" visible="true" version="1" changeset="86215981" timestamp="2020-06-05T03:03:03Z" user="北巷猫眠" uid="1915680" lat="28.8143722" lon="104.6718838"/>
 <node id="7593934705" visible="true" version="4" changeset="160056675" timestamp="2024-12-08T13:17:38Z" user="Kiana_Kaslana" uid="17877421" lat="28.8138992" lon="104.6714285"/>
 <node id="7593934706" visible="true" version="3" changeset="160056675" timestamp="2024-12-08T13:17:38Z" user="Kiana_Kaslana" uid="17877421" lat="28.8150507" lon="104.6701927"/>
 <node id="7593934707" visible="true" version="3" changeset="160056675" timestamp="2024-12-08T13:17:38Z" user="Kiana_Kaslana" uid="17877421" lat="28.8153240" lon="104.6705132"/>
 <node id="7593934708" visible="true" version="3" changeset="105197395" timestamp="2021-05-24T05:53:46Z" user="富顺娃儿" uid="4897653" lat="28.8138674" lon="104.6712776"/>
 <node id="7593934709" visible="true" version="1" changeset="86215981" timestamp="2020-06-05T03:03:03Z" user="北巷猫眠" uid="1915680" lat="28.8108316" lon="104.6737931"/>
 <node id="7593934710" visible="true" version="1" changeset="86215981" timestamp="2020-06-05T03:03:03Z" user="北巷猫眠" uid="1915680" lat="28.8108431" lon="104.6740468"/>
 <node id="7593934711" visible="true" version="2" changeset="105196947" timestamp="2021-05-24T05:47:03Z" user="富顺娃儿" uid="4897653" lat="28.8113065" lon="104.6752058"/>
 <node id="7593934712" visible="true" version="1" changeset="86215981" timestamp="2020-06-05T03:03:03Z" user="北巷猫眠" uid="1915680" lat="28.8154338" lon="104.6748551"/>
 <node id="7593934713" visible="true" version="1" changeset="86215981" timestamp="2020-06-05T03:03:03Z" user="北巷猫眠" uid="1915680" lat="28.8156289" lon="104.6739338"/>
 <node id="7593934714" visible="true" version="1" changeset="86215981" timestamp="2020-06-05T03:03:03Z" user="北巷猫眠" uid="1915680" lat="28.8156150" lon="104.6738043"/>
 <node id="7593934715" visible="true" version="1" changeset="86215981" timestamp="2020-06-05T03:03:03Z" user="北巷猫眠" uid="1915680" lat="28.8150103" lon="104.6732386"/>
 <node id="7593934716" visible="true" version="1" changeset="86215981" timestamp="2020-06-05T03:03:03Z" user="北巷猫眠" uid="1915680" lat="28.8149092" lon="104.6732918"/>
 <node id="7593934717" visible="true" version="1" changeset="86215981" timestamp="2020-06-05T03:03:03Z" user="北巷猫眠" uid="1915680" lat="28.8150317" lon="104.6735927"/>
 <node id="7593934718" visible="true" version="1" changeset="86215981" timestamp="2020-06-05T03:03:03Z" user="北巷猫眠" uid="1915680" lat="28.8152186" lon="104.6738437"/>
 <node id="7593934719" visible="true" version="1" changeset="86215981" timestamp="2020-06-05T03:03:03Z" user="北巷猫眠" uid="1915680" lat="28.8154904" lon="104.6740557"/>
 <node id="7593934720" visible="true" version="1" changeset="86215981" timestamp="2020-06-05T03:03:03Z" user="北巷猫眠" uid="1915680" lat="28.8155403" lon="104.6741991"/>
 <node id="7593934721" visible="true" version="1" changeset="86215981" timestamp="2020-06-05T03:03:03Z" user="北巷猫眠" uid="1915680" lat="28.8152717" lon="104.6746973"/>
 <node id="7593934722" visible="true" version="1" changeset="86215981" timestamp="2020-06-05T03:03:03Z" user="北巷猫眠" uid="1915680" lat="28.8151918" lon="104.6747440"/>
 <node id="7593934723" visible="true" version="1" changeset="86215981" timestamp="2020-06-05T03:03:03Z" user="北巷猫眠" uid="1915680" lat="28.8142224" lon="104.6737107"/>
 <node id="7593934724" visible="true" version="1" changeset="86215981" timestamp="2020-06-05T03:03:03Z" user="北巷猫眠" uid="1915680" lat="28.8145842" lon="104.6761810"/>
 <node id="7593934725" visible="true" version="1" changeset="86215981" timestamp="2020-06-05T03:03:03Z" user="北巷猫眠" uid="1915680" lat="28.8136817" lon="104.6760970"/>
 <node id="7593934726" visible="true" version="1" changeset="86215981" timestamp="2020-06-05T03:03:03Z" user="北巷猫眠" uid="1915680" lat="28.8135772" lon="104.6762333"/>
 <node id="7593934727" visible="true" version="1" changeset="86215981" timestamp="2020-06-05T03:03:03Z" user="北巷猫眠" uid="1915680" lat="28.8136115" lon="104.6762674"/>
 <node id="7593934728" visible="true" version="1" changeset="86215981" timestamp="2020-06-05T03:03:03Z" user="北巷猫眠" uid="1915680" lat="28.8135866" lon="104.6762999"/>
 <node id="7593934729" visible="true" version="1" changeset="86215981" timestamp="2020-06-05T03:03:03Z" user="北巷猫眠" uid="1915680" lat="28.8145157" lon="104.6761127"/>
 <node id="7593934730" visible="true" version="1" changeset="86215981" timestamp="2020-06-05T03:03:03Z" user="北巷猫眠" uid="1915680" lat="28.8141767" lon="104.6768465"/>
 <node id="7593934731" visible="true" version="1" changeset="86215981" timestamp="2020-06-05T03:03:03Z" user="北巷猫眠" uid="1915680" lat="28.8140528" lon="104.6768628"/>
 <node id="7593934732" visible="true" version="1" changeset="86215981" timestamp="2020-06-05T03:03:03Z" user="北巷猫眠" uid="1915680" lat="28.8141399" lon="104.6768723"/>
 <node id="7593934733" visible="true" version="1" changeset="86215981" timestamp="2020-06-05T03:03:03Z" user="北巷猫眠" uid="1915680" lat="28.8137028" lon="104.6751698"/>
 <node id="7593934734" visible="true" version="1" changeset="86215981" timestamp="2020-06-05T03:03:03Z" user="北巷猫眠" uid="1915680" lat="28.8132937" lon="104.6757144"/>
 <node id="7593934735" visible="true" version="1" changeset="86215981" timestamp="2020-06-05T03:03:03Z" user="北巷猫眠" uid="1915680" lat="28.8132426" lon="104.6756644"/>
 <node id="7593934736" visible="true" version="1" changeset="86215981" timestamp="2020-06-05T03:03:03Z" user="北巷猫眠" uid="1915680" lat="28.8131496" lon="104.6757884"/>
 <node id="7593934737" visible="true" version="1" changeset="86215981" timestamp="2020-06-05T03:03:03Z" user="北巷猫眠" uid="1915680" lat="28.8126930" lon="104.6750745"/>
 <node id="7593934738" visible="true" version="1" changeset="86215981" timestamp="2020-06-05T03:03:03Z" user="北巷猫眠" uid="1915680" lat="28.8130296" lon="104.6746267"/>
 <node id="7593934739" visible="true" version="1" changeset="86215981" timestamp="2020-06-05T03:03:03Z" user="北巷猫眠" uid="1915680" lat="28.8130979" lon="104.6746936"/>
 <node id="7593934740" visible="true" version="1" changeset="86215981" timestamp="2020-06-05T03:03:03Z" user="北巷猫眠" uid="1915680" lat="28.8131480" lon="104.6746269"/>
 <node id="7593934741" visible="true" version="1" changeset="86215981" timestamp="2020-06-05T03:03:03Z" user="北巷猫眠" uid="1915680" lat="28.8126456" lon="104.6753384"/>
 <node id="7593934742" visible="true" version="1" changeset="86215981" timestamp="2020-06-05T03:03:03Z" user="北巷猫眠" uid="1915680" lat="28.8131038" lon="104.6757437"/>
 <node id="7593934743" visible="true" version="1" changeset="86215981" timestamp="2020-06-05T03:03:03Z" user="北巷猫眠" uid="1915680" lat="28.8130863" lon="104.6757671"/>
 <node id="7593934744" visible="true" version="1" changeset="86215981" timestamp="2020-06-05T03:03:03Z" user="北巷猫眠" uid="1915680" lat="28.8125887" lon="104.6752996"/>
 <node id="7593934745" visible="true" version="1" changeset="86215981" timestamp="2020-06-05T03:03:03Z" user="北巷猫眠" uid="1915680" lat="28.8123749" lon="104.6739273"/>
 <node id="7593934746" visible="true" version="1" changeset="86215981" timestamp="2020-06-05T03:03:03Z" user="北巷猫眠" uid="1915680" lat="28.8124040" lon="104.6739596"/>
 <node id="7593934747" visible="true" version="1" changeset="86215981" timestamp="2020-06-05T03:03:03Z" user="北巷猫眠" uid="1915680" lat="28.8136913" lon="104.6747065"/>
 <node id="7593934748" visible="true" version="1" changeset="86215981" timestamp="2020-06-05T03:03:03Z" user="北巷猫眠" uid="1915680" lat="28.8137204" lon="104.6746805"/>
 <node id="7594195670" visible="true" version="7" changeset="160138654" timestamp="2024-12-10T17:40:14Z" user="Kiana_Kaslana" uid="17877421" lat="28.8097282" lon="104.6737792">
  <tag k="bus" v="yes"/>
  <tag k="highway" v="bus_stop"/>
  <tag k="name" v="四川轻化工大学站"/>
  <tag k="public_transport" v="platform"/>
 </node>
 <node id="7594271957" visible="true" version="2" changeset="90479082" timestamp="2020-09-06T12:43:16Z" user="北巷猫眠" uid="1915680" lat="28.8121509" lon="104.6758001">
  <tag k="bus" v="yes"/>
  <tag k="highway" v="bus_stop"/>
  <tag k="name" v="西华大学（南门）"/>
  <tag k="public_transport" v="platform"/>
 </node>
 <node id="7617024098" visible="true" version="1" changeset="86588971" timestamp="2020-06-13T02:31:40Z" user="北巷猫眠" uid="1915680" lat="28.7961290" lon="104.6735329"/>
 <node id="7617024108" visible="true" version="6" changeset="160056675" timestamp="2024-12-08T13:17:38Z" user="Kiana_Kaslana" uid="17877421" lat="28.7963820" lon="104.6781549"/>
 <node id="7617024134" visible="true" version="5" changeset="160056675" timestamp="2024-12-08T13:17:38Z" user="Kiana_Kaslana" uid="17877421" lat="28.7961254" lon="104.6782543"/>
 <node id="7617024136" visible="true" version="5" changeset="160056675" timestamp="2024-12-08T13:17:38Z" user="Kiana_Kaslana" uid="17877421" lat="28.7961703" lon="104.6783845"/>
 <node id="7617024162" visible="true" version="1" changeset="86588971" timestamp="2020-06-13T02:31:40Z" user="北巷猫眠" uid="1915680" lat="28.7953305" lon="104.6741155"/>
 <node id="7617024163" visible="true" version="1" changeset="86588971" timestamp="2020-06-13T02:31:40Z" user="北巷猫眠" uid="1915680" lat="28.7953823" lon="104.6741926"/>
 <node id="7881016342" visible="true" version="1" changeset="90479082" timestamp="2020-09-06T12:43:16Z" user="北巷猫眠" uid="1915680" lat="28.8148335" lon="104.6748799"/>
 <node id="7881016343" visible="true" version="1" changeset="90479082" timestamp="2020-09-06T12:43:16Z" user="北巷猫眠" uid="1915680" lat="28.8148210" lon="104.6748859"/>
 <node id="7921843435" visible="true" version="2" changeset="105196947" timestamp="2021-05-24T05:47:03Z" user="富顺娃儿" uid="4897653" lat="28.8157078" lon="104.6737878"/>
 <node id="8017939056" visible="true" version="2" changeset="140724835" timestamp="2023-09-02T15:35:28Z" user="enldm" uid="20125208" lat="28.8170093" lon="104.6813728"/>
 <node id="8017939058" visible="true" version="2" changeset="140724835" timestamp="2023-09-02T15:35:28Z" user="enldm" uid="20125208" lat="28.8170791" lon="104.6811432"/>
 <node id="8017939059" visible="true" version="3" changeset="146234524" timestamp="2024-01-14T06:19:44Z" user="VENTOX" uid="20683110" lat="28.8210140" lon="104.6852644"/>
 <node id="8106148745" visible="true" version="1" changeset="93906084" timestamp="2020-11-11T07:31:45Z" user="北巷猫眠" uid="1915680" lat="28.8185740" lon="104.6757507"/>
 <node id="8106148746" visible="true" version="1" changeset="93906084" timestamp="2020-11-11T07:31:45Z" user="北巷猫眠" uid="1915680" lat="28.8205091" lon="104.6777059"/>
 <node id="8106148747" visible="true" version="2" changeset="93906132" timestamp="2020-11-11T07:32:17Z" user="北巷猫眠" uid="1915680" lat="28.8177768" lon="104.6812547"/>
 <node id="8106148748" visible="true" version="1" changeset="93906084" timestamp="2020-11-11T07:31:45Z" user="北巷猫眠" uid="1915680" lat="28.8201172" lon="104.6773297"/>
 <node id="8106148749" visible="true" version="1" changeset="93906084" timestamp="2020-11-11T07:31:45Z" user="北巷猫眠" uid="1915680" lat="28.8197701" lon="104.6771973"/>
 <node id="8106148750" visible="true" version="1" changeset="93906084" timestamp="2020-11-11T07:31:45Z" user="北巷猫眠" uid="1915680" lat="28.8185085" lon="104.6761956"/>
 <node id="8106148751" visible="true" version="1" changeset="93906084" timestamp="2020-11-11T07:31:45Z" user="北巷猫眠" uid="1915680" lat="28.8186075" lon="104.6766296"/>
 <node id="8106148752" visible="true" version="1" changeset="93906084" timestamp="2020-11-11T07:31:45Z" user="北巷猫眠" uid="1915680" lat="28.8188033" lon="104.6769692"/>
 <node id="8106148753" visible="true" version="1" changeset="93906084" timestamp="2020-11-11T07:31:45Z" user="北巷猫眠" uid="1915680" lat="28.8192038" lon="104.6771556"/>
 <node id="8106148754" visible="true" version="1" changeset="93906084" timestamp="2020-11-11T07:31:45Z" user="北巷猫眠" uid="1915680" lat="28.8194820" lon="104.6772210"/>
 <node id="8106169048" visible="true" version="1" changeset="93906162" timestamp="2020-11-11T07:32:54Z" user="北巷猫眠" uid="1915680" lat="28.8177935" lon="104.6751251"/>
 <node id="8106169049" visible="true" version="1" changeset="93906162" timestamp="2020-11-11T07:32:54Z" user="北巷猫眠" uid="1915680" lat="28.8182052" lon="104.6753783"/>
 <node id="8118014278" visible="true" version="3" changeset="110277725" timestamp="2021-08-26T10:08:26Z" user="北巷猫眠" uid="1915680" lat="28.8107057" lon="104.6744937">
  <tag k="bus" v="yes"/>
  <tag k="highway" v="bus_stop"/>
  <tag k="name" v="西华大学（南门）"/>
  <tag k="public_transport" v="platform"/>
 </node>
 <node id="8118018208" visible="true" version="2" changeset="105196947" timestamp="2021-05-24T05:47:03Z" user="富顺娃儿" uid="4897653" lat="28.8117264" lon="104.6694281"/>
 <node id="8118018209" visible="true" version="1" changeset="94098039" timestamp="2020-11-14T08:24:53Z" user="北巷猫眠" uid="1915680" lat="28.8126127" lon="104.6688889"/>
 <node id="8118018210" visible="true" version="1" changeset="94098039" timestamp="2020-11-14T08:24:53Z" user="北巷猫眠" uid="1915680" lat="28.8132307" lon="104.6685780"/>
 <node id="8118018211" visible="true" version="2" changeset="105196947" timestamp="2021-05-24T05:47:03Z" user="富顺娃儿" uid="4897653" lat="28.8132387" lon="104.6677040"/>
 <node id="8118018212" visible="true" version="1" changeset="94098039" timestamp="2020-11-14T08:24:53Z" user="北巷猫眠" uid="1915680" lat="28.8125306" lon="104.6689383"/>
 <node id="8118018213" visible="true" version="2" changeset="105196947" timestamp="2021-05-24T05:47:03Z" user="富顺娃儿" uid="4897653" lat="28.8129409" lon="104.6696883"/>
 <node id="8118018214" visible="true" version="1" changeset="94098039" timestamp="2020-11-14T08:24:53Z" user="北巷猫眠" uid="1915680" lat="28.8125917" lon="104.6688340"/>
 <node id="8118018215" visible="true" version="1" changeset="94098039" timestamp="2020-11-14T08:24:53Z" user="北巷猫眠" uid="1915680" lat="28.8128850" lon="104.6683332"/>
 <node id="8118018216" visible="true" version="1" changeset="94098039" timestamp="2020-11-14T08:24:53Z" user="北巷猫眠" uid="1915680" lat="28.8133832" lon="104.6686823"/>
 <node id="8118026230" visible="true" version="4" changeset="145720969" timestamp="2023-12-31T06:00:27Z" user="VENTOX" uid="20683110" lat="28.8072309" lon="104.6685073"/>
 <node id="8118026231" visible="true" version="4" changeset="145720969" timestamp="2023-12-31T06:00:27Z" user="VENTOX" uid="20683110" lat="28.8068852" lon="104.6687784"/>
 <node id="8118026233" visible="true" version="2" changeset="105196947" timestamp="2021-05-24T05:47:03Z" user="富顺娃儿" uid="4897653" lat="28.8071793" lon="104.6710550"/>
 <node id="8118026236" visible="true" version="2" changeset="105196947" timestamp="2021-05-24T05:47:03Z" user="富顺娃儿" uid="4897653" lat="28.8057164" lon="104.6691126"/>
 <node id="8118026237" visible="true" version="2" changeset="105196947" timestamp="2021-05-24T05:47:03Z" user="富顺娃儿" uid="4897653" lat="28.8057796" lon="104.6691554"/>
 <node id="8118026238" visible="true" version="2" changeset="105196947" timestamp="2021-05-24T05:47:03Z" user="富顺娃儿" uid="4897653" lat="28.8056400" lon="104.6690915"/>
 <node id="8118026239" visible="true" version="2" changeset="105196947" timestamp="2021-05-24T05:47:03Z" user="富顺娃儿" uid="4897653" lat="28.8046065" lon="104.6698788"/>
 <node id="8118026240" visible="true" version="2" changeset="105196947" timestamp="2021-05-24T05:47:03Z" user="富顺娃儿" uid="4897653" lat="28.8059180" lon="104.6700777"/>
 <node id="8118026241" visible="true" version="2" changeset="105196947" timestamp="2021-05-24T05:47:03Z" user="富顺娃儿" uid="4897653" lat="28.8057258" lon="104.6701884"/>
 <node id="8118026242" visible="true" version="2" changeset="105196947" timestamp="2021-05-24T05:47:03Z" user="富顺娃儿" uid="4897653" lat="28.8055555" lon="104.6703435"/>
 <node id="8118026243" visible="true" version="2" changeset="105196947" timestamp="2021-05-24T05:47:03Z" user="富顺娃儿" uid="4897653" lat="28.8053817" lon="104.6705238"/>
 <node id="8118026244" visible="true" version="2" changeset="105196947" timestamp="2021-05-24T05:47:03Z" user="富顺娃儿" uid="4897653" lat="28.8051981" lon="104.6706397"/>
 <node id="8118026245" visible="true" version="2" changeset="105196947" timestamp="2021-05-24T05:47:03Z" user="富顺娃儿" uid="4897653" lat="28.8061241" lon="104.6706714"/>
 <node id="8118026246" visible="true" version="2" changeset="105196947" timestamp="2021-05-24T05:47:03Z" user="富顺娃儿" uid="4897653" lat="28.8059259" lon="104.6707992"/>
 <node id="8118026247" visible="true" version="2" changeset="105196947" timestamp="2021-05-24T05:47:03Z" user="富顺娃儿" uid="4897653" lat="28.8057195" lon="104.6708638"/>
 <node id="8118026248" visible="true" version="2" changeset="105196947" timestamp="2021-05-24T05:47:03Z" user="富顺娃儿" uid="4897653" lat="28.8055177" lon="104.6709385"/>
 <node id="8118026249" visible="true" version="2" changeset="105196947" timestamp="2021-05-24T05:47:03Z" user="富顺娃儿" uid="4897653" lat="28.8053592" lon="104.6710423"/>
 <node id="8118026250" visible="true" version="2" changeset="105196947" timestamp="2021-05-24T05:47:03Z" user="富顺娃儿" uid="4897653" lat="28.8060290" lon="104.6707383"/>
 <node id="8118026251" visible="true" version="2" changeset="105196947" timestamp="2021-05-24T05:47:03Z" user="富顺娃儿" uid="4897653" lat="28.8062454" lon="104.6705704"/>
 <node id="8118026252" visible="true" version="2" changeset="105196947" timestamp="2021-05-24T05:47:03Z" user="富顺娃儿" uid="4897653" lat="28.8046289" lon="104.6700791"/>
 <node id="8118026253" visible="true" version="2" changeset="105196947" timestamp="2021-05-24T05:47:03Z" user="富顺娃儿" uid="4897653" lat="28.8056163" lon="104.6721578"/>
 <node id="8118026254" visible="true" version="2" changeset="105196947" timestamp="2021-05-24T05:47:03Z" user="富顺娃儿" uid="4897653" lat="28.8056762" lon="104.6721871"/>
 <node id="8118026255" visible="true" version="2" changeset="105196947" timestamp="2021-05-24T05:47:03Z" user="富顺娃儿" uid="4897653" lat="28.8058068" lon="104.6721689"/>
 <node id="8118026256" visible="true" version="2" changeset="105196947" timestamp="2021-05-24T05:47:03Z" user="富顺娃儿" uid="4897653" lat="28.8062418" lon="104.6718513"/>
 <node id="8118026257" visible="true" version="2" changeset="105196947" timestamp="2021-05-24T05:47:03Z" user="富顺娃儿" uid="4897653" lat="28.8067783" lon="104.6727851"/>
 <node id="8118026258" visible="true" version="2" changeset="105196947" timestamp="2021-05-24T05:47:03Z" user="富顺娃儿" uid="4897653" lat="28.8075006" lon="104.6730881"/>
 <node id="8118026259" visible="true" version="2" changeset="105196947" timestamp="2021-05-24T05:47:03Z" user="富顺娃儿" uid="4897653" lat="28.8073752" lon="104.6733260"/>
 <node id="8118026260" visible="true" version="2" changeset="105196947" timestamp="2021-05-24T05:47:03Z" user="富顺娃儿" uid="4897653" lat="28.8071619" lon="104.6728337"/>
 <node id="8118026261" visible="true" version="2" changeset="105196947" timestamp="2021-05-24T05:47:03Z" user="富顺娃儿" uid="4897653" lat="28.8073455" lon="104.6727301"/>
 <node id="8118026262" visible="true" version="2" changeset="105196947" timestamp="2021-05-24T05:47:03Z" user="富顺娃儿" uid="4897653" lat="28.8060525" lon="104.6744823"/>
 <node id="8118026264" visible="true" version="2" changeset="105196947" timestamp="2021-05-24T05:47:03Z" user="富顺娃儿" uid="4897653" lat="28.8063530" lon="104.6745820"/>
 <node id="8118026265" visible="true" version="2" changeset="105196947" timestamp="2021-05-24T05:47:03Z" user="富顺娃儿" uid="4897653" lat="28.8061695" lon="104.6745676"/>
 <node id="8118026266" visible="true" version="2" changeset="105196947" timestamp="2021-05-24T05:47:03Z" user="富顺娃儿" uid="4897653" lat="28.8062427" lon="104.6745849"/>
 <node id="8118026267" visible="true" version="2" changeset="105196947" timestamp="2021-05-24T05:47:03Z" user="富顺娃儿" uid="4897653" lat="28.8053060" lon="104.6739191"/>
 <node id="8118026268" visible="true" version="2" changeset="105196947" timestamp="2021-05-24T05:47:03Z" user="富顺娃儿" uid="4897653" lat="28.8054186" lon="104.6740841"/>
 <node id="8118026269" visible="true" version="2" changeset="105196947" timestamp="2021-05-24T05:47:03Z" user="富顺娃儿" uid="4897653" lat="28.8053660" lon="104.6740258"/>
 <node id="8118026272" visible="true" version="2" changeset="105196947" timestamp="2021-05-24T05:47:03Z" user="富顺娃儿" uid="4897653" lat="28.8046193" lon="104.6719972"/>
 <node id="8118026273" visible="true" version="2" changeset="105196947" timestamp="2021-05-24T05:47:03Z" user="富顺娃儿" uid="4897653" lat="28.8046456" lon="104.6721898"/>
 <node id="8118026274" visible="true" version="2" changeset="105196947" timestamp="2021-05-24T05:47:03Z" user="富顺娃儿" uid="4897653" lat="28.8046784" lon="104.6724020"/>
 <node id="8118026275" visible="true" version="2" changeset="105196947" timestamp="2021-05-24T05:47:03Z" user="富顺娃儿" uid="4897653" lat="28.8047454" lon="104.6726285"/>
 <node id="8118026276" visible="true" version="2" changeset="105196947" timestamp="2021-05-24T05:47:03Z" user="富顺娃儿" uid="4897653" lat="28.8062737" lon="104.6747088"/>
 <node id="8118026277" visible="true" version="2" changeset="105196947" timestamp="2021-05-24T05:47:03Z" user="富顺娃儿" uid="4897653" lat="28.8043808" lon="104.6718007"/>
 <node id="8118026278" visible="true" version="2" changeset="105196947" timestamp="2021-05-24T05:47:03Z" user="富顺娃儿" uid="4897653" lat="28.8043475" lon="104.6720919"/>
 <node id="8118026279" visible="true" version="2" changeset="105196947" timestamp="2021-05-24T05:47:03Z" user="富顺娃儿" uid="4897653" lat="28.8039612" lon="104.6710598"/>
 <node id="8118026280" visible="true" version="2" changeset="105196947" timestamp="2021-05-24T05:47:03Z" user="富顺娃儿" uid="4897653" lat="28.8038207" lon="104.6702382"/>
 <node id="8118026281" visible="true" version="2" changeset="105196947" timestamp="2021-05-24T05:47:03Z" user="富顺娃儿" uid="4897653" lat="28.8040116" lon="104.6706399"/>
 <node id="8118026282" visible="true" version="2" changeset="105196947" timestamp="2021-05-24T05:47:03Z" user="富顺娃儿" uid="4897653" lat="28.8040783" lon="104.6707463"/>
 <node id="8118026283" visible="true" version="2" changeset="105196947" timestamp="2021-05-24T05:47:03Z" user="富顺娃儿" uid="4897653" lat="28.8037534" lon="104.6700670"/>
 <node id="8118026287" visible="true" version="2" changeset="105196947" timestamp="2021-05-24T05:47:03Z" user="富顺娃儿" uid="4897653" lat="28.8033403" lon="104.6687171"/>
 <node id="8118026288" visible="true" version="2" changeset="105196947" timestamp="2021-05-24T05:47:03Z" user="富顺娃儿" uid="4897653" lat="28.8032956" lon="104.6688096"/>
 <node id="8118026289" visible="true" version="2" changeset="105196947" timestamp="2021-05-24T05:47:03Z" user="富顺娃儿" uid="4897653" lat="28.8032845" lon="104.6688965"/>
 <node id="8118026290" visible="true" version="2" changeset="105196947" timestamp="2021-05-24T05:47:03Z" user="富顺娃儿" uid="4897653" lat="28.8046220" lon="104.6697911"/>
 <node id="8118026294" visible="true" version="2" changeset="105196947" timestamp="2021-05-24T05:47:03Z" user="富顺娃儿" uid="4897653" lat="28.8070906" lon="104.6734913"/>
 <node id="8118026295" visible="true" version="2" changeset="105196947" timestamp="2021-05-24T05:47:03Z" user="富顺娃儿" uid="4897653" lat="28.8062152" lon="104.6739966"/>
 <node id="8118026296" visible="true" version="2" changeset="105196947" timestamp="2021-05-24T05:47:03Z" user="富顺娃儿" uid="4897653" lat="28.8056271" lon="104.6742159"/>
 <node id="8118026297" visible="true" version="2" changeset="105196947" timestamp="2021-05-24T05:47:03Z" user="富顺娃儿" uid="4897653" lat="28.8059847" lon="104.6743798"/>
 <node id="8118026298" visible="true" version="2" changeset="105196947" timestamp="2021-05-24T05:47:03Z" user="富顺娃儿" uid="4897653" lat="28.8062898" lon="104.6742160"/>
 <node id="8118026300" visible="true" version="2" changeset="105196947" timestamp="2021-05-24T05:47:03Z" user="富顺娃儿" uid="4897653" lat="28.8091458" lon="104.6732427"/>
 <node id="8118026301" visible="true" version="2" changeset="105196947" timestamp="2021-05-24T05:47:03Z" user="富顺娃儿" uid="4897653" lat="28.8091404" lon="104.6733030"/>
 <node id="8118026302" visible="true" version="2" changeset="105196947" timestamp="2021-05-24T05:47:03Z" user="富顺娃儿" uid="4897653" lat="28.8091162" lon="104.6733533"/>
 <node id="8118026303" visible="true" version="2" changeset="105196947" timestamp="2021-05-24T05:47:03Z" user="富顺娃儿" uid="4897653" lat="28.8090698" lon="104.6733941"/>
 <node id="8118026308" visible="true" version="2" changeset="105196947" timestamp="2021-05-24T05:47:03Z" user="富顺娃儿" uid="4897653" lat="28.8079644" lon="104.6712720"/>
 <node id="8118026309" visible="true" version="2" changeset="105196947" timestamp="2021-05-24T05:47:03Z" user="富顺娃儿" uid="4897653" lat="28.8081304" lon="104.6715179"/>
 <node id="8118026311" visible="true" version="4" changeset="163638229" timestamp="2025-03-15T07:01:42Z" user="enldm" uid="20125208" lat="28.8103311" lon="104.6694242"/>
 <node id="8118026314" visible="true" version="2" changeset="105196947" timestamp="2021-05-24T05:47:03Z" user="富顺娃儿" uid="4897653" lat="28.8094888" lon="104.6702732"/>
 <node id="8118026315" visible="true" version="2" changeset="105196947" timestamp="2021-05-24T05:47:03Z" user="富顺娃儿" uid="4897653" lat="28.8096521" lon="104.6701532"/>
 <node id="8118026316" visible="true" version="2" changeset="105196947" timestamp="2021-05-24T05:47:03Z" user="富顺娃儿" uid="4897653" lat="28.8091339" lon="104.6670999"/>
 <node id="8118027919" visible="true" version="3" changeset="145720969" timestamp="2023-12-31T06:00:27Z" user="VENTOX" uid="20683110" lat="28.8094802" lon="104.6669352"/>
 <node id="8118027920" visible="true" version="2" changeset="105196947" timestamp="2021-05-24T05:47:03Z" user="富顺娃儿" uid="4897653" lat="28.8097608" lon="104.6658587"/>
 <node id="8118027922" visible="true" version="2" changeset="105196947" timestamp="2021-05-24T05:47:03Z" user="富顺娃儿" uid="4897653" lat="28.8078025" lon="104.6640816"/>
 <node id="8118027923" visible="true" version="2" changeset="105196947" timestamp="2021-05-24T05:47:03Z" user="富顺娃儿" uid="4897653" lat="28.8075177" lon="104.6640766"/>
 <node id="8118027924" visible="true" version="3" changeset="110277725" timestamp="2021-08-26T10:08:26Z" user="北巷猫眠" uid="1915680" lat="28.8064162" lon="104.6652908"/>
 <node id="8118027925" visible="true" version="3" changeset="110277725" timestamp="2021-08-26T10:08:26Z" user="北巷猫眠" uid="1915680" lat="28.8063983" lon="104.6658100"/>
 <node id="8118027927" visible="true" version="2" changeset="105196947" timestamp="2021-05-24T05:47:03Z" user="富顺娃儿" uid="4897653" lat="28.8079252" lon="104.6671596"/>
 <node id="8118027928" visible="true" version="2" changeset="105196947" timestamp="2021-05-24T05:47:03Z" user="富顺娃儿" uid="4897653" lat="28.8073330" lon="104.6674691"/>
 <node id="8118027929" visible="true" version="2" changeset="105196947" timestamp="2021-05-24T05:47:03Z" user="富顺娃儿" uid="4897653" lat="28.8070684" lon="104.6668097"/>
 <node id="8118027930" visible="true" version="2" changeset="105196947" timestamp="2021-05-24T05:47:03Z" user="富顺娃儿" uid="4897653" lat="28.8076607" lon="104.6665003"/>
 <node id="8118027934" visible="true" version="2" changeset="105196947" timestamp="2021-05-24T05:47:03Z" user="富顺娃儿" uid="4897653" lat="28.8086421" lon="104.6738783"/>
 <node id="8118027935" visible="true" version="2" changeset="105196947" timestamp="2021-05-24T05:47:03Z" user="富顺娃儿" uid="4897653" lat="28.8076557" lon="104.6743315"/>
 <node id="8118027936" visible="true" version="2" changeset="105196947" timestamp="2021-05-24T05:47:03Z" user="富顺娃儿" uid="4897653" lat="28.8067453" lon="104.6746775"/>
 <node id="8118027938" visible="true" version="3" changeset="105197395" timestamp="2021-05-24T05:53:46Z" user="富顺娃儿" uid="4897653" lat="28.8096898" lon="104.6735301"/>
 <node id="8118027943" visible="true" version="2" changeset="105196947" timestamp="2021-05-24T05:47:03Z" user="富顺娃儿" uid="4897653" lat="28.8096938" lon="104.6716302"/>
 <node id="8118027944" visible="true" version="2" changeset="105196947" timestamp="2021-05-24T05:47:03Z" user="富顺娃儿" uid="4897653" lat="28.8100499" lon="104.6720591"/>
 <node id="8118027945" visible="true" version="2" changeset="105196947" timestamp="2021-05-24T05:47:03Z" user="富顺娃儿" uid="4897653" lat="28.8103227" lon="104.6721371"/>
 <node id="8118027946" visible="true" version="3" changeset="105197395" timestamp="2021-05-24T05:53:46Z" user="富顺娃儿" uid="4897653" lat="28.8112223" lon="104.6717091"/>
 <node id="8118027948" visible="true" version="2" changeset="105196947" timestamp="2021-05-24T05:47:03Z" user="富顺娃儿" uid="4897653" lat="28.8113337" lon="104.6705828"/>
 <node id="8118027949" visible="true" version="2" changeset="105196947" timestamp="2021-05-24T05:47:03Z" user="富顺娃儿" uid="4897653" lat="28.8109348" lon="104.6707998"/>
 <node id="8118027950" visible="true" version="2" changeset="105196947" timestamp="2021-05-24T05:47:03Z" user="富顺娃儿" uid="4897653" lat="28.8112162" lon="104.6714736"/>
 <node id="8118027951" visible="true" version="2" changeset="105196947" timestamp="2021-05-24T05:47:03Z" user="富顺娃儿" uid="4897653" lat="28.8116152" lon="104.6712565"/>
 <node id="8118027953" visible="true" version="2" changeset="105196947" timestamp="2021-05-24T05:47:03Z" user="富顺娃儿" uid="4897653" lat="28.8080580" lon="104.6705124"/>
 <node id="8118027954" visible="true" version="2" changeset="105196947" timestamp="2021-05-24T05:47:03Z" user="富顺娃儿" uid="4897653" lat="28.8082619" lon="104.6704434"/>
 <node id="8118027955" visible="true" version="2" changeset="105196947" timestamp="2021-05-24T05:47:03Z" user="富顺娃儿" uid="4897653" lat="28.8078123" lon="104.6706329"/>
 <node id="8118027957" visible="true" version="3" changeset="170415430" timestamp="2025-08-14T03:40:19Z" user="没时间了" uid="23188738" lat="28.8095482" lon="104.6698979"/>
 <node id="8118027958" visible="true" version="3" changeset="170415430" timestamp="2025-08-14T03:40:19Z" user="没时间了" uid="23188738" lat="28.8088078" lon="104.6703167"/>
 <node id="8118027963" visible="true" version="3" changeset="170415430" timestamp="2025-08-14T03:40:19Z" user="没时间了" uid="23188738" lat="28.8085467" lon="104.6697157"/>
 <node id="8118027964" visible="true" version="3" changeset="170415430" timestamp="2025-08-14T03:40:19Z" user="没时间了" uid="23188738" lat="28.8092871" lon="104.6692968"/>
 <node id="8118027965" visible="true" version="2" changeset="105196947" timestamp="2021-05-24T05:47:03Z" user="富顺娃儿" uid="4897653" lat="28.8056842" lon="104.6655977"/>
 <node id="8118027967" visible="true" version="2" changeset="105196947" timestamp="2021-05-24T05:47:03Z" user="富顺娃儿" uid="4897653" lat="28.8118985" lon="104.6727602"/>
 <node id="8118027968" visible="true" version="2" changeset="105196947" timestamp="2021-05-24T05:47:03Z" user="富顺娃儿" uid="4897653" lat="28.8131047" lon="104.6700784"/>
 <node id="8118027969" visible="true" version="2" changeset="105196947" timestamp="2021-05-24T05:47:03Z" user="富顺娃儿" uid="4897653" lat="28.8125708" lon="104.6703785"/>
 <node id="8118027970" visible="true" version="2" changeset="105196947" timestamp="2021-05-24T05:47:03Z" user="富顺娃儿" uid="4897653" lat="28.8141226" lon="104.6704955"/>
 <node id="8118027971" visible="true" version="2" changeset="105196947" timestamp="2021-05-24T05:47:03Z" user="富顺娃儿" uid="4897653" lat="28.8141988" lon="104.6706741"/>
 <node id="8118027972" visible="true" version="2" changeset="105196947" timestamp="2021-05-24T05:47:03Z" user="富顺娃儿" uid="4897653" lat="28.8138402" lon="104.6706524"/>
 <node id="8118027973" visible="true" version="2" changeset="105196947" timestamp="2021-05-24T05:47:03Z" user="富顺娃儿" uid="4897653" lat="28.8139298" lon="104.6708235"/>
 <node id="8118027998" visible="true" version="2" changeset="105196947" timestamp="2021-05-24T05:47:03Z" user="富顺娃儿" uid="4897653" lat="28.8137854" lon="104.6681222"/>
 <node id="8118027999" visible="true" version="2" changeset="105196947" timestamp="2021-05-24T05:47:03Z" user="富顺娃儿" uid="4897653" lat="28.8146173" lon="104.6689738"/>
 <node id="8118028000" visible="true" version="1" changeset="94097879" timestamp="2020-11-14T08:17:47Z" user="北巷猫眠" uid="1915680" lat="28.8149640" lon="104.6692729"/>
 <node id="8118028001" visible="true" version="1" changeset="94097879" timestamp="2020-11-14T08:17:47Z" user="北巷猫眠" uid="1915680" lat="28.8150429" lon="104.6695249"/>
 <node id="8118028002" visible="true" version="3" changeset="105197395" timestamp="2021-05-24T05:53:46Z" user="富顺娃儿" uid="4897653" lat="28.8147948" lon="104.6701792"/>
 <node id="8118028003" visible="true" version="3" changeset="146234473" timestamp="2024-01-14T06:15:03Z" user="VENTOX" uid="20683110" lat="28.8143470" lon="104.6687320"/>
 <node id="8118028004" visible="true" version="2" changeset="105196947" timestamp="2021-05-24T05:47:03Z" user="富顺娃儿" uid="4897653" lat="28.8116876" lon="104.6682238"/>
 <node id="8118028005" visible="true" version="2" changeset="105196947" timestamp="2021-05-24T05:47:03Z" user="富顺娃儿" uid="4897653" lat="28.8107966" lon="104.6673689"/>
 <node id="8118028006" visible="true" version="2" changeset="105196947" timestamp="2021-05-24T05:47:03Z" user="富顺娃儿" uid="4897653" lat="28.8108949" lon="104.6676693"/>
 <node id="8118028007" visible="true" version="2" changeset="105196947" timestamp="2021-05-24T05:47:03Z" user="富顺娃儿" uid="4897653" lat="28.8113347" lon="104.6667421"/>
 <node id="8118028008" visible="true" version="2" changeset="105196947" timestamp="2021-05-24T05:47:03Z" user="富顺娃儿" uid="4897653" lat="28.8114671" lon="104.6665377"/>
 <node id="8118028009" visible="true" version="2" changeset="105196947" timestamp="2021-05-24T05:47:03Z" user="富顺娃儿" uid="4897653" lat="28.8114644" lon="104.6664398"/>
 <node id="8118028010" visible="true" version="2" changeset="105196947" timestamp="2021-05-24T05:47:03Z" user="富顺娃儿" uid="4897653" lat="28.8115927" lon="104.6662654"/>
 <node id="8118028011" visible="true" version="2" changeset="105196947" timestamp="2021-05-24T05:47:03Z" user="富顺娃儿" uid="4897653" lat="28.8116898" lon="104.6662692"/>
 <node id="8118028012" visible="true" version="2" changeset="105196947" timestamp="2021-05-24T05:47:03Z" user="富顺娃儿" uid="4897653" lat="28.8117591" lon="104.6663226"/>
 <node id="8118028013" visible="true" version="2" changeset="105196947" timestamp="2021-05-24T05:47:03Z" user="富顺娃儿" uid="4897653" lat="28.8121715" lon="104.6670697"/>
 <node id="8118028014" visible="true" version="2" changeset="105196947" timestamp="2021-05-24T05:47:03Z" user="富顺娃儿" uid="4897653" lat="28.8122880" lon="104.6672355"/>
 <node id="8118028015" visible="true" version="2" changeset="105196947" timestamp="2021-05-24T05:47:03Z" user="富顺娃儿" uid="4897653" lat="28.8121626" lon="104.6674136"/>
 <node id="8118028016" visible="true" version="2" changeset="105196947" timestamp="2021-05-24T05:47:03Z" user="富顺娃儿" uid="4897653" lat="28.8115152" lon="104.6667466"/>
 <node id="8118028017" visible="true" version="2" changeset="105196947" timestamp="2021-05-24T05:47:03Z" user="富顺娃儿" uid="4897653" lat="28.8117777" lon="104.6668649"/>
 <node id="8118028018" visible="true" version="2" changeset="105196947" timestamp="2021-05-24T05:47:03Z" user="富顺娃儿" uid="4897653" lat="28.8118822" lon="104.6675434"/>
 <node id="8118028019" visible="true" version="2" changeset="105196947" timestamp="2021-05-24T05:47:03Z" user="富顺娃儿" uid="4897653" lat="28.8115159" lon="104.6675299"/>
 <node id="8118028020" visible="true" version="2" changeset="105196947" timestamp="2021-05-24T05:47:03Z" user="富顺娃儿" uid="4897653" lat="28.8111944" lon="104.6672581"/>
 <node id="8118028021" visible="true" version="2" changeset="105196947" timestamp="2021-05-24T05:47:03Z" user="富顺娃儿" uid="4897653" lat="28.8112750" lon="104.6668248"/>
 <node id="8118028022" visible="true" version="2" changeset="105196947" timestamp="2021-05-24T05:47:03Z" user="富顺娃儿" uid="4897653" lat="28.8112027" lon="104.6669102"/>
 <node id="8118028024" visible="true" version="2" changeset="105196947" timestamp="2021-05-24T05:47:03Z" user="富顺娃儿" uid="4897653" lat="28.8106144" lon="104.6677567"/>
 <node id="8118028025" visible="true" version="3" changeset="145720969" timestamp="2023-12-31T06:00:27Z" user="VENTOX" uid="20683110" lat="28.8101693" lon="104.6665322"/>
 <node id="8118028026" visible="true" version="2" changeset="105196947" timestamp="2021-05-24T05:47:03Z" user="富顺娃儿" uid="4897653" lat="28.8122722" lon="104.6666224"/>
 <node id="8118028027" visible="true" version="2" changeset="105196947" timestamp="2021-05-24T05:47:03Z" user="富顺娃儿" uid="4897653" lat="28.8120743" lon="104.6662385"/>
 <node id="8118028028" visible="true" version="1" changeset="94097879" timestamp="2020-11-14T08:17:47Z" user="北巷猫眠" uid="1915680" lat="28.8123927" lon="104.6667962"/>
 <node id="8118028029" visible="true" version="3" changeset="146234473" timestamp="2024-01-14T06:15:03Z" user="VENTOX" uid="20683110" lat="28.8125801" lon="104.6662513"/>
 <node id="8118028030" visible="true" version="3" changeset="146234473" timestamp="2024-01-14T06:15:03Z" user="VENTOX" uid="20683110" lat="28.8125181" lon="104.6648906"/>
 <node id="8118028031" visible="true" version="2" changeset="105196947" timestamp="2021-05-24T05:47:03Z" user="富顺娃儿" uid="4897653" lat="28.8123683" lon="104.6648050"/>
 <node id="8118028034" visible="true" version="2" changeset="105196947" timestamp="2021-05-24T05:47:03Z" user="富顺娃儿" uid="4897653" lat="28.8113258" lon="104.6645469"/>
 <node id="8118028036" visible="true" version="2" changeset="105196947" timestamp="2021-05-24T05:47:03Z" user="富顺娃儿" uid="4897653" lat="28.8123420" lon="104.6645463"/>
 <node id="8118028037" visible="true" version="2" changeset="105196947" timestamp="2021-05-24T05:47:03Z" user="富顺娃儿" uid="4897653" lat="28.8108904" lon="104.6628974"/>
 <node id="8118028038" visible="true" version="2" changeset="105196947" timestamp="2021-05-24T05:47:03Z" user="富顺娃儿" uid="4897653" lat="28.8106111" lon="104.6629263"/>
 <node id="8118028039" visible="true" version="2" changeset="105196947" timestamp="2021-05-24T05:47:03Z" user="富顺娃儿" uid="4897653" lat="28.8107676" lon="104.6628002"/>
 <node id="8118028040" visible="true" version="2" changeset="105196947" timestamp="2021-05-24T05:47:03Z" user="富顺娃儿" uid="4897653" lat="28.8107394" lon="104.6628023"/>
 <node id="8118028042" visible="true" version="2" changeset="105196947" timestamp="2021-05-24T05:47:03Z" user="富顺娃儿" uid="4897653" lat="28.8112595" lon="104.6644591"/>
 <node id="8118028043" visible="true" version="2" changeset="105196947" timestamp="2021-05-24T05:47:03Z" user="富顺娃儿" uid="4897653" lat="28.8107613" lon="104.6649768"/>
 <node id="8118028044" visible="true" version="2" changeset="105196947" timestamp="2021-05-24T05:47:03Z" user="富顺娃儿" uid="4897653" lat="28.8107190" lon="104.6650690"/>
 <node id="8118028045" visible="true" version="1" changeset="94097879" timestamp="2020-11-14T08:17:47Z" user="北巷猫眠" uid="1915680" lat="28.8107138" lon="104.6651386"/>
 <node id="8118028046" visible="true" version="1" changeset="94097879" timestamp="2020-11-14T08:17:47Z" user="北巷猫眠" uid="1915680" lat="28.8107301" lon="104.6652192"/>
 <node id="8118028047" visible="true" version="2" changeset="105196947" timestamp="2021-05-24T05:47:03Z" user="富顺娃儿" uid="4897653" lat="28.8130247" lon="104.6696415"/>
 <node id="8118028048" visible="true" version="2" changeset="105196947" timestamp="2021-05-24T05:47:03Z" user="富顺娃儿" uid="4897653" lat="28.8135840" lon="104.6708643"/>
 <node id="8118028049" visible="true" version="2" changeset="105196947" timestamp="2021-05-24T05:47:03Z" user="富顺娃儿" uid="4897653" lat="28.8136419" lon="104.6710912"/>
 <node id="8118028050" visible="true" version="2" changeset="105196947" timestamp="2021-05-24T05:47:03Z" user="富顺娃儿" uid="4897653" lat="28.8136142" lon="104.6712875"/>
 <node id="8118028051" visible="true" version="2" changeset="105196947" timestamp="2021-05-24T05:47:03Z" user="富顺娃儿" uid="4897653" lat="28.8134914" lon="104.6714063"/>
 <node id="8118028052" visible="true" version="2" changeset="105196947" timestamp="2021-05-24T05:47:03Z" user="富顺娃儿" uid="4897653" lat="28.8128448" lon="104.6718135"/>
 <node id="8118028060" visible="true" version="2" changeset="105196947" timestamp="2021-05-24T05:47:03Z" user="富顺娃儿" uid="4897653" lat="28.8120208" lon="104.6699885"/>
 <node id="8118028061" visible="true" version="3" changeset="131167816" timestamp="2023-01-12T02:42:30Z" user="Maps Man" uid="10216874" lat="28.8104073" lon="104.6708584">
  <tag k="highway" v="crossing"/>
 </node>
 <node id="8118028062" visible="true" version="2" changeset="105196947" timestamp="2021-05-24T05:47:03Z" user="富顺娃儿" uid="4897653" lat="28.8062687" lon="104.6702711"/>
 <node id="8118028063" visible="true" version="3" changeset="105197395" timestamp="2021-05-24T05:53:46Z" user="富顺娃儿" uid="4897653" lat="28.8070452" lon="104.6698254"/>
 <node id="8118028064" visible="true" version="3" changeset="163638229" timestamp="2025-03-15T07:01:42Z" user="enldm" uid="20125208" lat="28.8091875" lon="104.6685702"/>
 <node id="8118028065" visible="true" version="3" changeset="145720969" timestamp="2023-12-31T06:00:27Z" user="VENTOX" uid="20683110" lat="28.8086000" lon="104.6671569"/>
 <node id="8118028066" visible="true" version="3" changeset="163638229" timestamp="2025-03-15T07:01:42Z" user="enldm" uid="20125208" lat="28.8098235" lon="104.6700305"/>
 <node id="8118028067" visible="true" version="2" changeset="105196947" timestamp="2021-05-24T05:47:03Z" user="富顺娃儿" uid="4897653" lat="28.8064214" lon="104.6706282"/>
 <node id="8118028068" visible="true" version="2" changeset="105196947" timestamp="2021-05-24T05:47:03Z" user="富顺娃儿" uid="4897653" lat="28.8055020" lon="104.6711884"/>
 <node id="8118028070" visible="true" version="2" changeset="105196947" timestamp="2021-05-24T05:47:03Z" user="富顺娃儿" uid="4897653" lat="28.8053115" lon="104.6713697"/>
 <node id="8118028071" visible="true" version="2" changeset="105196947" timestamp="2021-05-24T05:47:03Z" user="富顺娃儿" uid="4897653" lat="28.8052369" lon="104.6714609"/>
 <node id="8118028072" visible="true" version="2" changeset="105196947" timestamp="2021-05-24T05:47:03Z" user="富顺娃儿" uid="4897653" lat="28.8060525" lon="104.6697557"/>
 <node id="8118028073" visible="true" version="2" changeset="105196947" timestamp="2021-05-24T05:47:03Z" user="富顺娃儿" uid="4897653" lat="28.8048657" lon="104.6705967"/>
 <node id="8118028074" visible="true" version="2" changeset="105196947" timestamp="2021-05-24T05:47:03Z" user="富顺娃儿" uid="4897653" lat="28.8058229" lon="104.6699796"/>
 <node id="8118028075" visible="true" version="2" changeset="105196947" timestamp="2021-05-24T05:47:03Z" user="富顺娃儿" uid="4897653" lat="28.8061691" lon="104.6707730"/>
 <node id="8118028076" visible="true" version="2" changeset="105196947" timestamp="2021-05-24T05:47:03Z" user="富顺娃儿" uid="4897653" lat="28.8053942" lon="104.6703001"/>
 <node id="8118028077" visible="true" version="2" changeset="105196947" timestamp="2021-05-24T05:47:03Z" user="富顺娃儿" uid="4897653" lat="28.8057302" lon="104.6710183"/>
 <node id="8118028078" visible="true" version="2" changeset="105196947" timestamp="2021-05-24T05:47:03Z" user="富顺娃儿" uid="4897653" lat="28.8068907" lon="104.6713762"/>
 <node id="8118028079" visible="true" version="2" changeset="105196947" timestamp="2021-05-24T05:47:03Z" user="富顺娃儿" uid="4897653" lat="28.8074136" lon="104.6720480"/>
 <node id="8118028080" visible="true" version="2" changeset="105196947" timestamp="2021-05-24T05:47:03Z" user="富顺娃儿" uid="4897653" lat="28.8077959" lon="104.6730880"/>
 <node id="8118028081" visible="true" version="2" changeset="105196947" timestamp="2021-05-24T05:47:03Z" user="富顺娃儿" uid="4897653" lat="28.8078241" lon="104.6732234"/>
 <node id="8118028082" visible="true" version="2" changeset="105196947" timestamp="2021-05-24T05:47:03Z" user="富顺娃儿" uid="4897653" lat="28.8081226" lon="104.6739368"/>
 <node id="8118028083" visible="true" version="2" changeset="105196947" timestamp="2021-05-24T05:47:03Z" user="富顺娃儿" uid="4897653" lat="28.8074701" lon="104.6722015"/>
 <node id="8118028085" visible="true" version="2" changeset="105196947" timestamp="2021-05-24T05:47:03Z" user="富顺娃儿" uid="4897653" lat="28.8078093" lon="104.6731521"/>
 <node id="8118028086" visible="true" version="2" changeset="105196947" timestamp="2021-05-24T05:47:03Z" user="富顺娃儿" uid="4897653" lat="28.8075382" lon="104.6723824"/>
 <node id="8118028087" visible="true" version="2" changeset="105196947" timestamp="2021-05-24T05:47:03Z" user="富顺娃儿" uid="4897653" lat="28.8073086" lon="104.6724320"/>
 <node id="8118028088" visible="true" version="2" changeset="105196947" timestamp="2021-05-24T05:47:03Z" user="富顺娃儿" uid="4897653" lat="28.8071935" lon="104.6724445"/>
 <node id="8118028089" visible="true" version="2" changeset="105196947" timestamp="2021-05-24T05:47:03Z" user="富顺娃儿" uid="4897653" lat="28.8071168" lon="104.6724977"/>
 <node id="8118028090" visible="true" version="2" changeset="105196947" timestamp="2021-05-24T05:47:03Z" user="富顺娃儿" uid="4897653" lat="28.8070620" lon="104.6725852"/>
 <node id="8118028091" visible="true" version="2" changeset="105196947" timestamp="2021-05-24T05:47:03Z" user="富顺娃儿" uid="4897653" lat="28.8035813" lon="104.6685480"/>
 <node id="8118028092" visible="true" version="2" changeset="105196947" timestamp="2021-05-24T05:47:03Z" user="富顺娃儿" uid="4897653" lat="28.8038874" lon="104.6691897"/>
 <node id="8118028093" visible="true" version="2" changeset="105196947" timestamp="2021-05-24T05:47:03Z" user="富顺娃儿" uid="4897653" lat="28.8042441" lon="104.6689651"/>
 <node id="8118028096" visible="true" version="2" changeset="105196947" timestamp="2021-05-24T05:47:03Z" user="富顺娃儿" uid="4897653" lat="28.8044106" lon="104.6693489"/>
 <node id="8118028097" visible="true" version="2" changeset="105196947" timestamp="2021-05-24T05:47:03Z" user="富顺娃儿" uid="4897653" lat="28.8044288" lon="104.6694458"/>
 <node id="8118028098" visible="true" version="2" changeset="105196947" timestamp="2021-05-24T05:47:03Z" user="富顺娃儿" uid="4897653" lat="28.8044398" lon="104.6695151"/>
 <node id="8118028099" visible="true" version="2" changeset="105196947" timestamp="2021-05-24T05:47:03Z" user="富顺娃儿" uid="4897653" lat="28.8044328" lon="104.6696240"/>
 <node id="8118028100" visible="true" version="2" changeset="105196947" timestamp="2021-05-24T05:47:03Z" user="富顺娃儿" uid="4897653" lat="28.8043922" lon="104.6696883"/>
 <node id="8118028101" visible="true" version="2" changeset="105196947" timestamp="2021-05-24T05:47:03Z" user="富顺娃儿" uid="4897653" lat="28.8043087" lon="104.6697625"/>
 <node id="8118028102" visible="true" version="2" changeset="105196947" timestamp="2021-05-24T05:47:03Z" user="富顺娃儿" uid="4897653" lat="28.8039265" lon="104.6691800"/>
 <node id="8118028103" visible="true" version="2" changeset="105196947" timestamp="2021-05-24T05:47:03Z" user="富顺娃儿" uid="4897653" lat="28.8038552" lon="104.6691603"/>
 <node id="8118028104" visible="true" version="2" changeset="105196947" timestamp="2021-05-24T05:47:03Z" user="富顺娃儿" uid="4897653" lat="28.8039075" lon="104.6691881"/>
 <node id="8118028105" visible="true" version="2" changeset="105196947" timestamp="2021-05-24T05:47:03Z" user="富顺娃儿" uid="4897653" lat="28.8038696" lon="104.6691813"/>
 <node id="8118028106" visible="true" version="3" changeset="105197395" timestamp="2021-05-24T05:53:46Z" user="富顺娃儿" uid="4897653" lat="28.8064556" lon="104.6688542"/>
 <node id="8118028107" visible="true" version="2" changeset="105196947" timestamp="2021-05-24T05:47:03Z" user="富顺娃儿" uid="4897653" lat="28.8062731" lon="104.6688449"/>
 <node id="8118028108" visible="true" version="2" changeset="105196947" timestamp="2021-05-24T05:47:03Z" user="富顺娃儿" uid="4897653" lat="28.8061007" lon="104.6688693"/>
 <node id="8118028109" visible="true" version="2" changeset="105196947" timestamp="2021-05-24T05:47:03Z" user="富顺娃儿" uid="4897653" lat="28.8058352" lon="104.6689924"/>
 <node id="8118028110" visible="true" version="2" changeset="105196947" timestamp="2021-05-24T05:47:03Z" user="富顺娃儿" uid="4897653" lat="28.8061869" lon="104.6688510"/>
 <node id="8118028111" visible="true" version="2" changeset="105196947" timestamp="2021-05-24T05:47:03Z" user="富顺娃儿" uid="4897653" lat="28.8063602" lon="104.6688551"/>
 <node id="8118028112" visible="true" version="2" changeset="105196947" timestamp="2021-05-24T05:47:03Z" user="富顺娃儿" uid="4897653" lat="28.8060541" lon="104.6692139"/>
 <node id="8118028113" visible="true" version="2" changeset="105196947" timestamp="2021-05-24T05:47:03Z" user="富顺娃儿" uid="4897653" lat="28.8064153" lon="104.6690016"/>
 <node id="8118028114" visible="true" version="2" changeset="105196947" timestamp="2021-05-24T05:47:03Z" user="富顺娃儿" uid="4897653" lat="28.8067295" lon="104.6696979"/>
 <node id="8118028115" visible="true" version="2" changeset="105196947" timestamp="2021-05-24T05:47:03Z" user="富顺娃儿" uid="4897653" lat="28.8063682" lon="104.6699101"/>
 <node id="8118028116" visible="true" version="1" changeset="94097879" timestamp="2020-11-14T08:17:47Z" user="北巷猫眠" uid="1915680" lat="28.8090745" lon="104.6659859">
  <tag k="amenity" v="shelter"/>
 </node>
 <node id="8118028117" visible="true" version="2" changeset="105196947" timestamp="2021-05-24T05:47:03Z" user="富顺娃儿" uid="4897653" lat="28.8119897" lon="104.6638856"/>
 <node id="8118028120" visible="true" version="2" changeset="105196947" timestamp="2021-05-24T05:47:03Z" user="富顺娃儿" uid="4897653" lat="28.8096983" lon="104.6630022"/>
 <node id="8118028121" visible="true" version="2" changeset="105196947" timestamp="2021-05-24T05:47:03Z" user="富顺娃儿" uid="4897653" lat="28.8103844" lon="104.6629643"/>
 <node id="8118028122" visible="true" version="1" changeset="94097879" timestamp="2020-11-14T08:17:47Z" user="北巷猫眠" uid="1915680" lat="28.8107503" lon="104.6625778"/>
 <node id="8118028124" visible="true" version="2" changeset="105196947" timestamp="2021-05-24T05:47:03Z" user="富顺娃儿" uid="4897653" lat="28.8079809" lon="104.6692984"/>
 <node id="8118028127" visible="true" version="2" changeset="163638229" timestamp="2025-03-15T07:01:42Z" user="enldm" uid="20125208" lat="28.8111600" lon="104.6704241"/>
 <node id="8118032717" visible="true" version="2" changeset="105196947" timestamp="2021-05-24T05:47:03Z" user="富顺娃儿" uid="4897653" lat="28.8136326" lon="104.6692799"/>
 <node id="8118032718" visible="true" version="2" changeset="105196947" timestamp="2021-05-24T05:47:03Z" user="富顺娃儿" uid="4897653" lat="28.8112215" lon="104.6632363"/>
 <node id="8118032719" visible="true" version="2" changeset="105196947" timestamp="2021-05-24T05:47:03Z" user="富顺娃儿" uid="4897653" lat="28.8107129" lon="104.6638816"/>
 <node id="8118032720" visible="true" version="2" changeset="105196947" timestamp="2021-05-24T05:47:03Z" user="富顺娃儿" uid="4897653" lat="28.8106852" lon="104.6638559"/>
 <node id="8118032721" visible="true" version="1" changeset="94098039" timestamp="2020-11-14T08:24:53Z" user="北巷猫眠" uid="1915680" lat="28.8102160" lon="104.6644234"/>
 <node id="8118032722" visible="true" version="1" changeset="94098039" timestamp="2020-11-14T08:24:53Z" user="北巷猫眠" uid="1915680" lat="28.8104621" lon="104.6641115"/>
 <node id="8118032723" visible="true" version="2" changeset="105196947" timestamp="2021-05-24T05:47:03Z" user="富顺娃儿" uid="4897653" lat="28.8110331" lon="104.6646894"/>
 <node id="8118032724" visible="true" version="1" changeset="94098039" timestamp="2020-11-14T08:24:53Z" user="北巷猫眠" uid="1915680" lat="28.8101648" lon="104.6645849"/>
 <node id="8118032725" visible="true" version="1" changeset="94098039" timestamp="2020-11-14T08:24:53Z" user="北巷猫眠" uid="1915680" lat="28.8097353" lon="104.6651363"/>
 <node id="8118032726" visible="true" version="1" changeset="94098039" timestamp="2020-11-14T08:24:53Z" user="北巷猫眠" uid="1915680" lat="28.8096402" lon="104.6652477"/>
 <node id="8118032727" visible="true" version="1" changeset="94098039" timestamp="2020-11-14T08:24:53Z" user="北巷猫眠" uid="1915680" lat="28.8099379" lon="104.6657043"/>
 <node id="8118032728" visible="true" version="1" changeset="94098039" timestamp="2020-11-14T08:24:53Z" user="北巷猫眠" uid="1915680" lat="28.8107685" lon="104.6653157"/>
 <node id="8118032729" visible="true" version="1" changeset="94098039" timestamp="2020-11-14T08:24:53Z" user="北巷猫眠" uid="1915680" lat="28.8105454" lon="104.6654286"/>
 <node id="8118032730" visible="true" version="1" changeset="94098039" timestamp="2020-11-14T08:24:53Z" user="北巷猫眠" uid="1915680" lat="28.8104527" lon="104.6654704"/>
 <node id="8118032731" visible="true" version="1" changeset="94098039" timestamp="2020-11-14T08:24:53Z" user="北巷猫眠" uid="1915680" lat="28.8103770" lon="104.6654593"/>
 <node id="8118032732" visible="true" version="1" changeset="94098039" timestamp="2020-11-14T08:24:53Z" user="北巷猫眠" uid="1915680" lat="28.8103014" lon="104.6654370"/>
 <node id="8118032733" visible="true" version="1" changeset="94098039" timestamp="2020-11-14T08:24:53Z" user="北巷猫眠" uid="1915680" lat="28.8102160" lon="104.6654203"/>
 <node id="8118032734" visible="true" version="1" changeset="94098039" timestamp="2020-11-14T08:24:53Z" user="北巷猫眠" uid="1915680" lat="28.8100598" lon="104.6652839"/>
 <node id="8118032735" visible="true" version="1" changeset="94098039" timestamp="2020-11-14T08:24:53Z" user="北巷猫眠" uid="1915680" lat="28.8099745" lon="104.6651530"/>
 <node id="8118032736" visible="true" version="1" changeset="94098039" timestamp="2020-11-14T08:24:53Z" user="北巷猫眠" uid="1915680" lat="28.8098478" lon="104.6649920"/>
 <node id="8118032737" visible="true" version="1" changeset="94098039" timestamp="2020-11-14T08:24:53Z" user="北巷猫眠" uid="1915680" lat="28.8097183" lon="104.6648467"/>
 <node id="8118032738" visible="true" version="1" changeset="94098039" timestamp="2020-11-14T08:24:53Z" user="北巷猫眠" uid="1915680" lat="28.8095816" lon="104.6647130"/>
 <node id="8118032739" visible="true" version="1" changeset="94098039" timestamp="2020-11-14T08:24:53Z" user="北巷猫眠" uid="1915680" lat="28.8095255" lon="104.6646573"/>
 <node id="8118032740" visible="true" version="1" changeset="94098039" timestamp="2020-11-14T08:24:53Z" user="北巷猫眠" uid="1915680" lat="28.8094255" lon="104.6646100"/>
 <node id="8118032741" visible="true" version="1" changeset="94098039" timestamp="2020-11-14T08:24:53Z" user="北巷猫眠" uid="1915680" lat="28.8093523" lon="104.6645822"/>
 <node id="8118032742" visible="true" version="2" changeset="105196947" timestamp="2021-05-24T05:47:03Z" user="富顺娃儿" uid="4897653" lat="28.8092264" lon="104.6644545"/>
 <node id="8118032743" visible="true" version="1" changeset="94098039" timestamp="2020-11-14T08:24:53Z" user="北巷猫眠" uid="1915680" lat="28.8106186" lon="104.6656653"/>
 <node id="8118032744" visible="true" version="1" changeset="94098039" timestamp="2020-11-14T08:24:53Z" user="北巷猫眠" uid="1915680" lat="28.8106088" lon="104.6657099"/>
 <node id="8118032745" visible="true" version="1" changeset="94098039" timestamp="2020-11-14T08:24:53Z" user="北巷猫眠" uid="1915680" lat="28.8105747" lon="104.6657405"/>
 <node id="8118032746" visible="true" version="1" changeset="94098039" timestamp="2020-11-14T08:24:53Z" user="北巷猫眠" uid="1915680" lat="28.8105527" lon="104.6657767"/>
 <node id="8118032747" visible="true" version="2" changeset="105196947" timestamp="2021-05-24T05:47:03Z" user="富顺娃儿" uid="4897653" lat="28.8109631" lon="104.6656512"/>
 <node id="8118032748" visible="true" version="1" changeset="94098039" timestamp="2020-11-14T08:24:53Z" user="北巷猫眠" uid="1915680" lat="28.8108211" lon="104.6657349"/>
 <node id="8118032749" visible="true" version="1" changeset="94098039" timestamp="2020-11-14T08:24:53Z" user="北巷猫眠" uid="1915680" lat="28.8107210" lon="104.6657461"/>
 <node id="8118032750" visible="true" version="1" changeset="94098039" timestamp="2020-11-14T08:24:53Z" user="北巷猫眠" uid="1915680" lat="28.8106405" lon="104.6657294"/>
 <node id="8118032751" visible="true" version="1" changeset="94098039" timestamp="2020-11-14T08:24:53Z" user="北巷猫眠" uid="1915680" lat="28.8104771" lon="104.6657489"/>
 <node id="8118032752" visible="true" version="1" changeset="94098039" timestamp="2020-11-14T08:24:53Z" user="北巷猫眠" uid="1915680" lat="28.8104112" lon="104.6657294"/>
 <node id="8118032753" visible="true" version="1" changeset="94098039" timestamp="2020-11-14T08:24:53Z" user="北巷猫眠" uid="1915680" lat="28.8103477" lon="104.6657210"/>
 <node id="8118032754" visible="true" version="1" changeset="94098039" timestamp="2020-11-14T08:24:53Z" user="北巷猫眠" uid="1915680" lat="28.8102990" lon="104.6657517"/>
 <node id="8118032755" visible="true" version="1" changeset="94098039" timestamp="2020-11-14T08:24:53Z" user="北巷猫眠" uid="1915680" lat="28.8102526" lon="104.6657990"/>
 <node id="8118032756" visible="true" version="1" changeset="94098039" timestamp="2020-11-14T08:24:53Z" user="北巷猫眠" uid="1915680" lat="28.8102111" lon="104.6658185"/>
 <node id="8118032757" visible="true" version="1" changeset="94098039" timestamp="2020-11-14T08:24:53Z" user="北巷猫眠" uid="1915680" lat="28.8100720" lon="104.6658296"/>
 <node id="8118032758" visible="true" version="1" changeset="94098039" timestamp="2020-11-14T08:24:53Z" user="北巷猫眠" uid="1915680" lat="28.8100062" lon="104.6658157"/>
 <node id="8118032759" visible="true" version="1" changeset="94098039" timestamp="2020-11-14T08:24:53Z" user="北巷猫眠" uid="1915680" lat="28.8099623" lon="104.6657628"/>
 <node id="8118032760" visible="true" version="1" changeset="94098039" timestamp="2020-11-14T08:24:53Z" user="北巷猫眠" uid="1915680" lat="28.8096825" lon="104.6648117"/>
 <node id="8118032761" visible="true" version="1" changeset="94098039" timestamp="2020-11-14T08:24:53Z" user="北巷猫眠" uid="1915680" lat="28.8096426" lon="104.6648745"/>
 <node id="8118032762" visible="true" version="1" changeset="94098039" timestamp="2020-11-14T08:24:53Z" user="北巷猫眠" uid="1915680" lat="28.8096402" lon="104.6649609"/>
 <node id="8118032763" visible="true" version="1" changeset="94098039" timestamp="2020-11-14T08:24:53Z" user="北巷猫眠" uid="1915680" lat="28.8096573" lon="104.6649943"/>
 <node id="8118032764" visible="true" version="1" changeset="94098039" timestamp="2020-11-14T08:24:53Z" user="北巷猫眠" uid="1915680" lat="28.8099720" lon="104.6653423"/>
 <node id="8118032765" visible="true" version="1" changeset="94098039" timestamp="2020-11-14T08:24:53Z" user="北巷猫眠" uid="1915680" lat="28.8098964" lon="104.6654231"/>
 <node id="8118032766" visible="true" version="1" changeset="94098039" timestamp="2020-11-14T08:24:53Z" user="北巷猫眠" uid="1915680" lat="28.8100525" lon="104.6655679"/>
 <node id="8118032767" visible="true" version="1" changeset="94098039" timestamp="2020-11-14T08:24:53Z" user="北巷猫眠" uid="1915680" lat="28.8095719" lon="104.6651892"/>
 <node id="8118032768" visible="true" version="1" changeset="94098039" timestamp="2020-11-14T08:24:53Z" user="北巷猫眠" uid="1915680" lat="28.8094889" lon="104.6651558"/>
 <node id="8118032769" visible="true" version="1" changeset="94098039" timestamp="2020-11-14T08:24:53Z" user="北巷猫眠" uid="1915680" lat="28.8094352" lon="104.6651307"/>
 <node id="8118032770" visible="true" version="1" changeset="94098039" timestamp="2020-11-14T08:24:53Z" user="北巷猫眠" uid="1915680" lat="28.8093669" lon="104.6650583"/>
 <node id="8118032771" visible="true" version="1" changeset="94098039" timestamp="2020-11-14T08:24:53Z" user="北巷猫眠" uid="1915680" lat="28.8092718" lon="104.6649469"/>
 <node id="8118032772" visible="true" version="1" changeset="94098039" timestamp="2020-11-14T08:24:53Z" user="北巷猫眠" uid="1915680" lat="28.8091986" lon="104.6648857"/>
 <node id="8118032773" visible="true" version="1" changeset="94098039" timestamp="2020-11-14T08:24:53Z" user="北巷猫眠" uid="1915680" lat="28.8089756" lon="104.6647523"/>
 <node id="8118032774" visible="true" version="2" changeset="105196947" timestamp="2021-05-24T05:47:03Z" user="富顺娃儿" uid="4897653" lat="28.8083734" lon="104.6644589"/>
 <node id="8118032775" visible="true" version="1" changeset="94098039" timestamp="2020-11-14T08:24:53Z" user="北巷猫眠" uid="1915680" lat="28.8081177" lon="104.6645293"/>
 <node id="8118032776" visible="true" version="1" changeset="94098039" timestamp="2020-11-14T08:24:53Z" user="北巷猫眠" uid="1915680" lat="28.8080396" lon="104.6645822"/>
 <node id="8118032777" visible="true" version="1" changeset="94098039" timestamp="2020-11-14T08:24:53Z" user="北巷猫眠" uid="1915680" lat="28.8079713" lon="104.6646991"/>
 <node id="8118032778" visible="true" version="1" changeset="94098039" timestamp="2020-11-14T08:24:53Z" user="北巷猫眠" uid="1915680" lat="28.8078835" lon="104.6648773"/>
 <node id="8118032779" visible="true" version="1" changeset="94098039" timestamp="2020-11-14T08:24:53Z" user="北巷猫眠" uid="1915680" lat="28.8083422" lon="104.6652198"/>
 <node id="8118032780" visible="true" version="1" changeset="94098039" timestamp="2020-11-14T08:24:53Z" user="北巷猫眠" uid="1915680" lat="28.8084056" lon="104.6653757"/>
 <node id="8118032781" visible="true" version="1" changeset="94098039" timestamp="2020-11-14T08:24:53Z" user="北巷猫眠" uid="1915680" lat="28.8084642" lon="104.6654481"/>
 <node id="8118032782" visible="true" version="1" changeset="94098039" timestamp="2020-11-14T08:24:53Z" user="北巷猫眠" uid="1915680" lat="28.8085398" lon="104.6654788"/>
 <node id="8118032783" visible="true" version="1" changeset="94098039" timestamp="2020-11-14T08:24:53Z" user="北巷猫眠" uid="1915680" lat="28.8086423" lon="104.6654788"/>
 <node id="8118032784" visible="true" version="1" changeset="94098039" timestamp="2020-11-14T08:24:53Z" user="北巷猫眠" uid="1915680" lat="28.8087155" lon="104.6655150"/>
 <node id="8118032785" visible="true" version="1" changeset="94098039" timestamp="2020-11-14T08:24:53Z" user="北巷猫眠" uid="1915680" lat="28.8087936" lon="104.6655818"/>
 <node id="8118032786" visible="true" version="1" changeset="94098039" timestamp="2020-11-14T08:24:53Z" user="北巷猫眠" uid="1915680" lat="28.8088936" lon="104.6657294"/>
 <node id="8118032787" visible="true" version="1" changeset="94098039" timestamp="2020-11-14T08:24:53Z" user="北巷猫眠" uid="1915680" lat="28.8089692" lon="104.6658157"/>
 <node id="8118032788" visible="true" version="1" changeset="94098039" timestamp="2020-11-14T08:24:53Z" user="北巷猫眠" uid="1915680" lat="28.8090302" lon="104.6658686"/>
 <node id="8118032789" visible="true" version="1" changeset="94098039" timestamp="2020-11-14T08:24:53Z" user="北巷猫眠" uid="1915680" lat="28.8091010" lon="104.6660914"/>
 <node id="8118032790" visible="true" version="1" changeset="94098039" timestamp="2020-11-14T08:24:53Z" user="北巷猫眠" uid="1915680" lat="28.8091522" lon="104.6662445"/>
 <node id="8118032791" visible="true" version="1" changeset="94098039" timestamp="2020-11-14T08:24:53Z" user="北巷猫眠" uid="1915680" lat="28.8092815" lon="104.6664784"/>
 <node id="8118032792" visible="true" version="1" changeset="94098039" timestamp="2020-11-14T08:24:53Z" user="北巷猫眠" uid="1915680" lat="28.8085764" lon="104.6668877"/>
 <node id="8118032793" visible="true" version="3" changeset="163638229" timestamp="2025-03-15T07:01:42Z" user="enldm" uid="20125208" lat="28.8098651" lon="104.6673315"/>
 <node id="8118032794" visible="true" version="3" changeset="163638229" timestamp="2025-03-15T07:01:42Z" user="enldm" uid="20125208" lat="28.8088520" lon="104.6678625"/>
 <node id="8118032795" visible="true" version="2" changeset="105196947" timestamp="2021-05-24T05:47:03Z" user="富顺娃儿" uid="4897653" lat="28.8105360" lon="104.6688067"/>
 <node id="8118032796" visible="true" version="3" changeset="163638229" timestamp="2025-03-15T07:01:42Z" user="enldm" uid="20125208" lat="28.8095278" lon="104.6693870"/>
 <node id="8118032797" visible="true" version="2" changeset="105196947" timestamp="2021-05-24T05:47:03Z" user="富顺娃儿" uid="4897653" lat="28.8101703" lon="104.6690037"/>
 <node id="8118032798" visible="true" version="3" changeset="163638229" timestamp="2025-03-15T07:01:42Z" user="enldm" uid="20125208" lat="28.8092264" lon="104.6670882"/>
 <node id="8118032799" visible="true" version="2" changeset="163638229" timestamp="2025-03-15T07:01:42Z" user="enldm" uid="20125208" lat="28.8094285" lon="104.6675647"/>
 <node id="8118032800" visible="true" version="1" changeset="94098039" timestamp="2020-11-14T08:24:53Z" user="北巷猫眠" uid="1915680" lat="28.8097586" lon="104.6651064"/>
 <node id="8118048340" visible="true" version="3" changeset="145720969" timestamp="2023-12-31T06:00:27Z" user="VENTOX" uid="20683110" lat="28.8060505" lon="104.6665555"/>
 <node id="8118048341" visible="true" version="3" changeset="145720969" timestamp="2023-12-31T06:00:27Z" user="VENTOX" uid="20683110" lat="28.8055824" lon="104.6659364"/>
 <node id="8118048342" visible="true" version="2" changeset="105196947" timestamp="2021-05-24T05:47:03Z" user="富顺娃儿" uid="4897653" lat="28.8034766" lon="104.6594780"/>
 <node id="8118048343" visible="true" version="3" changeset="145720969" timestamp="2023-12-31T06:00:27Z" user="VENTOX" uid="20683110" lat="28.8032695" lon="104.6594232"/>
 <node id="8118048344" visible="true" version="3" changeset="145720969" timestamp="2023-12-31T06:00:27Z" user="VENTOX" uid="20683110" lat="28.8046112" lon="104.6625205"/>
 <node id="8118048345" visible="true" version="2" changeset="105196947" timestamp="2021-05-24T05:47:03Z" user="富顺娃儿" uid="4897653" lat="28.8044489" lon="104.6627333"/>
 <node id="8118048348" visible="true" version="2" changeset="145720969" timestamp="2023-12-31T06:00:27Z" user="VENTOX" uid="20683110" lat="28.8029987" lon="104.6581789"/>
 <node id="8118048349" visible="true" version="1" changeset="94098392" timestamp="2020-11-14T08:41:44Z" user="北巷猫眠" uid="1915680" lat="28.8028452" lon="104.6582609"/>
 <node id="8118048350" visible="true" version="4" changeset="145720969" timestamp="2023-12-31T06:00:27Z" user="VENTOX" uid="20683110" lat="28.8019450" lon="104.6676388"/>
 <node id="8118048351" visible="true" version="4" changeset="145720969" timestamp="2023-12-31T06:00:27Z" user="VENTOX" uid="20683110" lat="28.8018129" lon="104.6678006"/>
 <node id="8128245980" visible="true" version="1" changeset="94252774" timestamp="2020-11-17T07:30:33Z" user="北巷猫眠" uid="1915680" lat="28.8124979" lon="104.6669379"/>
 <node id="8128245981" visible="true" version="1" changeset="94252774" timestamp="2020-11-17T07:30:33Z" user="北巷猫眠" uid="1915680" lat="28.8123704" lon="104.6669053"/>
 <node id="8128245982" visible="true" version="1" changeset="94252774" timestamp="2020-11-17T07:30:33Z" user="北巷猫眠" uid="1915680" lat="28.8122888" lon="104.6668645"/>
 <node id="8128245983" visible="true" version="1" changeset="94252774" timestamp="2020-11-17T07:30:33Z" user="北巷猫眠" uid="1915680" lat="28.8122158" lon="104.6668154"/>
 <node id="8128245984" visible="true" version="1" changeset="94252774" timestamp="2020-11-17T07:30:33Z" user="北巷猫眠" uid="1915680" lat="28.8121156" lon="104.6667386"/>
 <node id="8128245985" visible="true" version="1" changeset="94252774" timestamp="2020-11-17T07:30:33Z" user="北巷猫眠" uid="1915680" lat="28.8120683" lon="104.6666684"/>
 <node id="8128245986" visible="true" version="1" changeset="94252774" timestamp="2020-11-17T07:30:33Z" user="北巷猫眠" uid="1915680" lat="28.8120168" lon="104.6665377"/>
 <node id="8128245987" visible="true" version="1" changeset="94252774" timestamp="2020-11-17T07:30:33Z" user="北巷猫眠" uid="1915680" lat="28.8119624" lon="104.6663775"/>
 <node id="8128245988" visible="true" version="1" changeset="94252774" timestamp="2020-11-17T07:30:33Z" user="北巷猫眠" uid="1915680" lat="28.8119108" lon="104.6662877"/>
 <node id="8128245989" visible="true" version="1" changeset="94252774" timestamp="2020-11-17T07:30:33Z" user="北巷猫眠" uid="1915680" lat="28.8118135" lon="104.6662092"/>
 <node id="8128245990" visible="true" version="1" changeset="94252774" timestamp="2020-11-17T07:30:33Z" user="北巷猫眠" uid="1915680" lat="28.8117276" lon="104.6661847"/>
 <node id="8128245991" visible="true" version="1" changeset="94252774" timestamp="2020-11-17T07:30:33Z" user="北巷猫眠" uid="1915680" lat="28.8116130" lon="104.6661831"/>
 <node id="8128245992" visible="true" version="1" changeset="94252774" timestamp="2020-11-17T07:30:33Z" user="北巷猫眠" uid="1915680" lat="28.8115314" lon="104.6662092"/>
 <node id="8128245993" visible="true" version="1" changeset="94252774" timestamp="2020-11-17T07:30:33Z" user="北巷猫眠" uid="1915680" lat="28.8114455" lon="104.6663612"/>
 <node id="8128245994" visible="true" version="1" changeset="94252774" timestamp="2020-11-17T07:30:33Z" user="北巷猫眠" uid="1915680" lat="28.8114326" lon="104.6664543"/>
 <node id="8128245995" visible="true" version="1" changeset="94252774" timestamp="2020-11-17T07:30:33Z" user="北巷猫眠" uid="1915680" lat="28.8114763" lon="104.6662713"/>
 <node id="8128245996" visible="true" version="1" changeset="94252774" timestamp="2020-11-17T07:30:33Z" user="北巷猫眠" uid="1915680" lat="28.8116746" lon="104.6661790"/>
 <node id="8128245997" visible="true" version="1" changeset="94252774" timestamp="2020-11-17T07:30:33Z" user="北巷猫眠" uid="1915680" lat="28.8114369" lon="104.6665671"/>
 <node id="8128245998" visible="true" version="1" changeset="94252774" timestamp="2020-11-17T07:30:33Z" user="北巷猫眠" uid="1915680" lat="28.8114255" lon="104.6666079"/>
 <node id="8128245999" visible="true" version="1" changeset="94252774" timestamp="2020-11-17T07:30:33Z" user="北巷猫眠" uid="1915680" lat="28.8114054" lon="104.6666390"/>
 <node id="8128246000" visible="true" version="1" changeset="94252774" timestamp="2020-11-17T07:30:33Z" user="北巷猫眠" uid="1915680" lat="28.8113682" lon="104.6666733"/>
 <node id="8128246001" visible="true" version="1" changeset="94252774" timestamp="2020-11-17T07:30:33Z" user="北巷猫眠" uid="1915680" lat="28.8113253" lon="104.6666864"/>
 <node id="8128246002" visible="true" version="1" changeset="94252774" timestamp="2020-11-17T07:30:33Z" user="北巷猫眠" uid="1915680" lat="28.8112322" lon="104.6667011"/>
 <node id="8128246003" visible="true" version="1" changeset="94252774" timestamp="2020-11-17T07:30:33Z" user="北巷猫眠" uid="1915680" lat="28.8111749" lon="104.6667239"/>
 <node id="8128246004" visible="true" version="1" changeset="94252774" timestamp="2020-11-17T07:30:33Z" user="北巷猫眠" uid="1915680" lat="28.8111105" lon="104.6667632"/>
 <node id="8128246005" visible="true" version="1" changeset="94252774" timestamp="2020-11-17T07:30:33Z" user="北巷猫眠" uid="1915680" lat="28.8110504" lon="104.6668089"/>
 <node id="8128246006" visible="true" version="1" changeset="94252774" timestamp="2020-11-17T07:30:33Z" user="北巷猫眠" uid="1915680" lat="28.8109874" lon="104.6668792"/>
 <node id="8128246007" visible="true" version="1" changeset="94252774" timestamp="2020-11-17T07:30:33Z" user="北巷猫眠" uid="1915680" lat="28.8109215" lon="104.6669478"/>
 <node id="8128246008" visible="true" version="1" changeset="94252774" timestamp="2020-11-17T07:30:33Z" user="北巷猫眠" uid="1915680" lat="28.8108270" lon="104.6670017"/>
 <node id="8128246009" visible="true" version="1" changeset="94252774" timestamp="2020-11-17T07:30:33Z" user="北巷猫眠" uid="1915680" lat="28.8107512" lon="104.6670279"/>
 <node id="8128246010" visible="true" version="1" changeset="94252774" timestamp="2020-11-17T07:30:33Z" user="北巷猫眠" uid="1915680" lat="28.8113502" lon="104.6666788"/>
 <node id="8128246011" visible="true" version="1" changeset="94252774" timestamp="2020-11-17T07:30:33Z" user="北巷猫眠" uid="1915680" lat="28.8113963" lon="104.6668153"/>
 <node id="8128246012" visible="true" version="1" changeset="94252774" timestamp="2020-11-17T07:30:33Z" user="北巷猫眠" uid="1915680" lat="28.8114026" lon="104.6668502"/>
 <node id="8128246013" visible="true" version="1" changeset="94252774" timestamp="2020-11-17T07:30:33Z" user="北巷猫眠" uid="1915680" lat="28.8113981" lon="104.6668821"/>
 <node id="8128246014" visible="true" version="1" changeset="94252774" timestamp="2020-11-17T07:30:33Z" user="北巷猫眠" uid="1915680" lat="28.8113837" lon="104.6669335"/>
 <node id="8128246015" visible="true" version="1" changeset="94252774" timestamp="2020-11-17T07:30:33Z" user="北巷猫眠" uid="1915680" lat="28.8113729" lon="104.6669838"/>
 <node id="8128246016" visible="true" version="1" changeset="94252774" timestamp="2020-11-17T07:30:33Z" user="北巷猫眠" uid="1915680" lat="28.8113702" lon="104.6670496"/>
 <node id="8128262817" visible="true" version="1" changeset="94252774" timestamp="2020-11-17T07:30:33Z" user="北巷猫眠" uid="1915680" lat="28.8113801" lon="104.6671236"/>
 <node id="8128262818" visible="true" version="1" changeset="94252774" timestamp="2020-11-17T07:30:33Z" user="北巷猫眠" uid="1915680" lat="28.8114116" lon="104.6671781"/>
 <node id="8128262819" visible="true" version="1" changeset="94252774" timestamp="2020-11-17T07:30:33Z" user="北巷猫眠" uid="1915680" lat="28.8114360" lon="104.6672161"/>
 <node id="8128262820" visible="true" version="1" changeset="94252774" timestamp="2020-11-17T07:30:33Z" user="北巷猫眠" uid="1915680" lat="28.8114792" lon="104.6673241"/>
 <node id="8128262821" visible="true" version="1" changeset="94252774" timestamp="2020-11-17T07:30:33Z" user="北巷猫眠" uid="1915680" lat="28.8114576" lon="104.6672701">
  <tag k="amenity" v="shelter"/>
 </node>
 <node id="8128262822" visible="true" version="1" changeset="94252774" timestamp="2020-11-17T07:30:33Z" user="北巷猫眠" uid="1915680" lat="28.8107515" lon="104.6671867"/>
 <node id="8128262823" visible="true" version="1" changeset="94252774" timestamp="2020-11-17T07:30:33Z" user="北巷猫眠" uid="1915680" lat="28.8107715" lon="104.6673505"/>
 <node id="8128262824" visible="true" version="1" changeset="94252774" timestamp="2020-11-17T07:30:33Z" user="北巷猫眠" uid="1915680" lat="28.8108149" lon="104.6674933"/>
 <node id="8128262825" visible="true" version="2" changeset="105196947" timestamp="2021-05-24T05:47:03Z" user="富顺娃儿" uid="4897653" lat="28.8110757" lon="104.6679953"/>
 <node id="8128262826" visible="true" version="1" changeset="94252774" timestamp="2020-11-17T07:30:33Z" user="北巷猫眠" uid="1915680" lat="28.8111954" lon="104.6681275"/>
 <node id="8128262827" visible="true" version="1" changeset="94252774" timestamp="2020-11-17T07:30:33Z" user="北巷猫眠" uid="1915680" lat="28.8112755" lon="104.6682856"/>
 <node id="8128262828" visible="true" version="1" changeset="94252774" timestamp="2020-11-17T07:30:33Z" user="北巷猫眠" uid="1915680" lat="28.8113272" lon="104.6684037"/>
 <node id="8128262829" visible="true" version="1" changeset="94252774" timestamp="2020-11-17T07:30:33Z" user="北巷猫眠" uid="1915680" lat="28.8113840" lon="104.6684494"/>
 <node id="8128262830" visible="true" version="1" changeset="94252774" timestamp="2020-11-17T07:30:33Z" user="北巷猫眠" uid="1915680" lat="28.8114557" lon="104.6684742"/>
 <node id="8128262831" visible="true" version="1" changeset="94252774" timestamp="2020-11-17T07:30:33Z" user="北巷猫眠" uid="1915680" lat="28.8115625" lon="104.6684761"/>
 <node id="8128262832" visible="true" version="1" changeset="94252774" timestamp="2020-11-17T07:30:33Z" user="北巷猫眠" uid="1915680" lat="28.8117077" lon="104.6684418"/>
 <node id="8128262833" visible="true" version="1" changeset="94252774" timestamp="2020-11-17T07:30:33Z" user="北巷猫眠" uid="1915680" lat="28.8118495" lon="104.6683485"/>
 <node id="8128262834" visible="true" version="1" changeset="94252774" timestamp="2020-11-17T07:30:33Z" user="北巷猫眠" uid="1915680" lat="28.8119096" lon="104.6682932"/>
 <node id="8128262835" visible="true" version="1" changeset="94252774" timestamp="2020-11-17T07:30:33Z" user="北巷猫眠" uid="1915680" lat="28.8119814" lon="104.6681980"/>
 <node id="8128262836" visible="true" version="1" changeset="94252774" timestamp="2020-11-17T07:30:33Z" user="北巷猫眠" uid="1915680" lat="28.8120031" lon="104.6680914"/>
 <node id="8128262837" visible="true" version="1" changeset="94252774" timestamp="2020-11-17T07:30:33Z" user="北巷猫眠" uid="1915680" lat="28.8120031" lon="104.6680171"/>
 <node id="8128262838" visible="true" version="1" changeset="94252774" timestamp="2020-11-17T07:30:33Z" user="北巷猫眠" uid="1915680" lat="28.8120181" lon="104.6679009"/>
 <node id="8128262839" visible="true" version="1" changeset="94252774" timestamp="2020-11-17T07:30:33Z" user="北巷猫眠" uid="1915680" lat="28.8120448" lon="104.6678133"/>
 <node id="8128262840" visible="true" version="1" changeset="94252774" timestamp="2020-11-17T07:30:33Z" user="北巷猫眠" uid="1915680" lat="28.8121359" lon="104.6676904"/>
 <node id="8128262841" visible="true" version="3" changeset="145720969" timestamp="2023-12-31T06:00:27Z" user="VENTOX" uid="20683110" lat="28.8123097" lon="104.6678293"/>
 <node id="8128262842" visible="true" version="1" changeset="94252774" timestamp="2020-11-17T07:30:33Z" user="北巷猫眠" uid="1915680" lat="28.8120548" lon="104.6676228"/>
 <node id="8128262843" visible="true" version="2" changeset="105196947" timestamp="2021-05-24T05:47:03Z" user="富顺娃儿" uid="4897653" lat="28.8126105" lon="104.6671023"/>
 <node id="8128262844" visible="true" version="1" changeset="94252774" timestamp="2020-11-17T07:30:33Z" user="北巷猫眠" uid="1915680" lat="28.8124977" lon="104.6673047"/>
 <node id="8128262845" visible="true" version="1" changeset="94252774" timestamp="2020-11-17T07:30:33Z" user="北巷猫眠" uid="1915680" lat="28.8123824" lon="104.6674115"/>
 <node id="8128262846" visible="true" version="1" changeset="94252774" timestamp="2020-11-17T07:30:33Z" user="北巷猫眠" uid="1915680" lat="28.8122621" lon="104.6674878"/>
 <node id="8128262847" visible="true" version="1" changeset="94252774" timestamp="2020-11-17T07:30:33Z" user="北巷猫眠" uid="1915680" lat="28.8121451" lon="104.6675125"/>
 <node id="8128262848" visible="true" version="1" changeset="94252774" timestamp="2020-11-17T07:30:33Z" user="北巷猫眠" uid="1915680" lat="28.8119780" lon="104.6677433"/>
 <node id="8128262849" visible="true" version="1" changeset="94252774" timestamp="2020-11-17T07:30:33Z" user="北巷猫眠" uid="1915680" lat="28.8120924" lon="104.6675667"/>
 <node id="8128262850" visible="true" version="1" changeset="94252774" timestamp="2020-11-17T07:30:33Z" user="北巷猫眠" uid="1915680" lat="28.8119296" lon="104.6678749"/>
 <node id="8128262851" visible="true" version="1" changeset="94252774" timestamp="2020-11-17T07:30:33Z" user="北巷猫眠" uid="1915680" lat="28.8119229" lon="104.6680236"/>
 <node id="8128262852" visible="true" version="1" changeset="94252774" timestamp="2020-11-17T07:30:33Z" user="北巷猫眠" uid="1915680" lat="28.8119262" lon="104.6681304"/>
 <node id="8128262853" visible="true" version="1" changeset="94252774" timestamp="2020-11-17T07:30:33Z" user="北巷猫眠" uid="1915680" lat="28.8119079" lon="104.6682582"/>
 <node id="8128262854" visible="true" version="1" changeset="94252774" timestamp="2020-11-17T07:30:33Z" user="北巷猫眠" uid="1915680" lat="28.8118788" lon="104.6683216"/>
 <node id="8128262855" visible="true" version="3" changeset="145720969" timestamp="2023-12-31T06:00:27Z" user="VENTOX" uid="20683110" lat="28.8118326" lon="104.6686694"/>
 <node id="8128262856" visible="true" version="1" changeset="94252774" timestamp="2020-11-17T07:30:33Z" user="北巷猫眠" uid="1915680" lat="28.8117458" lon="104.6685404"/>
 <node id="8128262857" visible="true" version="1" changeset="94252774" timestamp="2020-11-17T07:30:33Z" user="北巷猫眠" uid="1915680" lat="28.8117007" lon="104.6685137"/>
 <node id="8128262858" visible="true" version="1" changeset="94252774" timestamp="2020-11-17T07:30:33Z" user="北巷猫眠" uid="1915680" lat="28.8116388" lon="104.6684870"/>
 <node id="8128262859" visible="true" version="1" changeset="94252774" timestamp="2020-11-17T07:30:33Z" user="北巷猫眠" uid="1915680" lat="28.8114951" lon="104.6685061"/>
 <node id="8128262860" visible="true" version="1" changeset="94252774" timestamp="2020-11-17T07:30:33Z" user="北巷猫眠" uid="1915680" lat="28.8114317" lon="104.6685595"/>
 <node id="8128262861" visible="true" version="1" changeset="94252774" timestamp="2020-11-17T07:30:33Z" user="北巷猫眠" uid="1915680" lat="28.8113832" lon="104.6686434"/>
 <node id="8128262862" visible="true" version="2" changeset="105196947" timestamp="2021-05-24T05:47:03Z" user="富顺娃儿" uid="4897653" lat="28.8112907" lon="104.6687628"/>
 <node id="8128262863" visible="true" version="1" changeset="94252774" timestamp="2020-11-17T07:30:33Z" user="北巷猫眠" uid="1915680" lat="28.8107909" lon="104.6674143"/>
 <node id="8128262864" visible="true" version="2" changeset="105196947" timestamp="2021-05-24T05:47:03Z" user="富顺娃儿" uid="4897653" lat="28.8105088" lon="104.6674837"/>
 <node id="8128262865" visible="true" version="2" changeset="105196947" timestamp="2021-05-24T05:47:03Z" user="富顺娃儿" uid="4897653" lat="28.8108562" lon="104.6676434"/>
 <node id="8128262866" visible="true" version="2" changeset="105196947" timestamp="2021-05-24T05:47:03Z" user="富顺娃儿" uid="4897653" lat="28.8109886" lon="104.6678872"/>
 <node id="8128262867" visible="true" version="1" changeset="94252774" timestamp="2020-11-17T07:30:33Z" user="北巷猫眠" uid="1915680" lat="28.8111806" lon="104.6681073"/>
 <node id="8128262868" visible="true" version="2" changeset="105196947" timestamp="2021-05-24T05:47:03Z" user="富顺娃儿" uid="4897653" lat="28.8109655" lon="104.6683211"/>
 <node id="8128262869" visible="true" version="2" changeset="105196947" timestamp="2021-05-24T05:47:03Z" user="富顺娃儿" uid="4897653" lat="28.8101769" lon="104.6680091"/>
 <node id="8128262870" visible="true" version="1" changeset="94252774" timestamp="2020-11-17T07:30:33Z" user="北巷猫眠" uid="1915680" lat="28.8110507" lon="104.6667593"/>
 <node id="8128262871" visible="true" version="1" changeset="94252774" timestamp="2020-11-17T07:30:33Z" user="北巷猫眠" uid="1915680" lat="28.8109488" lon="104.6668337"/>
 <node id="8128262872" visible="true" version="1" changeset="94252774" timestamp="2020-11-17T07:30:33Z" user="北巷猫眠" uid="1915680" lat="28.8108652" lon="104.6668985"/>
 <node id="8128262873" visible="true" version="1" changeset="94252774" timestamp="2020-11-17T07:30:33Z" user="北巷猫眠" uid="1915680" lat="28.8107633" lon="104.6669500"/>
 <node id="8128262874" visible="true" version="1" changeset="94252774" timestamp="2020-11-17T07:30:33Z" user="北巷猫眠" uid="1915680" lat="28.8106396" lon="104.6669881"/>
 <node id="8128262875" visible="true" version="2" changeset="105196947" timestamp="2021-05-24T05:47:03Z" user="富顺娃儿" uid="4897653" lat="28.8103896" lon="104.6670568"/>
 <node id="8543657081" visible="true" version="1" changeset="101432656" timestamp="2021-03-21T10:16:12Z" user="ff5722" uid="3450290" lat="28.7978776" lon="104.6488588"/>
 <node id="8543657082" visible="true" version="1" changeset="101432656" timestamp="2021-03-21T10:16:12Z" user="ff5722" uid="3450290" lat="28.7994594" lon="104.6466797"/>
 <node id="8543657083" visible="true" version="1" changeset="101432656" timestamp="2021-03-21T10:16:12Z" user="ff5722" uid="3450290" lat="28.8002717" lon="104.6470375"/>
 <node id="8543657084" visible="true" version="1" changeset="101432656" timestamp="2021-03-21T10:16:12Z" user="ff5722" uid="3450290" lat="28.8006707" lon="104.6480294"/>
 <node id="8543657085" visible="true" version="1" changeset="101432656" timestamp="2021-03-21T10:16:12Z" user="ff5722" uid="3450290" lat="28.8010270" lon="104.6490214"/>
 <node id="8543657086" visible="true" version="1" changeset="101432656" timestamp="2021-03-21T10:16:12Z" user="ff5722" uid="3450290" lat="28.8021100" lon="104.6495743"/>
 <node id="8543657087" visible="true" version="1" changeset="101432656" timestamp="2021-03-21T10:16:12Z" user="ff5722" uid="3450290" lat="28.8044470" lon="104.6476392"/>
 <node id="8543657088" visible="true" version="1" changeset="101432656" timestamp="2021-03-21T10:16:12Z" user="ff5722" uid="3450290" lat="28.8056439" lon="104.6443868"/>
 <node id="8543657089" visible="true" version="1" changeset="101432656" timestamp="2021-03-21T10:16:12Z" user="ff5722" uid="3450290" lat="28.8050740" lon="104.6435737"/>
 <node id="8543657090" visible="true" version="1" changeset="101432656" timestamp="2021-03-21T10:16:12Z" user="ff5722" uid="3450290" lat="28.8042617" lon="104.6423378"/>
 <node id="8543657091" visible="true" version="1" changeset="101432656" timestamp="2021-03-21T10:16:12Z" user="ff5722" uid="3450290" lat="28.8036062" lon="104.6405165"/>
 <node id="8543657092" visible="true" version="1" changeset="101432656" timestamp="2021-03-21T10:16:12Z" user="ff5722" uid="3450290" lat="28.8022810" lon="104.6408092"/>
 <node id="8543657093" visible="true" version="1" changeset="101432656" timestamp="2021-03-21T10:16:12Z" user="ff5722" uid="3450290" lat="28.8013975" lon="104.6411669"/>
 <node id="8543657094" visible="true" version="1" changeset="101432656" timestamp="2021-03-21T10:16:12Z" user="ff5722" uid="3450290" lat="28.8009985" lon="104.6402075"/>
 <node id="8543657095" visible="true" version="1" changeset="101432656" timestamp="2021-03-21T10:16:12Z" user="ff5722" uid="3450290" lat="28.8008417" lon="104.6392480"/>
 <node id="8553273578" visible="true" version="2" changeset="105196947" timestamp="2021-05-24T05:47:03Z" user="富顺娃儿" uid="4897653" lat="28.8009739" lon="104.6762736"/>
 <node id="8553273579" visible="true" version="4" changeset="160099903" timestamp="2024-12-09T17:00:49Z" user="Kiana_Kaslana" uid="17877421" lat="28.8298936" lon="104.6948802"/>
 <node id="8606798311" visible="true" version="1" changeset="102568925" timestamp="2021-04-08T13:37:15Z" user="北巷猫眠" uid="1915680" lat="28.8145087" lon="104.6747657"/>
 <node id="8606798312" visible="true" version="1" changeset="102568925" timestamp="2021-04-08T13:37:15Z" user="北巷猫眠" uid="1915680" lat="28.8143392" lon="104.6746019"/>
 <node id="8606798313" visible="true" version="1" changeset="102568925" timestamp="2021-04-08T13:37:15Z" user="北巷猫眠" uid="1915680" lat="28.8131780" lon="104.6759845"/>
 <node id="8606798314" visible="true" version="1" changeset="102568925" timestamp="2021-04-08T13:37:15Z" user="北巷猫眠" uid="1915680" lat="28.8132345" lon="104.6760437"/>
 <node id="8606798315" visible="true" version="1" changeset="102568925" timestamp="2021-04-08T13:37:15Z" user="北巷猫眠" uid="1915680" lat="28.8128937" lon="104.6764802"/>
 <node id="8606798316" visible="true" version="1" changeset="102568925" timestamp="2021-04-08T13:37:15Z" user="北巷猫眠" uid="1915680" lat="28.8126299" lon="104.6768157"/>
 <node id="8606849217" visible="true" version="2" changeset="105196947" timestamp="2021-05-24T05:47:03Z" user="富顺娃儿" uid="4897653" lat="28.8127418" lon="104.6766864"/>
 <node id="8606849218" visible="true" version="1" changeset="102568925" timestamp="2021-04-08T13:37:15Z" user="北巷猫眠" uid="1915680" lat="28.8147199" lon="104.6744990"/>
 <node id="8606849219" visible="true" version="1" changeset="102568925" timestamp="2021-04-08T13:37:15Z" user="北巷猫眠" uid="1915680" lat="28.8145450" lon="104.6747991"/>
 <node id="8606849220" visible="true" version="1" changeset="102568925" timestamp="2021-04-08T13:37:15Z" user="北巷猫眠" uid="1915680" lat="28.8134021" lon="104.6762171"/>
 <node id="8606849221" visible="true" version="1" changeset="102568925" timestamp="2021-04-08T13:37:15Z" user="北巷猫眠" uid="1915680" lat="28.8140361" lon="104.6754306"/>
 <node id="8606849222" visible="true" version="1" changeset="102568925" timestamp="2021-04-08T13:37:15Z" user="北巷猫眠" uid="1915680" lat="28.8138856" lon="104.6737760"/>
 <node id="8606849223" visible="true" version="1" changeset="102568925" timestamp="2021-04-08T13:37:15Z" user="北巷猫眠" uid="1915680" lat="28.8139865" lon="104.6739398"/>
 <node id="8606849224" visible="true" version="1" changeset="102568925" timestamp="2021-04-08T13:37:15Z" user="北巷猫眠" uid="1915680" lat="28.8141106" lon="104.6740672">
  <tag k="amenity" v="parking_entrance"/>
  <tag k="level" v="-1"/>
  <tag k="parking" v="underground"/>
 </node>
 <node id="8606849225" visible="true" version="1" changeset="102568925" timestamp="2021-04-08T13:37:15Z" user="北巷猫眠" uid="1915680" lat="28.8143603" lon="104.6739433">
  <tag k="amenity" v="parking_entrance"/>
  <tag k="level" v="-1"/>
  <tag k="parking" v="underground"/>
 </node>
 <node id="8606849226" visible="true" version="1" changeset="102568925" timestamp="2021-04-08T13:37:15Z" user="北巷猫眠" uid="1915680" lat="28.8143138" lon="104.6739929"/>
 <node id="8606849227" visible="true" version="1" changeset="102568925" timestamp="2021-04-08T13:37:15Z" user="北巷猫眠" uid="1915680" lat="28.8142750" lon="104.6739893"/>
 <node id="8606849228" visible="true" version="1" changeset="102568925" timestamp="2021-04-08T13:37:15Z" user="北巷猫眠" uid="1915680" lat="28.8142145" lon="104.6739433"/>
 <node id="8606849229" visible="true" version="1" changeset="102568925" timestamp="2021-04-08T13:37:15Z" user="北巷猫眠" uid="1915680" lat="28.8141447" lon="104.6738512"/>
 <node id="8606849230" visible="true" version="1" changeset="102568925" timestamp="2021-04-08T13:37:15Z" user="北巷猫眠" uid="1915680" lat="28.8140894" lon="104.6737567"/>
 <node id="8606849231" visible="true" version="1" changeset="102568925" timestamp="2021-04-08T13:37:15Z" user="北巷猫眠" uid="1915680" lat="28.8141796" lon="104.6739011"/>
 <node id="8606849232" visible="true" version="1" changeset="102568925" timestamp="2021-04-08T13:37:15Z" user="北巷猫眠" uid="1915680" lat="28.8142439" lon="104.6739720"/>
 <node id="8606849233" visible="true" version="1" changeset="102568925" timestamp="2021-04-08T13:37:15Z" user="北巷猫眠" uid="1915680" lat="28.8142969" lon="104.6739940"/>
 <node id="8606849234" visible="true" version="1" changeset="102568925" timestamp="2021-04-08T13:37:15Z" user="北巷猫眠" uid="1915680" lat="28.8143421" lon="104.6739719"/>
 <node id="8735642699" visible="true" version="2" changeset="153906378" timestamp="2024-07-13T19:04:54Z" user="BJKavan" uid="10813684" lat="28.7942662" lon="104.7419304">
  <tag k="power" v="tower"/>
 </node>
 <node id="8735642700" visible="true" version="2" changeset="153906378" timestamp="2024-07-13T19:04:54Z" user="BJKavan" uid="10813684" lat="28.7933619" lon="104.7458896">
  <tag k="power" v="tower"/>
 </node>
 <node id="8735642701" visible="true" version="2" changeset="153906378" timestamp="2024-07-13T19:04:54Z" user="BJKavan" uid="10813684" lat="28.7940298" lon="104.7480481">
  <tag k="power" v="tower"/>
 </node>
 <node id="8735642702" visible="true" version="1" changeset="104757872" timestamp="2021-05-16T08:07:43Z" user="demetrio_m" uid="196617" lat="28.7908484" lon="104.7513342">
  <tag k="power" v="tower"/>
 </node>
 <node id="8735642703" visible="true" version="1" changeset="104757872" timestamp="2021-05-16T08:07:43Z" user="demetrio_m" uid="196617" lat="28.7903219" lon="104.7542202">
  <tag k="power" v="tower"/>
 </node>
 <node id="8735642704" visible="true" version="1" changeset="104757872" timestamp="2021-05-16T08:07:43Z" user="demetrio_m" uid="196617" lat="28.7912528" lon="104.7564089">
  <tag k="power" v="tower"/>
 </node>
 <node id="8735642705" visible="true" version="1" changeset="104757872" timestamp="2021-05-16T08:07:43Z" user="demetrio_m" uid="196617" lat="28.7928888" lon="104.7585761">
  <tag k="power" v="tower"/>
 </node>
 <node id="8735642706" visible="true" version="1" changeset="104757872" timestamp="2021-05-16T08:07:43Z" user="demetrio_m" uid="196617" lat="28.7949150" lon="104.7612905">
  <tag k="power" v="tower"/>
 </node>
 <node id="8735642707" visible="true" version="1" changeset="104757872" timestamp="2021-05-16T08:07:43Z" user="demetrio_m" uid="196617" lat="28.7964240" lon="104.7632217">
  <tag k="power" v="tower"/>
 </node>
 <node id="8735642708" visible="true" version="1" changeset="104757872" timestamp="2021-05-16T08:07:43Z" user="demetrio_m" uid="196617" lat="28.7964264" lon="104.7645977">
  <tag k="power" v="tower"/>
 </node>
 <node id="8735642716" visible="true" version="1" changeset="104757872" timestamp="2021-05-16T08:07:43Z" user="demetrio_m" uid="196617" lat="28.7951994" lon="104.7666979">
  <tag k="power" v="tower"/>
 </node>
 <node id="8735646417" visible="true" version="1" changeset="104757534" timestamp="2021-05-16T07:55:39Z" user="demetrio_m" uid="196617" lat="28.7992869" lon="104.8026744">
  <tag k="power" v="tower"/>
 </node>
 <node id="8735646424" visible="true" version="3" changeset="159135747" timestamp="2024-11-14T15:46:13Z" user="Maps Man" uid="10216874" lat="28.8017758" lon="104.8065799"/>
 <node id="8735646426" visible="true" version="1" changeset="104757534" timestamp="2021-05-16T07:55:39Z" user="demetrio_m" uid="196617" lat="28.8008899" lon="104.8040664">
  <tag k="power" v="tower"/>
 </node>
 <node id="8735646430" visible="true" version="1" changeset="104757534" timestamp="2021-05-16T07:55:39Z" user="demetrio_m" uid="196617" lat="28.8018019" lon="104.8058206">
  <tag k="power" v="tower"/>
 </node>
 <node id="8735667117" visible="true" version="1" changeset="104757872" timestamp="2021-05-16T08:07:43Z" user="demetrio_m" uid="196617" lat="28.7907638" lon="104.7744065">
  <tag k="power" v="tower"/>
 </node>
 <node id="8735667118" visible="true" version="1" changeset="104757872" timestamp="2021-05-16T08:07:43Z" user="demetrio_m" uid="196617" lat="28.7897295" lon="104.7763109">
  <tag k="power" v="tower"/>
 </node>
 <node id="8735667119" visible="true" version="1" changeset="104757872" timestamp="2021-05-16T08:07:43Z" user="demetrio_m" uid="196617" lat="28.7905993" lon="104.7786981">
  <tag k="power" v="tower"/>
 </node>
 <node id="8735667120" visible="true" version="1" changeset="104757872" timestamp="2021-05-16T08:07:43Z" user="demetrio_m" uid="196617" lat="28.7920191" lon="104.7826517">
  <tag k="power" v="tower"/>
 </node>
 <node id="8735667121" visible="true" version="1" changeset="104757872" timestamp="2021-05-16T08:07:43Z" user="demetrio_m" uid="196617" lat="28.7928042" lon="104.7848511">
  <tag k="power" v="tower"/>
 </node>
 <node id="8735667124" visible="true" version="1" changeset="104757872" timestamp="2021-05-16T08:07:43Z" user="demetrio_m" uid="196617" lat="28.7944684" lon="104.7893947">
  <tag k="power" v="tower"/>
 </node>
 <node id="8735667128" visible="true" version="1" changeset="104757872" timestamp="2021-05-16T08:07:43Z" user="demetrio_m" uid="196617" lat="28.7967155" lon="104.7956362">
  <tag k="power" v="tower"/>
 </node>
 <node id="8735667130" visible="true" version="1" changeset="104757872" timestamp="2021-05-16T08:07:43Z" user="demetrio_m" uid="196617" lat="28.7977262" lon="104.7985035">
  <tag k="power" v="tower"/>
 </node>
 <node id="8737896286" visible="true" version="1" changeset="104797516" timestamp="2021-05-17T05:37:02Z" user="demetrio_m" uid="196617" lat="28.8155555" lon="104.7233587">
  <tag k="power" v="tower"/>
 </node>
 <node id="8737896287" visible="true" version="1" changeset="104797516" timestamp="2021-05-17T05:37:02Z" user="demetrio_m" uid="196617" lat="28.8121713" lon="104.7253785">
  <tag k="power" v="tower"/>
 </node>
 <node id="8737896288" visible="true" version="1" changeset="104797516" timestamp="2021-05-17T05:37:02Z" user="demetrio_m" uid="196617" lat="28.8099433" lon="104.7267115">
  <tag k="power" v="tower"/>
 </node>
 <node id="8737896289" visible="true" version="1" changeset="104797516" timestamp="2021-05-17T05:37:02Z" user="demetrio_m" uid="196617" lat="28.8081712" lon="104.7277093">
  <tag k="power" v="tower"/>
 </node>
 <node id="8737896290" visible="true" version="2" changeset="153906378" timestamp="2024-07-13T19:04:54Z" user="BJKavan" uid="10813684" lat="28.8036458" lon="104.7315872">
  <tag k="power" v="tower"/>
 </node>
 <node id="8737896291" visible="true" version="1" changeset="104797516" timestamp="2021-05-17T05:37:02Z" user="demetrio_m" uid="196617" lat="28.8059714" lon="104.7290128">
  <tag k="power" v="tower"/>
 </node>
 <node id="8737896292" visible="true" version="2" changeset="153906378" timestamp="2024-07-13T19:04:54Z" user="BJKavan" uid="10813684" lat="28.7997288" lon="104.7327572">
  <tag k="power" v="tower"/>
 </node>
 <node id="8737896293" visible="true" version="2" changeset="153906378" timestamp="2024-07-13T19:04:54Z" user="BJKavan" uid="10813684" lat="28.7953522" lon="104.7358042">
  <tag k="power" v="tower"/>
 </node>
 <node id="8738396101" visible="true" version="1" changeset="104804990" timestamp="2021-05-17T07:28:11Z" user="demetrio_m" uid="196617" lat="28.8413656" lon="104.7001898">
  <tag k="power" v="tower"/>
 </node>
 <node id="8738396102" visible="true" version="1" changeset="104804990" timestamp="2021-05-17T07:28:11Z" user="demetrio_m" uid="196617" lat="28.8400546" lon="104.7027916">
  <tag k="power" v="tower"/>
 </node>
 <node id="8738396103" visible="true" version="1" changeset="104804990" timestamp="2021-05-17T07:28:11Z" user="demetrio_m" uid="196617" lat="28.8383112" lon="104.7032261">
  <tag k="power" v="tower"/>
 </node>
 <node id="8738396104" visible="true" version="1" changeset="104804990" timestamp="2021-05-17T07:28:11Z" user="demetrio_m" uid="196617" lat="28.8357596" lon="104.7058654">
  <tag k="power" v="tower"/>
 </node>
 <node id="8738406537" visible="true" version="1" changeset="104804899" timestamp="2021-05-17T07:26:54Z" user="demetrio_m" uid="196617" lat="28.8338610" lon="104.7078127">
  <tag k="power" v="tower"/>
 </node>
 <node id="8738406538" visible="true" version="1" changeset="104804899" timestamp="2021-05-17T07:26:54Z" user="demetrio_m" uid="196617" lat="28.8303976" lon="104.7100711">
  <tag k="power" v="tower"/>
 </node>
 <node id="8738406539" visible="true" version="1" changeset="104804899" timestamp="2021-05-17T07:26:54Z" user="demetrio_m" uid="196617" lat="28.8268729" lon="104.7122812">
  <tag k="power" v="tower"/>
 </node>
 <node id="8738406540" visible="true" version="1" changeset="104804899" timestamp="2021-05-17T07:26:54Z" user="demetrio_m" uid="196617" lat="28.8242692" lon="104.7185039">
  <tag k="power" v="tower"/>
 </node>
 <node id="8738406541" visible="true" version="1" changeset="104804899" timestamp="2021-05-17T07:26:54Z" user="demetrio_m" uid="196617" lat="28.8221825" lon="104.7197699">
  <tag k="power" v="tower"/>
 </node>
 <node id="8738406542" visible="true" version="1" changeset="104804899" timestamp="2021-05-17T07:26:54Z" user="demetrio_m" uid="196617" lat="28.8184226" lon="104.7218299">
  <tag k="power" v="tower"/>
 </node>
 <node id="8738604774" visible="true" version="1" changeset="104810786" timestamp="2021-05-17T08:51:47Z" user="demetrio_m" uid="196617" lat="28.8904775" lon="104.7660166">
  <tag k="power" v="tower"/>
 </node>
 <node id="8738604775" visible="true" version="1" changeset="104810786" timestamp="2021-05-17T08:51:47Z" user="demetrio_m" uid="196617" lat="28.8911867" lon="104.7611940">
  <tag k="power" v="tower"/>
 </node>
 <node id="8738604776" visible="true" version="1" changeset="104810786" timestamp="2021-05-17T08:51:47Z" user="demetrio_m" uid="196617" lat="28.8911350" lon="104.7586513">
  <tag k="power" v="tower"/>
 </node>
 <node id="8738604815" visible="true" version="1" changeset="104810786" timestamp="2021-05-17T08:51:47Z" user="demetrio_m" uid="196617" lat="28.8910693" lon="104.7544992">
  <tag k="power" v="tower"/>
 </node>
 <node id="8738604816" visible="true" version="1" changeset="104810786" timestamp="2021-05-17T08:51:47Z" user="demetrio_m" uid="196617" lat="28.8898951" lon="104.7516078">
  <tag k="power" v="tower"/>
 </node>
 <node id="8738625317" visible="true" version="1" changeset="104810786" timestamp="2021-05-17T08:51:47Z" user="demetrio_m" uid="196617" lat="28.8875466" lon="104.7471231">
  <tag k="power" v="tower"/>
 </node>
 <node id="8738625318" visible="true" version="1" changeset="104810786" timestamp="2021-05-17T08:51:47Z" user="demetrio_m" uid="196617" lat="28.8888242" lon="104.7490597">
  <tag k="power" v="tower"/>
 </node>
 <node id="8738625319" visible="true" version="1" changeset="104810786" timestamp="2021-05-17T08:51:47Z" user="demetrio_m" uid="196617" lat="28.8858745" lon="104.7446555">
  <tag k="power" v="tower"/>
 </node>
 <node id="8738625320" visible="true" version="1" changeset="104810786" timestamp="2021-05-17T08:51:47Z" user="demetrio_m" uid="196617" lat="28.8839628" lon="104.7431856">
  <tag k="power" v="tower"/>
 </node>
 <node id="8738625321" visible="true" version="1" changeset="104810786" timestamp="2021-05-17T08:51:47Z" user="demetrio_m" uid="196617" lat="28.8814780" lon="104.7413403">
  <tag k="power" v="tower"/>
 </node>
 <node id="8738625322" visible="true" version="1" changeset="104810786" timestamp="2021-05-17T08:51:47Z" user="demetrio_m" uid="196617" lat="28.8797260" lon="104.7399670">
  <tag k="power" v="tower"/>
 </node>
 <node id="8738625323" visible="true" version="1" changeset="104810786" timestamp="2021-05-17T08:51:47Z" user="demetrio_m" uid="196617" lat="28.8771330" lon="104.7379714">
  <tag k="power" v="tower"/>
 </node>
 <node id="8738625324" visible="true" version="1" changeset="104810786" timestamp="2021-05-17T08:51:47Z" user="demetrio_m" uid="196617" lat="28.8761419" lon="104.7366089">
  <tag k="power" v="tower"/>
 </node>
 <node id="8738625325" visible="true" version="1" changeset="104810786" timestamp="2021-05-17T08:51:47Z" user="demetrio_m" uid="196617" lat="28.8743146" lon="104.7340339">
  <tag k="power" v="tower"/>
 </node>
 <node id="8738625326" visible="true" version="1" changeset="104810786" timestamp="2021-05-17T08:51:47Z" user="demetrio_m" uid="196617" lat="28.8731167" lon="104.7320652">
  <tag k="power" v="tower"/>
 </node>
 <node id="8738625327" visible="true" version="1" changeset="104810786" timestamp="2021-05-17T08:51:47Z" user="demetrio_m" uid="196617" lat="28.8709605" lon="104.7289431">
  <tag k="power" v="tower"/>
 </node>
 <node id="8738625328" visible="true" version="1" changeset="104810786" timestamp="2021-05-17T08:51:47Z" user="demetrio_m" uid="196617" lat="28.8702793" lon="104.7279829">
  <tag k="power" v="tower"/>
 </node>
 <node id="8738625329" visible="true" version="1" changeset="104810786" timestamp="2021-05-17T08:51:47Z" user="demetrio_m" uid="196617" lat="28.8688418" lon="104.7257942">
  <tag k="power" v="tower"/>
 </node>
 <node id="8738625330" visible="true" version="1" changeset="104810786" timestamp="2021-05-17T08:51:47Z" user="demetrio_m" uid="196617" lat="28.8682311" lon="104.7231442">
  <tag k="power" v="tower"/>
 </node>
 <node id="8738625331" visible="true" version="1" changeset="104810786" timestamp="2021-05-17T08:51:47Z" user="demetrio_m" uid="196617" lat="28.8677237" lon="104.7211647">
  <tag k="power" v="tower"/>
 </node>
 <node id="8738625332" visible="true" version="1" changeset="104810786" timestamp="2021-05-17T08:51:47Z" user="demetrio_m" uid="196617" lat="28.8659620" lon="104.7182465">
  <tag k="power" v="tower"/>
 </node>
 <node id="8738625333" visible="true" version="1" changeset="104810786" timestamp="2021-05-17T08:51:47Z" user="demetrio_m" uid="196617" lat="28.8644963" lon="104.7159290">
  <tag k="power" v="tower"/>
 </node>
 <node id="8738625334" visible="true" version="1" changeset="104810786" timestamp="2021-05-17T08:51:47Z" user="demetrio_m" uid="196617" lat="28.8621426" lon="104.7122759">
  <tag k="power" v="tower"/>
 </node>
 <node id="8738625335" visible="true" version="1" changeset="104810786" timestamp="2021-05-17T08:51:47Z" user="demetrio_m" uid="196617" lat="28.8601976" lon="104.7090411">
  <tag k="power" v="tower"/>
 </node>
 <node id="8738625336" visible="true" version="1" changeset="104810786" timestamp="2021-05-17T08:51:47Z" user="demetrio_m" uid="196617" lat="28.8586143" lon="104.7061872">
  <tag k="power" v="tower"/>
 </node>
 <node id="8738625337" visible="true" version="1" changeset="104810786" timestamp="2021-05-17T08:51:47Z" user="demetrio_m" uid="196617" lat="28.8569182" lon="104.7052163">
  <tag k="power" v="tower"/>
 </node>
 <node id="8738625338" visible="true" version="1" changeset="104810786" timestamp="2021-05-17T08:51:47Z" user="demetrio_m" uid="196617" lat="28.8529574" lon="104.7024161">
  <tag k="power" v="tower"/>
 </node>
 <node id="8738625339" visible="true" version="1" changeset="104810786" timestamp="2021-05-17T08:51:47Z" user="demetrio_m" uid="196617" lat="28.8522903" lon="104.7019386">
  <tag k="power" v="tower"/>
 </node>
 <node id="8738625340" visible="true" version="1" changeset="104810786" timestamp="2021-05-17T08:51:47Z" user="demetrio_m" uid="196617" lat="28.8496732" lon="104.7002435">
  <tag k="power" v="tower"/>
 </node>
 <node id="8738625341" visible="true" version="1" changeset="104810786" timestamp="2021-05-17T08:51:47Z" user="demetrio_m" uid="196617" lat="28.8490905" lon="104.6981835">
  <tag k="power" v="tower"/>
 </node>
 <node id="8738625342" visible="true" version="1" changeset="104810786" timestamp="2021-05-17T08:51:47Z" user="demetrio_m" uid="196617" lat="28.8481414" lon="104.6963543">
  <tag k="power" v="tower"/>
 </node>
 <node id="8738625343" visible="true" version="1" changeset="104810786" timestamp="2021-05-17T08:51:47Z" user="demetrio_m" uid="196617" lat="28.8470278" lon="104.6955228">
  <tag k="power" v="tower"/>
 </node>
 <node id="8738625344" visible="true" version="1" changeset="104810786" timestamp="2021-05-17T08:51:47Z" user="demetrio_m" uid="196617" lat="28.8444622" lon="104.6934950">
  <tag k="power" v="tower"/>
 </node>
 <node id="8738625345" visible="true" version="1" changeset="104810786" timestamp="2021-05-17T08:51:47Z" user="demetrio_m" uid="196617" lat="28.8425075" lon="104.6964723">
  <tag k="power" v="tower"/>
 </node>
 <node id="8738625346" visible="true" version="1" changeset="104810786" timestamp="2021-05-17T08:51:47Z" user="demetrio_m" uid="196617" lat="28.8422349" lon="104.6984464">
  <tag k="power" v="tower"/>
 </node>
 <node id="8759500350" visible="true" version="1" changeset="105196947" timestamp="2021-05-24T05:47:03Z" user="富顺娃儿" uid="4897653" lat="28.8114945" lon="104.6725389"/>
 <node id="8759500351" visible="true" version="1" changeset="105196947" timestamp="2021-05-24T05:47:03Z" user="富顺娃儿" uid="4897653" lat="28.8115015" lon="104.6726462"/>
 <node id="8759500352" visible="true" version="1" changeset="105196947" timestamp="2021-05-24T05:47:03Z" user="富顺娃儿" uid="4897653" lat="28.8114803" lon="104.6727240"/>
 <node id="8759500353" visible="true" version="1" changeset="105196947" timestamp="2021-05-24T05:47:03Z" user="富顺娃儿" uid="4897653" lat="28.8114145" lon="104.6727911"/>
 <node id="8759500354" visible="true" version="1" changeset="105196947" timestamp="2021-05-24T05:47:03Z" user="富顺娃儿" uid="4897653" lat="28.8109069" lon="104.6730459"/>
 <node id="8759500355" visible="true" version="1" changeset="105196947" timestamp="2021-05-24T05:47:03Z" user="富顺娃儿" uid="4897653" lat="28.8108152" lon="104.6730620"/>
 <node id="8759500356" visible="true" version="1" changeset="105196947" timestamp="2021-05-24T05:47:03Z" user="富顺娃儿" uid="4897653" lat="28.8107024" lon="104.6730432"/>
 <node id="8759500357" visible="true" version="1" changeset="105196947" timestamp="2021-05-24T05:47:03Z" user="富顺娃儿" uid="4897653" lat="28.8106484" lon="104.6729681"/>
 <node id="8759500358" visible="true" version="1" changeset="105196947" timestamp="2021-05-24T05:47:03Z" user="富顺娃儿" uid="4897653" lat="28.8104228" lon="104.6723270"/>
 <node id="8759500359" visible="true" version="1" changeset="105196947" timestamp="2021-05-24T05:47:03Z" user="富顺娃儿" uid="4897653" lat="28.8104228" lon="104.6722251"/>
 <node id="8759500360" visible="true" version="1" changeset="105196947" timestamp="2021-05-24T05:47:03Z" user="富顺娃儿" uid="4897653" lat="28.8123111" lon="104.6649201"/>
 <node id="8759500361" visible="true" version="1" changeset="105196947" timestamp="2021-05-24T05:47:03Z" user="富顺娃儿" uid="4897653" lat="28.8121270" lon="104.6643961"/>
 <node id="8759500362" visible="true" version="1" changeset="105196947" timestamp="2021-05-24T05:47:03Z" user="富顺娃儿" uid="4897653" lat="28.8120757" lon="104.6644405"/>
 <node id="8759500363" visible="true" version="1" changeset="105196947" timestamp="2021-05-24T05:47:03Z" user="富顺娃儿" uid="4897653" lat="28.8122538" lon="104.6647083"/>
 <node id="8759500364" visible="true" version="1" changeset="105196947" timestamp="2021-05-24T05:47:03Z" user="富顺娃儿" uid="4897653" lat="28.8121101" lon="104.6648328"/>
 <node id="8759500365" visible="true" version="1" changeset="105196947" timestamp="2021-05-24T05:47:03Z" user="富顺娃儿" uid="4897653" lat="28.8119243" lon="104.6645535"/>
 <node id="8759500366" visible="true" version="1" changeset="105196947" timestamp="2021-05-24T05:47:03Z" user="富顺娃儿" uid="4897653" lat="28.8119802" lon="104.6645051"/>
 <node id="8759500367" visible="true" version="1" changeset="105196947" timestamp="2021-05-24T05:47:03Z" user="富顺娃儿" uid="4897653" lat="28.8117675" lon="104.6641853"/>
 <node id="8759500368" visible="true" version="1" changeset="105196947" timestamp="2021-05-24T05:47:03Z" user="富顺娃儿" uid="4897653" lat="28.8116009" lon="104.6643297"/>
 <node id="8759500369" visible="true" version="1" changeset="105196947" timestamp="2021-05-24T05:47:03Z" user="富顺娃儿" uid="4897653" lat="28.8117626" lon="104.6645728"/>
 <node id="8759500370" visible="true" version="1" changeset="105196947" timestamp="2021-05-24T05:47:03Z" user="富顺娃儿" uid="4897653" lat="28.8117085" lon="104.6646197"/>
 <node id="8759500371" visible="true" version="1" changeset="105196947" timestamp="2021-05-24T05:47:03Z" user="富顺娃儿" uid="4897653" lat="28.8119371" lon="104.6649633"/>
 <node id="8759500372" visible="true" version="1" changeset="105196947" timestamp="2021-05-24T05:47:03Z" user="富顺娃儿" uid="4897653" lat="28.8118062" lon="104.6650767"/>
 <node id="8759500373" visible="true" version="1" changeset="105196947" timestamp="2021-05-24T05:47:03Z" user="富顺娃儿" uid="4897653" lat="28.8115660" lon="104.6647156"/>
 <node id="8759500374" visible="true" version="1" changeset="105196947" timestamp="2021-05-24T05:47:03Z" user="富顺娃儿" uid="4897653" lat="28.8116106" lon="104.6646770"/>
 <node id="8759500375" visible="true" version="1" changeset="105196947" timestamp="2021-05-24T05:47:03Z" user="富顺娃儿" uid="4897653" lat="28.8113929" lon="104.6643499"/>
 <node id="8759500376" visible="true" version="1" changeset="105196947" timestamp="2021-05-24T05:47:03Z" user="富顺娃儿" uid="4897653" lat="28.8118391" lon="104.6639633"/>
 <node id="8759500377" visible="true" version="1" changeset="105196947" timestamp="2021-05-24T05:47:03Z" user="富顺娃儿" uid="4897653" lat="28.8101564" lon="104.6633961"/>
 <node id="8759500378" visible="true" version="1" changeset="105196947" timestamp="2021-05-24T05:47:03Z" user="富顺娃儿" uid="4897653" lat="28.8100328" lon="104.6635505"/>
 <node id="8759500379" visible="true" version="1" changeset="105196947" timestamp="2021-05-24T05:47:03Z" user="富顺娃儿" uid="4897653" lat="28.8103724" lon="104.6639043"/>
 <node id="8759500380" visible="true" version="1" changeset="105196947" timestamp="2021-05-24T05:47:03Z" user="富顺娃儿" uid="4897653" lat="28.8102294" lon="104.6640831"/>
 <node id="8759500381" visible="true" version="1" changeset="105196947" timestamp="2021-05-24T05:47:03Z" user="富顺娃儿" uid="4897653" lat="28.8098648" lon="104.6637033"/>
 <node id="8759500382" visible="true" version="1" changeset="105196947" timestamp="2021-05-24T05:47:03Z" user="富顺娃儿" uid="4897653" lat="28.8094826" lon="104.6641811"/>
 <node id="8759500383" visible="true" version="1" changeset="105196947" timestamp="2021-05-24T05:47:03Z" user="富顺娃儿" uid="4897653" lat="28.8099276" lon="104.6646447"/>
 <node id="8759500384" visible="true" version="1" changeset="105196947" timestamp="2021-05-24T05:47:03Z" user="富顺娃儿" uid="4897653" lat="28.8100431" lon="104.6645003"/>
 <node id="8759500385" visible="true" version="1" changeset="105196947" timestamp="2021-05-24T05:47:03Z" user="富顺娃儿" uid="4897653" lat="28.8096776" lon="104.6641195"/>
 <node id="8759500386" visible="true" version="1" changeset="105196947" timestamp="2021-05-24T05:47:03Z" user="富顺娃儿" uid="4897653" lat="28.8098239" lon="104.6639365"/>
 <node id="8759500387" visible="true" version="1" changeset="105196947" timestamp="2021-05-24T05:47:03Z" user="富顺娃儿" uid="4897653" lat="28.8101999" lon="104.6643282"/>
 <node id="8759500388" visible="true" version="1" changeset="105196947" timestamp="2021-05-24T05:47:03Z" user="富顺娃儿" uid="4897653" lat="28.8105868" lon="104.6638445"/>
 <node id="8759500389" visible="true" version="1" changeset="105196947" timestamp="2021-05-24T05:47:03Z" user="富顺娃儿" uid="4897653" lat="28.8108898" lon="104.6635522"/>
 <node id="8759500390" visible="true" version="1" changeset="105196947" timestamp="2021-05-24T05:47:03Z" user="富顺娃儿" uid="4897653" lat="28.8105780" lon="104.6632162"/>
 <node id="8759500391" visible="true" version="1" changeset="105196947" timestamp="2021-05-24T05:47:03Z" user="富顺娃儿" uid="4897653" lat="28.8107212" lon="104.6630432"/>
 <node id="8759500392" visible="true" version="1" changeset="105196947" timestamp="2021-05-24T05:47:03Z" user="富顺娃儿" uid="4897653" lat="28.8110172" lon="104.6633622"/>
 <node id="8759500393" visible="true" version="1" changeset="105196947" timestamp="2021-05-24T05:47:03Z" user="富顺娃儿" uid="4897653" lat="28.8111309" lon="104.6632248"/>
 <node id="8759500394" visible="true" version="1" changeset="105196947" timestamp="2021-05-24T05:47:03Z" user="富顺娃儿" uid="4897653" lat="28.8107561" lon="104.6628208"/>
 <node id="8759500395" visible="true" version="1" changeset="105196947" timestamp="2021-05-24T05:47:03Z" user="富顺娃儿" uid="4897653" lat="28.8103710" lon="104.6632863"/>
 <node id="8759500396" visible="true" version="1" changeset="105196947" timestamp="2021-05-24T05:47:03Z" user="富顺娃儿" uid="4897653" lat="28.8107616" lon="104.6637071"/>
 <node id="8759500397" visible="true" version="1" changeset="105196947" timestamp="2021-05-24T05:47:03Z" user="富顺娃儿" uid="4897653" lat="28.8109676" lon="104.6636532"/>
 <node id="8759500398" visible="true" version="1" changeset="105196947" timestamp="2021-05-24T05:47:03Z" user="富顺娃儿" uid="4897653" lat="28.8112735" lon="104.6639744"/>
 <node id="8759500399" visible="true" version="1" changeset="105196947" timestamp="2021-05-24T05:47:03Z" user="富顺娃儿" uid="4897653" lat="28.8114116" lon="104.6638030"/>
 <node id="8759500400" visible="true" version="1" changeset="105196947" timestamp="2021-05-24T05:47:03Z" user="富顺娃儿" uid="4897653" lat="28.8111126" lon="104.6634891"/>
 <node id="8759500401" visible="true" version="1" changeset="105196947" timestamp="2021-05-24T05:47:03Z" user="富顺娃儿" uid="4897653" lat="28.8112383" lon="104.6633332"/>
 <node id="8759500402" visible="true" version="1" changeset="105196947" timestamp="2021-05-24T05:47:03Z" user="富顺娃儿" uid="4897653" lat="28.8116311" lon="104.6637457"/>
 <node id="8759500403" visible="true" version="1" changeset="105196947" timestamp="2021-05-24T05:47:03Z" user="富顺娃儿" uid="4897653" lat="28.8112451" lon="104.6642245"/>
 <node id="8759500404" visible="true" version="1" changeset="105196947" timestamp="2021-05-24T05:47:03Z" user="富顺娃儿" uid="4897653" lat="28.8108454" lon="104.6638048"/>
 <node id="8759500405" visible="true" version="1" changeset="105196947" timestamp="2021-05-24T05:47:03Z" user="富顺娃儿" uid="4897653" lat="28.8101650" lon="104.6646252"/>
 <node id="8759500406" visible="true" version="1" changeset="105196947" timestamp="2021-05-24T05:47:03Z" user="富顺娃儿" uid="4897653" lat="28.8104709" lon="104.6649464"/>
 <node id="8759500407" visible="true" version="1" changeset="105196947" timestamp="2021-05-24T05:47:03Z" user="富顺娃儿" uid="4897653" lat="28.8106090" lon="104.6647750"/>
 <node id="8759500408" visible="true" version="1" changeset="105196947" timestamp="2021-05-24T05:47:03Z" user="富顺娃儿" uid="4897653" lat="28.8103100" lon="104.6644611"/>
 <node id="8759500409" visible="true" version="1" changeset="105196947" timestamp="2021-05-24T05:47:03Z" user="富顺娃儿" uid="4897653" lat="28.8104357" lon="104.6643052"/>
 <node id="8759500410" visible="true" version="1" changeset="105196947" timestamp="2021-05-24T05:47:03Z" user="富顺娃儿" uid="4897653" lat="28.8108286" lon="104.6647177"/>
 <node id="8759500411" visible="true" version="1" changeset="105196947" timestamp="2021-05-24T05:47:03Z" user="富顺娃儿" uid="4897653" lat="28.8104425" lon="104.6651965"/>
 <node id="8759500412" visible="true" version="1" changeset="105196947" timestamp="2021-05-24T05:47:03Z" user="富顺娃儿" uid="4897653" lat="28.8100428" lon="104.6647768"/>
 <node id="8759500413" visible="true" version="1" changeset="105196947" timestamp="2021-05-24T05:47:03Z" user="富顺娃儿" uid="4897653" lat="28.8112237" lon="104.6655180"/>
 <node id="8759500414" visible="true" version="1" changeset="105196947" timestamp="2021-05-24T05:47:03Z" user="富顺娃儿" uid="4897653" lat="28.8115437" lon="104.6653537"/>
 <node id="8759500415" visible="true" version="1" changeset="105196947" timestamp="2021-05-24T05:47:03Z" user="富顺娃儿" uid="4897653" lat="28.8114396" lon="104.6650895"/>
 <node id="8759500416" visible="true" version="1" changeset="105196947" timestamp="2021-05-24T05:47:03Z" user="富顺娃儿" uid="4897653" lat="28.8113811" lon="104.6651196"/>
 <node id="8759519317" visible="true" version="1" changeset="105196947" timestamp="2021-05-24T05:47:03Z" user="富顺娃儿" uid="4897653" lat="28.8112330" lon="104.6647438"/>
 <node id="8759519318" visible="true" version="1" changeset="105196947" timestamp="2021-05-24T05:47:03Z" user="富顺娃儿" uid="4897653" lat="28.8109986" lon="104.6648642"/>
 <node id="8759519319" visible="true" version="1" changeset="105196947" timestamp="2021-05-24T05:47:03Z" user="富顺娃儿" uid="4897653" lat="28.8110384" lon="104.6649651"/>
 <node id="8759519320" visible="true" version="1" changeset="105196947" timestamp="2021-05-24T05:47:03Z" user="富顺娃儿" uid="4897653" lat="28.8107337" lon="104.6651216"/>
 <node id="8759519321" visible="true" version="1" changeset="105196947" timestamp="2021-05-24T05:47:03Z" user="富顺娃儿" uid="4897653" lat="28.8108333" lon="104.6653742"/>
 <node id="8759519322" visible="true" version="1" changeset="105196947" timestamp="2021-05-24T05:47:03Z" user="富顺娃儿" uid="4897653" lat="28.8108970" lon="104.6653415"/>
 <node id="8759519323" visible="true" version="1" changeset="105196947" timestamp="2021-05-24T05:47:03Z" user="富顺娃儿" uid="4897653" lat="28.8110489" lon="104.6657270"/>
 <node id="8759519324" visible="true" version="1" changeset="105196947" timestamp="2021-05-24T05:47:03Z" user="富顺娃儿" uid="4897653" lat="28.8112628" lon="104.6656172"/>
 <node id="8759519325" visible="true" version="1" changeset="105196947" timestamp="2021-05-24T05:47:03Z" user="富顺娃儿" uid="4897653" lat="28.8130432" lon="104.6678075"/>
 <node id="8759519326" visible="true" version="1" changeset="105196947" timestamp="2021-05-24T05:47:03Z" user="富顺娃儿" uid="4897653" lat="28.8126907" lon="104.6675527"/>
 <node id="8759519327" visible="true" version="1" changeset="105196947" timestamp="2021-05-24T05:47:03Z" user="富顺娃儿" uid="4897653" lat="28.8125779" lon="104.6677606"/>
 <node id="8759519328" visible="true" version="1" changeset="105196947" timestamp="2021-05-24T05:47:03Z" user="富顺娃儿" uid="4897653" lat="28.8129269" lon="104.6680073"/>
 <node id="8759519329" visible="true" version="1" changeset="105196947" timestamp="2021-05-24T05:47:03Z" user="富顺娃儿" uid="4897653" lat="28.8128634" lon="104.6681361"/>
 <node id="8759519330" visible="true" version="1" changeset="105196947" timestamp="2021-05-24T05:47:03Z" user="富顺娃儿" uid="4897653" lat="28.8125027" lon="104.6678773"/>
 <node id="8759519331" visible="true" version="1" changeset="105196947" timestamp="2021-05-24T05:47:03Z" user="富顺娃儿" uid="4897653" lat="28.8123734" lon="104.6680905"/>
 <node id="8759519332" visible="true" version="1" changeset="105196947" timestamp="2021-05-24T05:47:03Z" user="富顺娃儿" uid="4897653" lat="28.8127236" lon="104.6683681"/>
 <node id="8759519333" visible="true" version="1" changeset="105196947" timestamp="2021-05-24T05:47:03Z" user="富顺娃儿" uid="4897653" lat="28.8126531" lon="104.6684848"/>
 <node id="8759519334" visible="true" version="1" changeset="105196947" timestamp="2021-05-24T05:47:03Z" user="富顺娃儿" uid="4897653" lat="28.8123100" lon="104.6682152"/>
 <node id="8759519335" visible="true" version="1" changeset="105196947" timestamp="2021-05-24T05:47:03Z" user="富顺娃儿" uid="4897653" lat="28.8121842" lon="104.6684472"/>
 <node id="8759519336" visible="true" version="1" changeset="105196947" timestamp="2021-05-24T05:47:03Z" user="富顺娃儿" uid="4897653" lat="28.8123523" lon="104.6688335"/>
 <node id="8759519337" visible="true" version="1" changeset="105196947" timestamp="2021-05-24T05:47:03Z" user="富顺娃儿" uid="4897653" lat="28.8122359" lon="104.6689032"/>
 <node id="8759519338" visible="true" version="1" changeset="105196947" timestamp="2021-05-24T05:47:03Z" user="富顺娃儿" uid="4897653" lat="28.8120291" lon="104.6684445"/>
 <node id="8759519339" visible="true" version="1" changeset="105196947" timestamp="2021-05-24T05:47:03Z" user="富顺娃儿" uid="4897653" lat="28.8122453" lon="104.6680529"/>
 <node id="8759519340" visible="true" version="2" changeset="145720969" timestamp="2023-12-31T06:00:27Z" user="VENTOX" uid="20683110" lat="28.8122874" lon="104.6679688"/>
 <node id="8759519341" visible="true" version="2" changeset="145720969" timestamp="2023-12-31T06:00:27Z" user="VENTOX" uid="20683110" lat="28.8123528" lon="104.6678545"/>
 <node id="8759519342" visible="true" version="1" changeset="105196947" timestamp="2021-05-24T05:47:03Z" user="富顺娃儿" uid="4897653" lat="28.8124192" lon="104.6677713"/>
 <node id="8759519343" visible="true" version="2" changeset="145720969" timestamp="2023-12-31T06:00:27Z" user="VENTOX" uid="20683110" lat="28.8126840" lon="104.6673890"/>
 <node id="8759519344" visible="true" version="1" changeset="105196947" timestamp="2021-05-24T05:47:03Z" user="富顺娃儿" uid="4897653" lat="28.8131102" lon="104.6676801"/>
 <node id="8759519345" visible="true" version="1" changeset="105196947" timestamp="2021-05-24T05:47:03Z" user="富顺娃儿" uid="4897653" lat="28.8135756" lon="104.6681911"/>
 <node id="8759519346" visible="true" version="1" changeset="105196947" timestamp="2021-05-24T05:47:03Z" user="富顺娃儿" uid="4897653" lat="28.8132979" lon="104.6679874"/>
 <node id="8759519347" visible="true" version="1" changeset="105196947" timestamp="2021-05-24T05:47:03Z" user="富顺娃儿" uid="4897653" lat="28.8131629" lon="104.6682273"/>
 <node id="8759519348" visible="true" version="1" changeset="105196947" timestamp="2021-05-24T05:47:03Z" user="富顺娃儿" uid="4897653" lat="28.8133867" lon="104.6683915"/>
 <node id="8759519349" visible="true" version="1" changeset="105196947" timestamp="2021-05-24T05:47:03Z" user="富顺娃儿" uid="4897653" lat="28.8133104" lon="104.6685272"/>
 <node id="8759519350" visible="true" version="1" changeset="105196947" timestamp="2021-05-24T05:47:03Z" user="富顺娃儿" uid="4897653" lat="28.8129756" lon="104.6682817"/>
 <node id="8759519351" visible="true" version="1" changeset="105196947" timestamp="2021-05-24T05:47:03Z" user="富顺娃儿" uid="4897653" lat="28.8132550" lon="104.6677853"/>
 <node id="8759519352" visible="true" version="1" changeset="105196947" timestamp="2021-05-24T05:47:03Z" user="富顺娃儿" uid="4897653" lat="28.8136436" lon="104.6680702"/>
 <node id="8759519353" visible="true" version="1" changeset="105196947" timestamp="2021-05-24T05:47:03Z" user="富顺娃儿" uid="4897653" lat="28.8137133" lon="104.6688701"/>
 <node id="8759519354" visible="true" version="1" changeset="105196947" timestamp="2021-05-24T05:47:03Z" user="富顺娃儿" uid="4897653" lat="28.8138924" lon="104.6687707"/>
 <node id="8759519355" visible="true" version="1" changeset="105196947" timestamp="2021-05-24T05:47:03Z" user="富顺娃儿" uid="4897653" lat="28.8137373" lon="104.6684065"/>
 <node id="8759519356" visible="true" version="1" changeset="105196947" timestamp="2021-05-24T05:47:03Z" user="富顺娃儿" uid="4897653" lat="28.8139032" lon="104.6683145"/>
 <node id="8759519357" visible="true" version="1" changeset="105196947" timestamp="2021-05-24T05:47:03Z" user="富顺娃儿" uid="4897653" lat="28.8141367" lon="104.6688627"/>
 <node id="8759519358" visible="true" version="1" changeset="105196947" timestamp="2021-05-24T05:47:03Z" user="富顺娃儿" uid="4897653" lat="28.8136229" lon="104.6691477"/>
 <node id="8759519359" visible="true" version="1" changeset="105196947" timestamp="2021-05-24T05:47:03Z" user="富顺娃儿" uid="4897653" lat="28.8133928" lon="104.6686072"/>
 <node id="8759519360" visible="true" version="1" changeset="105196947" timestamp="2021-05-24T05:47:03Z" user="富顺娃儿" uid="4897653" lat="28.8135615" lon="104.6685136"/>
 <node id="8759519361" visible="true" version="1" changeset="105196947" timestamp="2021-05-24T05:47:03Z" user="富顺娃儿" uid="4897653" lat="28.8132021" lon="104.6687069"/>
 <node id="8759519362" visible="true" version="1" changeset="105196947" timestamp="2021-05-24T05:47:03Z" user="富顺娃儿" uid="4897653" lat="28.8126928" lon="104.6689755"/>
 <node id="8759519363" visible="true" version="1" changeset="105196947" timestamp="2021-05-24T05:47:03Z" user="富顺娃儿" uid="4897653" lat="28.8129172" lon="104.6695297"/>
 <node id="8759519364" visible="true" version="1" changeset="105196947" timestamp="2021-05-24T05:47:03Z" user="富顺娃儿" uid="4897653" lat="28.8130684" lon="104.6694500"/>
 <node id="8759519365" visible="true" version="1" changeset="105196947" timestamp="2021-05-24T05:47:03Z" user="富顺娃儿" uid="4897653" lat="28.8129156" lon="104.6690726"/>
 <node id="8759519366" visible="true" version="1" changeset="105196947" timestamp="2021-05-24T05:47:03Z" user="富顺娃儿" uid="4897653" lat="28.8131301" lon="104.6689595"/>
 <node id="8759519367" visible="true" version="1" changeset="105196947" timestamp="2021-05-24T05:47:03Z" user="富顺娃儿" uid="4897653" lat="28.8132860" lon="104.6693443"/>
 <node id="8759519368" visible="true" version="1" changeset="105196947" timestamp="2021-05-24T05:47:03Z" user="富顺娃儿" uid="4897653" lat="28.8134296" lon="104.6692686"/>
 <node id="8759519369" visible="true" version="1" changeset="105196947" timestamp="2021-05-24T05:47:03Z" user="富顺娃儿" uid="4897653" lat="28.8110063" lon="104.6703588"/>
 <node id="8759519370" visible="true" version="2" changeset="170415430" timestamp="2025-08-14T03:40:19Z" user="没时间了" uid="23188738" lat="28.8106690" lon="104.6705651"/>
 <node id="8759519371" visible="true" version="2" changeset="170415430" timestamp="2025-08-14T03:40:19Z" user="没时间了" uid="23188738" lat="28.8105944" lon="104.6703848"/>
 <node id="8759519372" visible="true" version="1" changeset="105196947" timestamp="2021-05-24T05:47:03Z" user="富顺娃儿" uid="4897653" lat="28.8108260" lon="104.6702807"/>
 <node id="8759519373" visible="true" version="1" changeset="105196947" timestamp="2021-05-24T05:47:03Z" user="富顺娃儿" uid="4897653" lat="28.8106539" lon="104.6698346"/>
 <node id="8759519374" visible="true" version="2" changeset="170415430" timestamp="2025-08-14T03:40:19Z" user="没时间了" uid="23188738" lat="28.8104170" lon="104.6699555"/>
 <node id="8759519375" visible="true" version="2" changeset="170415430" timestamp="2025-08-14T03:40:19Z" user="没时间了" uid="23188738" lat="28.8103609" lon="104.6698199"/>
 <node id="8759519376" visible="true" version="1" changeset="105196947" timestamp="2021-05-24T05:47:03Z" user="富顺娃儿" uid="4897653" lat="28.8107236" lon="104.6696261"/>
 <node id="8759519378" visible="true" version="1" changeset="105196947" timestamp="2021-05-24T05:47:03Z" user="富顺娃儿" uid="4897653" lat="28.8101548" lon="104.6699309"/>
 <node id="8759519379" visible="true" version="1" changeset="105196947" timestamp="2021-05-24T05:47:03Z" user="富顺娃儿" uid="4897653" lat="28.8104629" lon="104.6706761"/>
 <node id="8759519381" visible="true" version="1" changeset="105196947" timestamp="2021-05-24T05:47:03Z" user="富顺娃儿" uid="4897653" lat="28.8102749" lon="104.6707995"/>
 <node id="8759519382" visible="true" version="1" changeset="105196947" timestamp="2021-05-24T05:47:03Z" user="富顺娃儿" uid="4897653" lat="28.8101542" lon="104.6708607"/>
 <node id="8759519383" visible="true" version="1" changeset="105196947" timestamp="2021-05-24T05:47:03Z" user="富顺娃儿" uid="4897653" lat="28.8099742" lon="104.6703979"/>
 <node id="8759519384" visible="true" version="1" changeset="105196947" timestamp="2021-05-24T05:47:03Z" user="富顺娃儿" uid="4897653" lat="28.8098313" lon="104.6704703"/>
 <node id="8759519385" visible="true" version="1" changeset="105196947" timestamp="2021-05-24T05:47:03Z" user="富顺娃儿" uid="4897653" lat="28.8100128" lon="104.6709366"/>
 <node id="8759519386" visible="true" version="1" changeset="105196947" timestamp="2021-05-24T05:47:03Z" user="富顺娃儿" uid="4897653" lat="28.8098943" lon="104.6709967"/>
 <node id="8759519387" visible="true" version="1" changeset="105196947" timestamp="2021-05-24T05:47:03Z" user="富顺娃儿" uid="4897653" lat="28.8096583" lon="104.6703901"/>
 <node id="8759519388" visible="true" version="1" changeset="105196947" timestamp="2021-05-24T05:47:03Z" user="富顺娃儿" uid="4897653" lat="28.8100403" lon="104.6701965"/>
 <node id="8759519389" visible="true" version="1" changeset="105196947" timestamp="2021-05-24T05:47:03Z" user="富顺娃儿" uid="4897653" lat="28.8102735" lon="104.6717243"/>
 <node id="8759519390" visible="true" version="1" changeset="105196947" timestamp="2021-05-24T05:47:03Z" user="富顺娃儿" uid="4897653" lat="28.8101467" lon="104.6714197"/>
 <node id="8759519391" visible="true" version="1" changeset="105196947" timestamp="2021-05-24T05:47:03Z" user="富顺娃儿" uid="4897653" lat="28.8102879" lon="104.6713432"/>
 <node id="8759519392" visible="true" version="1" changeset="105196947" timestamp="2021-05-24T05:47:03Z" user="富顺娃儿" uid="4897653" lat="28.8104925" lon="104.6718345"/>
 <node id="8759519393" visible="true" version="1" changeset="105196947" timestamp="2021-05-24T05:47:03Z" user="富顺娃儿" uid="4897653" lat="28.8106909" lon="104.6717270"/>
 <node id="8759519394" visible="true" version="1" changeset="105196947" timestamp="2021-05-24T05:47:03Z" user="富顺娃儿" uid="4897653" lat="28.8104173" lon="104.6710698"/>
 <node id="8759519395" visible="true" version="1" changeset="105196947" timestamp="2021-05-24T05:47:03Z" user="富顺娃儿" uid="4897653" lat="28.8102129" lon="104.6711807"/>
 <node id="8759519396" visible="true" version="1" changeset="105196947" timestamp="2021-05-24T05:47:03Z" user="富顺娃儿" uid="4897653" lat="28.8102306" lon="104.6712233"/>
 <node id="8759519397" visible="true" version="1" changeset="105196947" timestamp="2021-05-24T05:47:03Z" user="富顺娃儿" uid="4897653" lat="28.8100941" lon="104.6712973"/>
 <node id="8759519398" visible="true" version="1" changeset="105196947" timestamp="2021-05-24T05:47:03Z" user="富顺娃儿" uid="4897653" lat="28.8100827" lon="104.6712698"/>
 <node id="8759519399" visible="true" version="1" changeset="105196947" timestamp="2021-05-24T05:47:03Z" user="富顺娃儿" uid="4897653" lat="28.8098874" lon="104.6713757"/>
 <node id="8759519400" visible="true" version="1" changeset="105196947" timestamp="2021-05-24T05:47:03Z" user="富顺娃儿" uid="4897653" lat="28.8100769" lon="104.6718309"/>
 <node id="8759519401" visible="true" version="1" changeset="105196947" timestamp="2021-05-24T05:47:03Z" user="富顺娃儿" uid="4897653" lat="28.8101666" lon="104.6683485"/>
 <node id="8759519402" visible="true" version="1" changeset="105196947" timestamp="2021-05-24T05:47:03Z" user="富顺娃儿" uid="4897653" lat="28.8099518" lon="104.6678465"/>
 <node id="8759519403" visible="true" version="1" changeset="105196947" timestamp="2021-05-24T05:47:03Z" user="富顺娃儿" uid="4897653" lat="28.8102471" lon="104.6683036"/>
 <node id="8759519404" visible="true" version="1" changeset="105196947" timestamp="2021-05-24T05:47:03Z" user="富顺娃儿" uid="4897653" lat="28.8100191" lon="104.6678090"/>
 <node id="8759519405" visible="true" version="1" changeset="105196947" timestamp="2021-05-24T05:47:03Z" user="富顺娃儿" uid="4897653" lat="28.8098974" lon="104.6689339"/>
 <node id="8759519406" visible="true" version="1" changeset="105196947" timestamp="2021-05-24T05:47:03Z" user="富顺娃儿" uid="4897653" lat="28.8101342" lon="104.6688019"/>
 <node id="8759519407" visible="true" version="1" changeset="105196947" timestamp="2021-05-24T05:47:03Z" user="富顺娃儿" uid="4897653" lat="28.8101010" lon="104.6687244"/>
 <node id="8759519408" visible="true" version="1" changeset="105196947" timestamp="2021-05-24T05:47:03Z" user="富顺娃儿" uid="4897653" lat="28.8098684" lon="104.6688661"/>
 <node id="8759519409" visible="true" version="1" changeset="105196947" timestamp="2021-05-24T05:47:03Z" user="富顺娃儿" uid="4897653" lat="28.8093813" lon="104.6682645"/>
 <node id="8759519410" visible="true" version="1" changeset="105196947" timestamp="2021-05-24T05:47:03Z" user="富顺娃儿" uid="4897653" lat="28.8093441" lon="104.6681775"/>
 <node id="8759519411" visible="true" version="1" changeset="105196947" timestamp="2021-05-24T05:47:03Z" user="富顺娃儿" uid="4897653" lat="28.8095581" lon="104.6686987"/>
 <node id="8759519412" visible="true" version="1" changeset="105196947" timestamp="2021-05-24T05:47:03Z" user="富顺娃儿" uid="4897653" lat="28.8095285" lon="104.6686295"/>
 <node id="8759519413" visible="true" version="1" changeset="105196947" timestamp="2021-05-24T05:47:03Z" user="富顺娃儿" uid="4897653" lat="28.8094552" lon="104.6686703"/>
 <node id="8759519414" visible="true" version="1" changeset="105196947" timestamp="2021-05-24T05:47:03Z" user="富顺娃儿" uid="4897653" lat="28.8093008" lon="104.6683094"/>
 <node id="8759519415" visible="true" version="1" changeset="105196947" timestamp="2021-05-24T05:47:03Z" user="富顺娃儿" uid="4897653" lat="28.8094821" lon="104.6687411"/>
 <node id="8759519416" visible="true" version="1" changeset="105196947" timestamp="2021-05-24T05:47:03Z" user="富顺娃儿" uid="4897653" lat="28.8092569" lon="104.6682261"/>
 <node id="8759519417" visible="true" version="1" changeset="105196947" timestamp="2021-05-24T05:47:03Z" user="富顺娃儿" uid="4897653" lat="28.8093765" lon="104.6677288"/>
 <node id="8759519418" visible="true" version="1" changeset="105196947" timestamp="2021-05-24T05:47:03Z" user="富顺娃儿" uid="4897653" lat="28.8096060" lon="104.6676009"/>
 <node id="8759519419" visible="true" version="1" changeset="105196947" timestamp="2021-05-24T05:47:03Z" user="富顺娃儿" uid="4897653" lat="28.8094004" lon="104.6677847"/>
 <node id="8759519420" visible="true" version="1" changeset="105196947" timestamp="2021-05-24T05:47:03Z" user="富顺娃儿" uid="4897653" lat="28.8096313" lon="104.6676600"/>
 <node id="8759519421" visible="true" version="1" changeset="105196947" timestamp="2021-05-24T05:47:03Z" user="富顺娃儿" uid="4897653" lat="28.8081182" lon="104.6675765"/>
 <node id="8759519422" visible="true" version="1" changeset="105196947" timestamp="2021-05-24T05:47:03Z" user="富顺娃儿" uid="4897653" lat="28.8082534" lon="104.6675055"/>
 <node id="8759519423" visible="true" version="1" changeset="105196947" timestamp="2021-05-24T05:47:03Z" user="富顺娃儿" uid="4897653" lat="28.8082794" lon="104.6675700"/>
 <node id="8759519424" visible="true" version="1" changeset="105196947" timestamp="2021-05-24T05:47:03Z" user="富顺娃儿" uid="4897653" lat="28.8081461" lon="104.6676457"/>
 <node id="8759519425" visible="true" version="1" changeset="105196947" timestamp="2021-05-24T05:47:03Z" user="富顺娃儿" uid="4897653" lat="28.8080080" lon="104.6684315"/>
 <node id="8759519426" visible="true" version="1" changeset="105196947" timestamp="2021-05-24T05:47:03Z" user="富顺娃儿" uid="4897653" lat="28.8078424" lon="104.6680209"/>
 <node id="8759519427" visible="true" version="1" changeset="105196947" timestamp="2021-05-24T05:47:03Z" user="富顺娃儿" uid="4897653" lat="28.8038775" lon="104.6696795"/>
 <node id="8759519428" visible="true" version="1" changeset="105196947" timestamp="2021-05-24T05:47:03Z" user="富顺娃儿" uid="4897653" lat="28.8042825" lon="104.6694576"/>
 <node id="8759519429" visible="true" version="1" changeset="105196947" timestamp="2021-05-24T05:47:03Z" user="富顺娃儿" uid="4897653" lat="28.8042642" lon="104.6694141"/>
 <node id="8759519430" visible="true" version="1" changeset="105196947" timestamp="2021-05-24T05:47:03Z" user="富顺娃儿" uid="4897653" lat="28.8038573" lon="104.6696315"/>
 <node id="8759519431" visible="true" version="1" changeset="105196947" timestamp="2021-05-24T05:47:03Z" user="富顺娃儿" uid="4897653" lat="28.8154674" lon="104.6734858"/>
 <node id="8759519432" visible="true" version="1" changeset="105196947" timestamp="2021-05-24T05:47:03Z" user="富顺娃儿" uid="4897653" lat="28.8135156" lon="104.6728930"/>
 <node id="8759519433" visible="true" version="1" changeset="105196947" timestamp="2021-05-24T05:47:03Z" user="富顺娃儿" uid="4897653" lat="28.8147174" lon="104.6698149"/>
 <node id="8759519434" visible="true" version="1" changeset="105196947" timestamp="2021-05-24T05:47:03Z" user="富顺娃儿" uid="4897653" lat="28.8144727" lon="104.6692478"/>
 <node id="8759519435" visible="true" version="1" changeset="105196947" timestamp="2021-05-24T05:47:03Z" user="富顺娃儿" uid="4897653" lat="28.8136304" lon="104.6697212"/>
 <node id="8759519436" visible="true" version="1" changeset="105196947" timestamp="2021-05-24T05:47:03Z" user="富顺娃儿" uid="4897653" lat="28.8138751" lon="104.6702883"/>
 <node id="8759519437" visible="true" version="1" changeset="105196947" timestamp="2021-05-24T05:47:03Z" user="富顺娃儿" uid="4897653" lat="28.8149327" lon="104.6698519"/>
 <node id="8759519438" visible="true" version="1" changeset="105196947" timestamp="2021-05-24T05:47:03Z" user="富顺娃儿" uid="4897653" lat="28.8148677" lon="104.6697121"/>
 <node id="8759519439" visible="true" version="1" changeset="105196947" timestamp="2021-05-24T05:47:03Z" user="富顺娃儿" uid="4897653" lat="28.8146389" lon="104.6691808"/>
 <node id="8759519440" visible="true" version="1" changeset="105196947" timestamp="2021-05-24T05:47:03Z" user="富顺娃儿" uid="4897653" lat="28.8145778" lon="104.6690366"/>
 <node id="8759519441" visible="true" version="1" changeset="105196947" timestamp="2021-05-24T05:47:03Z" user="富顺娃儿" uid="4897653" lat="28.8134272" lon="104.6696767"/>
 <node id="8759519442" visible="true" version="1" changeset="105196947" timestamp="2021-05-24T05:47:03Z" user="富顺娃儿" uid="4897653" lat="28.8134915" lon="104.6698302"/>
 <node id="8759519443" visible="true" version="1" changeset="105196947" timestamp="2021-05-24T05:47:03Z" user="富顺娃儿" uid="4897653" lat="28.8137136" lon="104.6703466"/>
 <node id="8759519444" visible="true" version="1" changeset="105196947" timestamp="2021-05-24T05:47:03Z" user="富顺娃儿" uid="4897653" lat="28.8137800" lon="104.6705015"/>
 <node id="8759519445" visible="true" version="1" changeset="105196947" timestamp="2021-05-24T05:47:03Z" user="富顺娃儿" uid="4897653" lat="28.8136927" lon="104.6703394"/>
 <node id="8759519446" visible="true" version="1" changeset="105196947" timestamp="2021-05-24T05:47:03Z" user="富顺娃儿" uid="4897653" lat="28.8136405" lon="104.6703099"/>
 <node id="8759519447" visible="true" version="1" changeset="105196947" timestamp="2021-05-24T05:47:03Z" user="富顺娃儿" uid="4897653" lat="28.8135933" lon="104.6702711"/>
 <node id="8759519448" visible="true" version="1" changeset="105196947" timestamp="2021-05-24T05:47:03Z" user="富顺娃儿" uid="4897653" lat="28.8135524" lon="104.6702239"/>
 <node id="8759519449" visible="true" version="1" changeset="105196947" timestamp="2021-05-24T05:47:03Z" user="富顺娃儿" uid="4897653" lat="28.8135188" lon="104.6701697"/>
 <node id="8759519450" visible="true" version="1" changeset="105196947" timestamp="2021-05-24T05:47:03Z" user="富顺娃儿" uid="4897653" lat="28.8134934" lon="104.6701099"/>
 <node id="8759519451" visible="true" version="1" changeset="105196947" timestamp="2021-05-24T05:47:03Z" user="富顺娃儿" uid="4897653" lat="28.8134771" lon="104.6700461"/>
 <node id="8759519452" visible="true" version="1" changeset="105196947" timestamp="2021-05-24T05:47:03Z" user="富顺娃儿" uid="4897653" lat="28.8134701" lon="104.6699802"/>
 <node id="8759519453" visible="true" version="1" changeset="105196947" timestamp="2021-05-24T05:47:03Z" user="富顺娃儿" uid="4897653" lat="28.8134728" lon="104.6699138"/>
 <node id="8759519454" visible="true" version="1" changeset="105196947" timestamp="2021-05-24T05:47:03Z" user="富顺娃儿" uid="4897653" lat="28.8134850" lon="104.6698489"/>
 <node id="8759519455" visible="true" version="1" changeset="105196947" timestamp="2021-05-24T05:47:03Z" user="富顺娃儿" uid="4897653" lat="28.8146704" lon="104.6691917"/>
 <node id="8759519456" visible="true" version="1" changeset="105196947" timestamp="2021-05-24T05:47:03Z" user="富顺娃儿" uid="4897653" lat="28.8147226" lon="104.6692211"/>
 <node id="8759519457" visible="true" version="1" changeset="105196947" timestamp="2021-05-24T05:47:03Z" user="富顺娃儿" uid="4897653" lat="28.8147698" lon="104.6692600"/>
 <node id="8759519458" visible="true" version="1" changeset="105196947" timestamp="2021-05-24T05:47:03Z" user="富顺娃儿" uid="4897653" lat="28.8148107" lon="104.6693072"/>
 <node id="8759519459" visible="true" version="1" changeset="105196947" timestamp="2021-05-24T05:47:03Z" user="富顺娃儿" uid="4897653" lat="28.8148443" lon="104.6693614"/>
 <node id="8759519460" visible="true" version="1" changeset="105196947" timestamp="2021-05-24T05:47:03Z" user="富顺娃儿" uid="4897653" lat="28.8148697" lon="104.6694212"/>
 <node id="8759519461" visible="true" version="1" changeset="105196947" timestamp="2021-05-24T05:47:03Z" user="富顺娃儿" uid="4897653" lat="28.8148860" lon="104.6694849"/>
 <node id="8759519462" visible="true" version="1" changeset="105196947" timestamp="2021-05-24T05:47:03Z" user="富顺娃儿" uid="4897653" lat="28.8148930" lon="104.6695509"/>
 <node id="8759519463" visible="true" version="1" changeset="105196947" timestamp="2021-05-24T05:47:03Z" user="富顺娃儿" uid="4897653" lat="28.8148903" lon="104.6696172"/>
 <node id="8759519464" visible="true" version="1" changeset="105196947" timestamp="2021-05-24T05:47:03Z" user="富顺娃儿" uid="4897653" lat="28.8148781" lon="104.6696822"/>
 <node id="8759519465" visible="true" version="1" changeset="105196947" timestamp="2021-05-24T05:47:03Z" user="富顺娃儿" uid="4897653" lat="28.8159024" lon="104.6713859"/>
 <node id="8759519466" visible="true" version="1" changeset="105196947" timestamp="2021-05-24T05:47:03Z" user="富顺娃儿" uid="4897653" lat="28.8152432" lon="104.6722266"/>
 <node id="8759519467" visible="true" version="1" changeset="105196947" timestamp="2021-05-24T05:47:03Z" user="富顺娃儿" uid="4897653" lat="28.8148090" lon="104.6717820"/>
 <node id="8759519468" visible="true" version="1" changeset="105196947" timestamp="2021-05-24T05:47:03Z" user="富顺娃儿" uid="4897653" lat="28.8154671" lon="104.6709418"/>
 <node id="8759519469" visible="true" version="1" changeset="105196947" timestamp="2021-05-24T05:47:03Z" user="富顺娃儿" uid="4897653" lat="28.8133877" lon="104.6699087"/>
 <node id="8759519470" visible="true" version="1" changeset="105196947" timestamp="2021-05-24T05:47:03Z" user="富顺娃儿" uid="4897653" lat="28.8132456" lon="104.6699873"/>
 <node id="8759519471" visible="true" version="1" changeset="105196947" timestamp="2021-05-24T05:47:03Z" user="富顺娃儿" uid="4897653" lat="28.8131729" lon="104.6698162"/>
 <node id="8759519472" visible="true" version="1" changeset="105196947" timestamp="2021-05-24T05:47:03Z" user="富顺娃儿" uid="4897653" lat="28.8133150" lon="104.6697376"/>
 <node id="8759519473" visible="true" version="1" changeset="105196947" timestamp="2021-05-24T05:47:03Z" user="富顺娃儿" uid="4897653" lat="28.8123857" lon="104.6704837"/>
 <node id="8759519474" visible="true" version="1" changeset="105196947" timestamp="2021-05-24T05:47:03Z" user="富顺娃儿" uid="4897653" lat="28.8122362" lon="104.6701410"/>
 <node id="8759519475" visible="true" version="1" changeset="105196947" timestamp="2021-05-24T05:47:03Z" user="富顺娃儿" uid="4897653" lat="28.8023058" lon="104.6759024"/>
 <node id="8759519476" visible="true" version="1" changeset="105196947" timestamp="2021-05-24T05:47:03Z" user="富顺娃儿" uid="4897653" lat="28.8022336" lon="104.6755624"/>
 <node id="8759519477" visible="true" version="1" changeset="105196947" timestamp="2021-05-24T05:47:03Z" user="富顺娃儿" uid="4897653" lat="28.8017227" lon="104.6757036"/>
 <node id="8759519478" visible="true" version="1" changeset="105196947" timestamp="2021-05-24T05:47:03Z" user="富顺娃儿" uid="4897653" lat="28.8017949" lon="104.6760436"/>
 <node id="8759519483" visible="true" version="1" changeset="105196947" timestamp="2021-05-24T05:47:03Z" user="富顺娃儿" uid="4897653" lat="28.8023148" lon="104.6754605"/>
 <node id="8759519484" visible="true" version="1" changeset="105196947" timestamp="2021-05-24T05:47:03Z" user="富顺娃儿" uid="4897653" lat="28.8023307" lon="104.6755343"/>
 <node id="8759519485" visible="true" version="1" changeset="105196947" timestamp="2021-05-24T05:47:03Z" user="富顺娃儿" uid="4897653" lat="28.8023607" lon="104.6755584"/>
 <node id="8759519486" visible="true" version="1" changeset="105196947" timestamp="2021-05-24T05:47:03Z" user="富顺娃儿" uid="4897653" lat="28.8023877" lon="104.6755899"/>
 <node id="8759519487" visible="true" version="1" changeset="105196947" timestamp="2021-05-24T05:47:03Z" user="富顺娃儿" uid="4897653" lat="28.8024089" lon="104.6756235"/>
 <node id="8759519488" visible="true" version="1" changeset="105196947" timestamp="2021-05-24T05:47:03Z" user="富顺娃儿" uid="4897653" lat="28.8024253" lon="104.6756657"/>
 <node id="8759519489" visible="true" version="1" changeset="105196947" timestamp="2021-05-24T05:47:03Z" user="富顺娃儿" uid="4897653" lat="28.8024335" lon="104.6757019"/>
 <node id="8759519490" visible="true" version="1" changeset="105196947" timestamp="2021-05-24T05:47:03Z" user="富顺娃儿" uid="4897653" lat="28.8024353" lon="104.6757435"/>
 <node id="8759519491" visible="true" version="1" changeset="105196947" timestamp="2021-05-24T05:47:03Z" user="富顺娃儿" uid="4897653" lat="28.8024324" lon="104.6757851"/>
 <node id="8759519492" visible="true" version="1" changeset="105196947" timestamp="2021-05-24T05:47:03Z" user="富顺娃儿" uid="4897653" lat="28.8024235" lon="104.6758273"/>
 <node id="8759519493" visible="true" version="1" changeset="105196947" timestamp="2021-05-24T05:47:03Z" user="富顺娃儿" uid="4897653" lat="28.8024036" lon="104.6758810"/>
 <node id="8759519494" visible="true" version="1" changeset="105196947" timestamp="2021-05-24T05:47:03Z" user="富顺娃儿" uid="4897653" lat="28.8024188" lon="104.6759541"/>
 <node id="8759519495" visible="true" version="1" changeset="105196947" timestamp="2021-05-24T05:47:03Z" user="富顺娃儿" uid="4897653" lat="28.8017190" lon="104.6761499"/>
 <node id="8759519496" visible="true" version="1" changeset="105196947" timestamp="2021-05-24T05:47:03Z" user="富顺娃儿" uid="4897653" lat="28.8017026" lon="104.6760593"/>
 <node id="8759519497" visible="true" version="1" changeset="105196947" timestamp="2021-05-24T05:47:03Z" user="富顺娃儿" uid="4897653" lat="28.8016667" lon="104.6760251"/>
 <node id="8759519498" visible="true" version="1" changeset="105196947" timestamp="2021-05-24T05:47:03Z" user="富顺娃儿" uid="4897653" lat="28.8016373" lon="104.6759869"/>
 <node id="8759519499" visible="true" version="1" changeset="105196947" timestamp="2021-05-24T05:47:03Z" user="富顺娃儿" uid="4897653" lat="28.8016221" lon="104.6759494"/>
 <node id="8759519500" visible="true" version="1" changeset="105196947" timestamp="2021-05-24T05:47:03Z" user="富顺娃儿" uid="4897653" lat="28.8016127" lon="104.6759085"/>
 <node id="8759519501" visible="true" version="1" changeset="105196947" timestamp="2021-05-24T05:47:03Z" user="富顺娃儿" uid="4897653" lat="28.8016074" lon="104.6758515"/>
 <node id="8759519502" visible="true" version="1" changeset="105196947" timestamp="2021-05-24T05:47:03Z" user="富顺娃儿" uid="4897653" lat="28.8016103" lon="104.6758085"/>
 <node id="8759519503" visible="true" version="1" changeset="105196947" timestamp="2021-05-24T05:47:03Z" user="富顺娃儿" uid="4897653" lat="28.8016203" lon="104.6757703"/>
 <node id="8759519504" visible="true" version="1" changeset="105196947" timestamp="2021-05-24T05:47:03Z" user="富顺娃儿" uid="4897653" lat="28.8016356" lon="104.6757361"/>
 <node id="8759519505" visible="true" version="1" changeset="105196947" timestamp="2021-05-24T05:47:03Z" user="富顺娃儿" uid="4897653" lat="28.8016197" lon="104.6756490"/>
 <node id="8759519518" visible="true" version="1" changeset="105196947" timestamp="2021-05-24T05:47:03Z" user="富顺娃儿" uid="4897653" lat="28.8025416" lon="104.6722627"/>
 <node id="8759519535" visible="true" version="4" changeset="157819561" timestamp="2024-10-13T04:59:28Z" user="Rieez" uid="18784735" lat="28.8038645" lon="104.6730641">
  <tag k="amenity" v="cafe"/>
  <tag k="brand" v="蜜雪冰城"/>
  <tag k="brand:en" v="MIXUEBINGCHENG"/>
  <tag k="brand:wikidata" v="Q107406476"/>
  <tag k="brand:zh" v="蜜雪冰城"/>
  <tag k="cuisine" v="ice_cream;bubble_tea"/>
  <tag k="name" v="蜜雪冰城"/>
  <tag k="name:en" v="MIXUEBINGCHENG"/>
  <tag k="name:zh" v="蜜雪冰城"/>
  <tag k="takeaway" v="yes"/>
 </node>
 <node id="8759519539" visible="true" version="1" changeset="105196947" timestamp="2021-05-24T05:47:03Z" user="富顺娃儿" uid="4897653" lat="28.8019593" lon="104.6722117"/>
 <node id="8759519553" visible="true" version="1" changeset="105196947" timestamp="2021-05-24T05:47:03Z" user="富顺娃儿" uid="4897653" lat="28.8016731" lon="104.6763910"/>
 <node id="8759519554" visible="true" version="1" changeset="105196947" timestamp="2021-05-24T05:47:03Z" user="富顺娃儿" uid="4897653" lat="28.8014446" lon="104.6752346"/>
 <node id="8759519555" visible="true" version="1" changeset="105196947" timestamp="2021-05-24T05:47:03Z" user="富顺娃儿" uid="4897653" lat="28.8024083" lon="104.6749341"/>
 <node id="8759519556" visible="true" version="1" changeset="105196947" timestamp="2021-05-24T05:47:03Z" user="富顺娃儿" uid="4897653" lat="28.8024976" lon="104.6748751"/>
 <node id="8759519557" visible="true" version="1" changeset="105196947" timestamp="2021-05-24T05:47:03Z" user="富顺娃儿" uid="4897653" lat="28.8025352" lon="104.6747357"/>
 <node id="8759519558" visible="true" version="1" changeset="105196947" timestamp="2021-05-24T05:47:03Z" user="富顺娃儿" uid="4897653" lat="28.8025446" lon="104.6710932"/>
 <node id="8759519591" visible="true" version="1" changeset="105196947" timestamp="2021-05-24T05:47:03Z" user="富顺娃儿" uid="4897653" lat="28.8083237" lon="104.6730537"/>
 <node id="8759519592" visible="true" version="1" changeset="105196947" timestamp="2021-05-24T05:47:03Z" user="富顺娃儿" uid="4897653" lat="28.8081278" lon="104.6731596"/>
 <node id="8759519593" visible="true" version="1" changeset="105196947" timestamp="2021-05-24T05:47:03Z" user="富顺娃儿" uid="4897653" lat="28.8083395" lon="104.6736699"/>
 <node id="8759519594" visible="true" version="1" changeset="105196947" timestamp="2021-05-24T05:47:03Z" user="富顺娃儿" uid="4897653" lat="28.8085370" lon="104.6735679"/>
 <node id="8759519595" visible="true" version="1" changeset="105196947" timestamp="2021-05-24T05:47:03Z" user="富顺娃儿" uid="4897653" lat="28.8086411" lon="104.6733490"/>
 <node id="8759519596" visible="true" version="1" changeset="105196947" timestamp="2021-05-24T05:47:03Z" user="富顺娃儿" uid="4897653" lat="28.8088230" lon="104.6732507"/>
 <node id="8759519597" visible="true" version="1" changeset="105196947" timestamp="2021-05-24T05:47:03Z" user="富顺娃儿" uid="4897653" lat="28.8086149" lon="104.6727491"/>
 <node id="8759519598" visible="true" version="1" changeset="105196947" timestamp="2021-05-24T05:47:03Z" user="富顺娃儿" uid="4897653" lat="28.8084321" lon="104.6728454"/>
 <node id="8759519599" visible="true" version="1" changeset="105196947" timestamp="2021-05-24T05:47:03Z" user="富顺娃儿" uid="4897653" lat="28.8083375" lon="104.6721972"/>
 <node id="8759519600" visible="true" version="1" changeset="105196947" timestamp="2021-05-24T05:47:03Z" user="富顺娃儿" uid="4897653" lat="28.8084010" lon="104.6721613"/>
 <node id="8759519601" visible="true" version="1" changeset="105196947" timestamp="2021-05-24T05:47:03Z" user="富顺娃儿" uid="4897653" lat="28.8085480" lon="104.6725006"/>
 <node id="8759519602" visible="true" version="1" changeset="105196947" timestamp="2021-05-24T05:47:03Z" user="富顺娃儿" uid="4897653" lat="28.8083874" lon="104.6725912"/>
 <node id="8759519603" visible="true" version="1" changeset="105196947" timestamp="2021-05-24T05:47:03Z" user="富顺娃儿" uid="4897653" lat="28.8082522" lon="104.6722791"/>
 <node id="8759519604" visible="true" version="1" changeset="105196947" timestamp="2021-05-24T05:47:03Z" user="富顺娃儿" uid="4897653" lat="28.8081873" lon="104.6723157"/>
 <node id="8759519605" visible="true" version="1" changeset="105196947" timestamp="2021-05-24T05:47:03Z" user="富顺娃儿" uid="4897653" lat="28.8080798" lon="104.6720677"/>
 <node id="8759519606" visible="true" version="1" changeset="105196947" timestamp="2021-05-24T05:47:03Z" user="富顺娃儿" uid="4897653" lat="28.8078926" lon="104.6721733"/>
 <node id="8759519607" visible="true" version="1" changeset="105196947" timestamp="2021-05-24T05:47:03Z" user="富顺娃儿" uid="4897653" lat="28.8080151" lon="104.6724562"/>
 <node id="8759519608" visible="true" version="1" changeset="105196947" timestamp="2021-05-24T05:47:03Z" user="富顺娃儿" uid="4897653" lat="28.8080902" lon="104.6724138"/>
 <node id="8759519609" visible="true" version="1" changeset="105196947" timestamp="2021-05-24T05:47:03Z" user="富顺娃儿" uid="4897653" lat="28.8082126" lon="104.6726963"/>
 <node id="8759519610" visible="true" version="1" changeset="105196947" timestamp="2021-05-24T05:47:03Z" user="富顺娃儿" uid="4897653" lat="28.8080397" lon="104.6727938"/>
 <node id="8759519611" visible="true" version="1" changeset="105196947" timestamp="2021-05-24T05:47:03Z" user="富顺娃儿" uid="4897653" lat="28.8079296" lon="104.6725396"/>
 <node id="8759519612" visible="true" version="1" changeset="105196947" timestamp="2021-05-24T05:47:03Z" user="富顺娃儿" uid="4897653" lat="28.8078761" lon="104.6725698"/>
 <node id="8759519613" visible="true" version="1" changeset="105196947" timestamp="2021-05-24T05:47:03Z" user="富顺娃儿" uid="4897653" lat="28.8076911" lon="104.6721426"/>
 <node id="8759519614" visible="true" version="1" changeset="105196947" timestamp="2021-05-24T05:47:03Z" user="富顺娃儿" uid="4897653" lat="28.8081915" lon="104.6718603"/>
 <node id="8759519615" visible="true" version="1" changeset="105196947" timestamp="2021-05-24T05:47:03Z" user="富顺娃儿" uid="4897653" lat="28.8075365" lon="104.6716082"/>
 <node id="8759519616" visible="true" version="1" changeset="105196947" timestamp="2021-05-24T05:47:03Z" user="富顺娃儿" uid="4897653" lat="28.8074614" lon="104.6716506"/>
 <node id="8759519617" visible="true" version="1" changeset="105196947" timestamp="2021-05-24T05:47:03Z" user="富顺娃儿" uid="4897653" lat="28.8076985" lon="104.6714735"/>
 <node id="8759519618" visible="true" version="1" changeset="105196947" timestamp="2021-05-24T05:47:03Z" user="富顺娃儿" uid="4897653" lat="28.8076335" lon="104.6715102"/>
 <node id="8759519619" visible="true" version="1" changeset="105196947" timestamp="2021-05-24T05:47:03Z" user="富顺娃儿" uid="4897653" lat="28.8075261" lon="104.6712621"/>
 <node id="8759519620" visible="true" version="1" changeset="105196947" timestamp="2021-05-24T05:47:03Z" user="富顺娃儿" uid="4897653" lat="28.8073389" lon="104.6713677"/>
 <node id="8759519621" visible="true" version="1" changeset="105196947" timestamp="2021-05-24T05:47:03Z" user="富顺娃儿" uid="4897653" lat="28.8076589" lon="104.6718907"/>
 <node id="8759519622" visible="true" version="1" changeset="105196947" timestamp="2021-05-24T05:47:03Z" user="富顺娃儿" uid="4897653" lat="28.8078337" lon="104.6717856"/>
 <node id="8759519623" visible="true" version="1" changeset="105196947" timestamp="2021-05-24T05:47:03Z" user="富顺娃儿" uid="4897653" lat="28.8078473" lon="104.6713557"/>
 <node id="8759519624" visible="true" version="1" changeset="105196947" timestamp="2021-05-24T05:47:03Z" user="富顺娃儿" uid="4897653" lat="28.8077838" lon="104.6713916"/>
 <node id="8759519625" visible="true" version="1" changeset="105196947" timestamp="2021-05-24T05:47:03Z" user="富顺娃儿" uid="4897653" lat="28.8073759" lon="104.6717340"/>
 <node id="8759519626" visible="true" version="1" changeset="105196947" timestamp="2021-05-24T05:47:03Z" user="富顺娃儿" uid="4897653" lat="28.8073224" lon="104.6717642"/>
 <node id="8759519627" visible="true" version="1" changeset="105196947" timestamp="2021-05-24T05:47:03Z" user="富顺娃儿" uid="4897653" lat="28.8058644" lon="104.6719387"/>
 <node id="8759519628" visible="true" version="1" changeset="105196947" timestamp="2021-05-24T05:47:03Z" user="富顺娃儿" uid="4897653" lat="28.8061421" lon="104.6717845"/>
 <node id="8759519629" visible="true" version="1" changeset="105196947" timestamp="2021-05-24T05:47:03Z" user="富顺娃儿" uid="4897653" lat="28.8062385" lon="104.6717385"/>
 <node id="8759519630" visible="true" version="1" changeset="105196947" timestamp="2021-05-24T05:47:03Z" user="富顺娃儿" uid="4897653" lat="28.8065223" lon="104.6715810"/>
 <node id="8759519631" visible="true" version="1" changeset="105196947" timestamp="2021-05-24T05:47:03Z" user="富顺娃儿" uid="4897653" lat="28.8065011" lon="104.6715312"/>
 <node id="8759519632" visible="true" version="1" changeset="105196947" timestamp="2021-05-24T05:47:03Z" user="富顺娃儿" uid="4897653" lat="28.8058465" lon="104.6718966"/>
 <node id="8759519633" visible="true" version="1" changeset="105196947" timestamp="2021-05-24T05:47:03Z" user="富顺娃儿" uid="4897653" lat="28.8061238" lon="104.6717415"/>
 <node id="8759519634" visible="true" version="1" changeset="105196947" timestamp="2021-05-24T05:47:03Z" user="富顺娃儿" uid="4897653" lat="28.8062176" lon="104.6716894"/>
 <node id="8759519635" visible="true" version="1" changeset="105196947" timestamp="2021-05-24T05:47:03Z" user="富顺娃儿" uid="4897653" lat="28.8060069" lon="104.6710252"/>
 <node id="8759519636" visible="true" version="1" changeset="105196947" timestamp="2021-05-24T05:47:03Z" user="富顺娃儿" uid="4897653" lat="28.8060362" lon="104.6710939"/>
 <node id="8759519637" visible="true" version="1" changeset="105196947" timestamp="2021-05-24T05:47:03Z" user="富顺娃儿" uid="4897653" lat="28.8055400" lon="104.6693295"/>
 <node id="8759519638" visible="true" version="1" changeset="105196947" timestamp="2021-05-24T05:47:03Z" user="富顺娃儿" uid="4897653" lat="28.8055206" lon="104.6692838"/>
 <node id="8759519639" visible="true" version="1" changeset="105196947" timestamp="2021-05-24T05:47:03Z" user="富顺娃儿" uid="4897653" lat="28.8052579" lon="104.6694291"/>
 <node id="8759519640" visible="true" version="1" changeset="105196947" timestamp="2021-05-24T05:47:03Z" user="富顺娃儿" uid="4897653" lat="28.8051683" lon="104.6694916"/>
 <node id="8759519641" visible="true" version="1" changeset="105196947" timestamp="2021-05-24T05:47:03Z" user="富顺娃儿" uid="4897653" lat="28.8048956" lon="104.6696424"/>
 <node id="8759519642" visible="true" version="1" changeset="105196947" timestamp="2021-05-24T05:47:03Z" user="富顺娃儿" uid="4897653" lat="28.8049137" lon="104.6696850"/>
 <node id="8759519643" visible="true" version="1" changeset="105196947" timestamp="2021-05-24T05:47:03Z" user="富顺娃儿" uid="4897653" lat="28.8052803" lon="104.6694817"/>
 <node id="8759519644" visible="true" version="1" changeset="105196947" timestamp="2021-05-24T05:47:03Z" user="富顺娃儿" uid="4897653" lat="28.8051862" lon="104.6695337"/>
 <node id="8759519645" visible="true" version="1" changeset="105196947" timestamp="2021-05-24T05:47:03Z" user="富顺娃儿" uid="4897653" lat="28.8052945" lon="104.6702523"/>
 <node id="8759519646" visible="true" version="1" changeset="105196947" timestamp="2021-05-24T05:47:03Z" user="富顺娃儿" uid="4897653" lat="28.8052971" lon="104.6702583"/>
 <node id="8759519647" visible="true" version="1" changeset="105196947" timestamp="2021-05-24T05:47:03Z" user="富顺娃儿" uid="4897653" lat="28.8055947" lon="104.6700864"/>
 <node id="8759519648" visible="true" version="1" changeset="105196947" timestamp="2021-05-24T05:47:03Z" user="富顺娃儿" uid="4897653" lat="28.8055612" lon="104.6700076"/>
 <node id="8759519649" visible="true" version="1" changeset="105196947" timestamp="2021-05-24T05:47:03Z" user="富顺娃儿" uid="4897653" lat="28.8109270" lon="104.6718714"/>
 <node id="8759519650" visible="true" version="1" changeset="105196947" timestamp="2021-05-24T05:47:03Z" user="富顺娃儿" uid="4897653" lat="28.8108223" lon="104.6717128"/>
 <node id="8759519651" visible="true" version="1" changeset="105196947" timestamp="2021-05-24T05:47:03Z" user="富顺娃儿" uid="4897653" lat="28.8160071" lon="104.6712022"/>
 <node id="8759519652" visible="true" version="1" changeset="105196947" timestamp="2021-05-24T05:47:03Z" user="富顺娃儿" uid="4897653" lat="28.8159995" lon="104.6711356"/>
 <node id="8759519653" visible="true" version="1" changeset="105196947" timestamp="2021-05-24T05:47:03Z" user="富顺娃儿" uid="4897653" lat="28.8159829" lon="104.6710712"/>
 <node id="8759519654" visible="true" version="1" changeset="105196947" timestamp="2021-05-24T05:47:03Z" user="富顺娃儿" uid="4897653" lat="28.8159577" lon="104.6710106"/>
 <node id="8759519655" visible="true" version="1" changeset="105196947" timestamp="2021-05-24T05:47:03Z" user="富顺娃儿" uid="4897653" lat="28.8159244" lon="104.6709552"/>
 <node id="8759519656" visible="true" version="1" changeset="105196947" timestamp="2021-05-24T05:47:03Z" user="富顺娃儿" uid="4897653" lat="28.8158840" lon="104.6709065"/>
 <node id="8759519657" visible="true" version="1" changeset="105196947" timestamp="2021-05-24T05:47:03Z" user="富顺娃儿" uid="4897653" lat="28.8158374" lon="104.6708655"/>
 <node id="8759519658" visible="true" version="1" changeset="105196947" timestamp="2021-05-24T05:47:03Z" user="富顺娃儿" uid="4897653" lat="28.8157858" lon="104.6708334"/>
 <node id="8759519659" visible="true" version="1" changeset="105196947" timestamp="2021-05-24T05:47:03Z" user="富顺娃儿" uid="4897653" lat="28.8157304" lon="104.6708109"/>
 <node id="8759519660" visible="true" version="1" changeset="105196947" timestamp="2021-05-24T05:47:03Z" user="富顺娃儿" uid="4897653" lat="28.8156726" lon="104.6707985"/>
 <node id="8759519661" visible="true" version="1" changeset="105196947" timestamp="2021-05-24T05:47:03Z" user="富顺娃儿" uid="4897653" lat="28.8156138" lon="104.6707966"/>
 <node id="8759519662" visible="true" version="1" changeset="105196947" timestamp="2021-05-24T05:47:03Z" user="富顺娃儿" uid="4897653" lat="28.8155941" lon="104.6707996"/>
 <node id="8759519663" visible="true" version="1" changeset="105196947" timestamp="2021-05-24T05:47:03Z" user="富顺娃儿" uid="4897653" lat="28.8154901" lon="104.6706911"/>
 <node id="8759519664" visible="true" version="1" changeset="105196947" timestamp="2021-05-24T05:47:03Z" user="富顺娃儿" uid="4897653" lat="28.8145941" lon="104.6718314"/>
 <node id="8759519665" visible="true" version="1" changeset="105196947" timestamp="2021-05-24T05:47:03Z" user="富顺娃儿" uid="4897653" lat="28.8147085" lon="104.6719490"/>
 <node id="8759519666" visible="true" version="1" changeset="105196947" timestamp="2021-05-24T05:47:03Z" user="富顺娃儿" uid="4897653" lat="28.8147160" lon="104.6720155"/>
 <node id="8759519667" visible="true" version="1" changeset="105196947" timestamp="2021-05-24T05:47:03Z" user="富顺娃儿" uid="4897653" lat="28.8147326" lon="104.6720799"/>
 <node id="8759519668" visible="true" version="1" changeset="105196947" timestamp="2021-05-24T05:47:03Z" user="富顺娃儿" uid="4897653" lat="28.8147579" lon="104.6721405"/>
 <node id="8759519669" visible="true" version="1" changeset="105196947" timestamp="2021-05-24T05:47:03Z" user="富顺娃儿" uid="4897653" lat="28.8147911" lon="104.6721959"/>
 <node id="8759519670" visible="true" version="1" changeset="105196947" timestamp="2021-05-24T05:47:03Z" user="富顺娃儿" uid="4897653" lat="28.8148315" lon="104.6722447"/>
 <node id="8759519671" visible="true" version="1" changeset="105196947" timestamp="2021-05-24T05:47:03Z" user="富顺娃儿" uid="4897653" lat="28.8148781" lon="104.6722856"/>
 <node id="8759519672" visible="true" version="1" changeset="105196947" timestamp="2021-05-24T05:47:03Z" user="富顺娃儿" uid="4897653" lat="28.8149297" lon="104.6723178"/>
 <node id="8759519673" visible="true" version="1" changeset="105196947" timestamp="2021-05-24T05:47:03Z" user="富顺娃儿" uid="4897653" lat="28.8149851" lon="104.6723403"/>
 <node id="8759519674" visible="true" version="1" changeset="105196947" timestamp="2021-05-24T05:47:03Z" user="富顺娃儿" uid="4897653" lat="28.8150429" lon="104.6723526"/>
 <node id="8759519675" visible="true" version="1" changeset="105196947" timestamp="2021-05-24T05:47:03Z" user="富顺娃儿" uid="4897653" lat="28.8151017" lon="104.6723545"/>
 <node id="8759519676" visible="true" version="1" changeset="105196947" timestamp="2021-05-24T05:47:03Z" user="富顺娃儿" uid="4897653" lat="28.8152206" lon="104.6724819"/>
 <node id="8759519677" visible="true" version="1" changeset="105196947" timestamp="2021-05-24T05:47:03Z" user="富顺娃儿" uid="4897653" lat="28.8161180" lon="104.6713279"/>
 <node id="8759519678" visible="true" version="1" changeset="105196947" timestamp="2021-05-24T05:47:03Z" user="富顺娃儿" uid="4897653" lat="28.8160067" lon="104.6712155"/>
 <node id="8759519679" visible="true" version="1" changeset="105196947" timestamp="2021-05-24T05:47:03Z" user="富顺娃儿" uid="4897653" lat="28.8115133" lon="104.6663323"/>
 <node id="8759519680" visible="true" version="1" changeset="105196947" timestamp="2021-05-24T05:47:03Z" user="富顺娃儿" uid="4897653" lat="28.8111372" lon="104.6668446"/>
 <node id="8759519681" visible="true" version="1" changeset="105196947" timestamp="2021-05-24T05:47:03Z" user="富顺娃儿" uid="4897653" lat="28.8107823" lon="104.6672174"/>
 <node id="8759519682" visible="true" version="1" changeset="105196947" timestamp="2021-05-24T05:47:03Z" user="富顺娃儿" uid="4897653" lat="28.8117812" lon="104.6680999"/>
 <node id="8759519683" visible="true" version="1" changeset="105196947" timestamp="2021-05-24T05:47:03Z" user="富顺娃儿" uid="4897653" lat="28.8066107" lon="104.6734241"/>
 <node id="8759519684" visible="true" version="1" changeset="105196947" timestamp="2021-05-24T05:47:03Z" user="富顺娃儿" uid="4897653" lat="28.8057211" lon="104.6739162"/>
 <node id="8759519685" visible="true" version="1" changeset="105196947" timestamp="2021-05-24T05:47:03Z" user="富顺娃儿" uid="4897653" lat="28.8054672" lon="104.6733168"/>
 <node id="8759519686" visible="true" version="1" changeset="105196947" timestamp="2021-05-24T05:47:03Z" user="富顺娃儿" uid="4897653" lat="28.8063557" lon="104.6728246"/>
 <node id="8759519687" visible="true" version="1" changeset="105196947" timestamp="2021-05-24T05:47:03Z" user="富顺娃儿" uid="4897653" lat="28.8065277" lon="104.6727496"/>
 <node id="8759519688" visible="true" version="1" changeset="105196947" timestamp="2021-05-24T05:47:03Z" user="富顺娃儿" uid="4897653" lat="28.8064679" lon="104.6726040"/>
 <node id="8759519689" visible="true" version="1" changeset="105196947" timestamp="2021-05-24T05:47:03Z" user="富顺娃儿" uid="4897653" lat="28.8052581" lon="104.6732672"/>
 <node id="8759519690" visible="true" version="1" changeset="105196947" timestamp="2021-05-24T05:47:03Z" user="富顺娃儿" uid="4897653" lat="28.8056194" lon="104.6741416"/>
 <node id="8759519691" visible="true" version="1" changeset="105196947" timestamp="2021-05-24T05:47:03Z" user="富顺娃儿" uid="4897653" lat="28.8068351" lon="104.6734663"/>
 <node id="8759519692" visible="true" version="1" changeset="105196947" timestamp="2021-05-24T05:47:03Z" user="富顺娃儿" uid="4897653" lat="28.8067699" lon="104.6733139"/>
 <node id="8759519693" visible="true" version="1" changeset="105196947" timestamp="2021-05-24T05:47:03Z" user="富顺娃儿" uid="4897653" lat="28.8055521" lon="104.6739719"/>
 <node id="8759519694" visible="true" version="1" changeset="105196947" timestamp="2021-05-24T05:47:03Z" user="富顺娃儿" uid="4897653" lat="28.8054984" lon="104.6739446"/>
 <node id="8759519695" visible="true" version="1" changeset="105196947" timestamp="2021-05-24T05:47:03Z" user="富顺娃儿" uid="4897653" lat="28.8054491" lon="104.6739080"/>
 <node id="8759519696" visible="true" version="1" changeset="105196947" timestamp="2021-05-24T05:47:03Z" user="富顺娃儿" uid="4897653" lat="28.8054055" lon="104.6738630"/>
 <node id="8759519697" visible="true" version="1" changeset="105196947" timestamp="2021-05-24T05:47:03Z" user="富顺娃儿" uid="4897653" lat="28.8053685" lon="104.6738108"/>
 <node id="8759519698" visible="true" version="1" changeset="105196947" timestamp="2021-05-24T05:47:03Z" user="富顺娃儿" uid="4897653" lat="28.8053392" lon="104.6737526"/>
 <node id="8759519699" visible="true" version="1" changeset="105196947" timestamp="2021-05-24T05:47:03Z" user="富顺娃儿" uid="4897653" lat="28.8053181" lon="104.6736900"/>
 <node id="8759519700" visible="true" version="1" changeset="105196947" timestamp="2021-05-24T05:47:03Z" user="富顺娃儿" uid="4897653" lat="28.8053060" lon="104.6736243"/>
 <node id="8759519701" visible="true" version="1" changeset="105196947" timestamp="2021-05-24T05:47:03Z" user="富顺娃儿" uid="4897653" lat="28.8053029" lon="104.6735573"/>
 <node id="8759519702" visible="true" version="1" changeset="105196947" timestamp="2021-05-24T05:47:03Z" user="富顺娃儿" uid="4897653" lat="28.8053092" lon="104.6734905"/>
 <node id="8759519703" visible="true" version="1" changeset="105196947" timestamp="2021-05-24T05:47:03Z" user="富顺娃儿" uid="4897653" lat="28.8053244" lon="104.6734257"/>
 <node id="8759519704" visible="true" version="1" changeset="105196947" timestamp="2021-05-24T05:47:03Z" user="富顺娃儿" uid="4897653" lat="28.8065469" lon="104.6727555"/>
 <node id="8759519705" visible="true" version="1" changeset="105196947" timestamp="2021-05-24T05:47:03Z" user="富顺娃儿" uid="4897653" lat="28.8066006" lon="104.6727829"/>
 <node id="8759519706" visible="true" version="1" changeset="105196947" timestamp="2021-05-24T05:47:03Z" user="富顺娃儿" uid="4897653" lat="28.8066499" lon="104.6728195"/>
 <node id="8759519707" visible="true" version="1" changeset="105196947" timestamp="2021-05-24T05:47:03Z" user="富顺娃儿" uid="4897653" lat="28.8066936" lon="104.6728644"/>
 <node id="8759519708" visible="true" version="1" changeset="105196947" timestamp="2021-05-24T05:47:03Z" user="富顺娃儿" uid="4897653" lat="28.8067306" lon="104.6729166"/>
 <node id="8759519709" visible="true" version="1" changeset="105196947" timestamp="2021-05-24T05:47:03Z" user="富顺娃儿" uid="4897653" lat="28.8067599" lon="104.6729748"/>
 <node id="8759519710" visible="true" version="1" changeset="105196947" timestamp="2021-05-24T05:47:03Z" user="富顺娃儿" uid="4897653" lat="28.8067809" lon="104.6730375"/>
 <node id="8759519711" visible="true" version="1" changeset="105196947" timestamp="2021-05-24T05:47:03Z" user="富顺娃儿" uid="4897653" lat="28.8067931" lon="104.6731031"/>
 <node id="8759519712" visible="true" version="1" changeset="105196947" timestamp="2021-05-24T05:47:03Z" user="富顺娃儿" uid="4897653" lat="28.8067961" lon="104.6731702"/>
 <node id="8759519713" visible="true" version="1" changeset="105196947" timestamp="2021-05-24T05:47:03Z" user="富顺娃儿" uid="4897653" lat="28.8067899" lon="104.6732369"/>
 <node id="8759519714" visible="true" version="1" changeset="105196947" timestamp="2021-05-24T05:47:03Z" user="富顺娃儿" uid="4897653" lat="28.8067746" lon="104.6733017"/>
 <node id="8759519715" visible="true" version="1" changeset="105196947" timestamp="2021-05-24T05:47:03Z" user="富顺娃儿" uid="4897653" lat="28.8142488" lon="104.6686953"/>
 <node id="8759519716" visible="true" version="1" changeset="105196947" timestamp="2021-05-24T05:47:03Z" user="富顺娃儿" uid="4897653" lat="28.8142700" lon="104.6688268"/>
 <node id="8759519717" visible="true" version="1" changeset="105196947" timestamp="2021-05-24T05:47:03Z" user="富顺娃儿" uid="4897653" lat="28.8130174" lon="104.6717370"/>
 <node id="8759519718" visible="true" version="1" changeset="105196947" timestamp="2021-05-24T05:47:03Z" user="富顺娃儿" uid="4897653" lat="28.8095602" lon="104.6655840"/>
 <node id="8759519719" visible="true" version="1" changeset="105196947" timestamp="2021-05-24T05:47:03Z" user="富顺娃儿" uid="4897653" lat="28.8097506" lon="104.6670485"/>
 <node id="8759519720" visible="true" version="2" changeset="163638229" timestamp="2025-03-15T07:01:42Z" user="enldm" uid="20125208" lat="28.8097351" lon="104.6698742"/>
 <node id="8759519721" visible="true" version="1" changeset="105196947" timestamp="2021-05-24T05:47:03Z" user="富顺娃儿" uid="4897653" lat="28.8128011" lon="104.6717450"/>
 <node id="8759519722" visible="true" version="1" changeset="105196947" timestamp="2021-05-24T05:47:03Z" user="富顺娃儿" uid="4897653" lat="28.8062558" lon="104.6647578"/>
 <node id="8759519723" visible="true" version="1" changeset="105196947" timestamp="2021-05-24T05:47:03Z" user="富顺娃儿" uid="4897653" lat="28.8119903" lon="104.6658897"/>
 <node id="8759519724" visible="true" version="2" changeset="146234473" timestamp="2024-01-14T06:15:03Z" user="VENTOX" uid="20683110" lat="28.8141933" lon="104.6683976"/>
 <node id="8759519725" visible="true" version="1" changeset="105196947" timestamp="2021-05-24T05:47:03Z" user="富顺娃儿" uid="4897653" lat="28.8126460" lon="104.6723431"/>
 <node id="8759519726" visible="true" version="2" changeset="145720969" timestamp="2023-12-31T06:00:27Z" user="VENTOX" uid="20683110" lat="28.8055591" lon="104.6653663"/>
 <node id="8759519727" visible="true" version="1" changeset="105196947" timestamp="2021-05-24T05:47:03Z" user="富顺娃儿" uid="4897653" lat="28.8054130" lon="104.6654730"/>
 <node id="8759519728" visible="true" version="1" changeset="105196947" timestamp="2021-05-24T05:47:03Z" user="富顺娃儿" uid="4897653" lat="28.8056259" lon="104.6654002"/>
 <node id="8759519729" visible="true" version="2" changeset="145720969" timestamp="2023-12-31T06:00:27Z" user="VENTOX" uid="20683110" lat="28.8056093" lon="104.6655089"/>
 <node id="8759519730" visible="true" version="1" changeset="105196947" timestamp="2021-05-24T05:47:03Z" user="富顺娃儿" uid="4897653" lat="28.8054657" lon="104.6656228"/>
 <node id="8759519731" visible="true" version="1" changeset="105196947" timestamp="2021-05-24T05:47:03Z" user="富顺娃儿" uid="4897653" lat="28.8078117" lon="104.6700016"/>
 <node id="8759519732" visible="true" version="1" changeset="105196947" timestamp="2021-05-24T05:47:03Z" user="富顺娃儿" uid="4897653" lat="28.8077082" lon="104.6700793"/>
 <node id="8759519733" visible="true" version="1" changeset="105196947" timestamp="2021-05-24T05:47:03Z" user="富顺娃儿" uid="4897653" lat="28.8114333" lon="104.6751139"/>
 <node id="8759519734" visible="true" version="2" changeset="145720969" timestamp="2023-12-31T06:00:27Z" user="VENTOX" uid="20683110" lat="28.8082005" lon="104.6707494"/>
 <node id="8759519735" visible="true" version="2" changeset="145720969" timestamp="2023-12-31T06:00:27Z" user="VENTOX" uid="20683110" lat="28.8070179" lon="104.6684726"/>
 <node id="8759519736" visible="true" version="2" changeset="145720969" timestamp="2023-12-31T06:00:27Z" user="VENTOX" uid="20683110" lat="28.8068778" lon="104.6685654"/>
 <node id="8759519737" visible="true" version="1" changeset="105196947" timestamp="2021-05-24T05:47:03Z" user="富顺娃儿" uid="4897653" lat="28.7998440" lon="104.6698675"/>
 <node id="8759519738" visible="true" version="1" changeset="105196947" timestamp="2021-05-24T05:47:03Z" user="富顺娃儿" uid="4897653" lat="28.7997664" lon="104.6713507"/>
 <node id="8759519739" visible="true" version="1" changeset="105196947" timestamp="2021-05-24T05:47:03Z" user="富顺娃儿" uid="4897653" lat="28.7999380" lon="104.6716806"/>
 <node id="8759519740" visible="true" version="1" changeset="105196947" timestamp="2021-05-24T05:47:03Z" user="富顺娃儿" uid="4897653" lat="28.8060137" lon="104.6709082"/>
 <node id="8759519741" visible="true" version="1" changeset="105196947" timestamp="2021-05-24T05:47:03Z" user="富顺娃儿" uid="4897653" lat="28.8051535" lon="104.6704951"/>
 <node id="8759519742" visible="true" version="1" changeset="105196947" timestamp="2021-05-24T05:47:03Z" user="富顺娃儿" uid="4897653" lat="28.8077411" lon="104.6710369"/>
 <node id="8759519743" visible="true" version="1" changeset="105196947" timestamp="2021-05-24T05:47:03Z" user="富顺娃儿" uid="4897653" lat="28.8085120" lon="104.6721876"/>
 <node id="8759519744" visible="true" version="1" changeset="105196947" timestamp="2021-05-24T05:47:03Z" user="富顺娃儿" uid="4897653" lat="28.8089492" lon="104.6727481"/>
 <node id="8759519745" visible="true" version="2" changeset="105197395" timestamp="2021-05-24T05:53:46Z" user="富顺娃儿" uid="4897653" lat="28.8073879" lon="104.6708485"/>
 <node id="8759519746" visible="true" version="1" changeset="105196947" timestamp="2021-05-24T05:47:03Z" user="富顺娃儿" uid="4897653" lat="28.8066530" lon="104.6737727"/>
 <node id="8759519747" visible="true" version="1" changeset="105196947" timestamp="2021-05-24T05:47:03Z" user="富顺娃儿" uid="4897653" lat="28.8034095" lon="104.6696824"/>
 <node id="8759519748" visible="true" version="1" changeset="105196947" timestamp="2021-05-24T05:47:03Z" user="富顺娃儿" uid="4897653" lat="28.8041334" lon="104.6711737"/>
 <node id="8759519749" visible="true" version="1" changeset="105196947" timestamp="2021-05-24T05:47:03Z" user="富顺娃儿" uid="4897653" lat="28.8008782" lon="104.6691647"/>
 <node id="8759519750" visible="true" version="1" changeset="105196947" timestamp="2021-05-24T05:47:03Z" user="富顺娃儿" uid="4897653" lat="28.8009205" lon="104.6692345"/>
 <node id="8759519751" visible="true" version="1" changeset="105196947" timestamp="2021-05-24T05:47:03Z" user="富顺娃儿" uid="4897653" lat="28.8032520" lon="104.6701169"/>
 <node id="8759519752" visible="true" version="1" changeset="105196947" timestamp="2021-05-24T05:47:03Z" user="富顺娃儿" uid="4897653" lat="28.7991638" lon="104.6773181"/>
 <node id="8759533288" visible="true" version="1" changeset="105197395" timestamp="2021-05-24T05:53:46Z" user="富顺娃儿" uid="4897653" lat="28.8098077" lon="104.6733663"/>
 <node id="8759533289" visible="true" version="1" changeset="105197395" timestamp="2021-05-24T05:53:46Z" user="富顺娃儿" uid="4897653" lat="28.8105873" lon="104.6732765"/>
 <node id="8759533290" visible="true" version="1" changeset="105197395" timestamp="2021-05-24T05:53:46Z" user="富顺娃儿" uid="4897653" lat="28.8104023" lon="104.6731766"/>
 <node id="9037563301" visible="true" version="1" changeset="110277725" timestamp="2021-08-26T10:08:26Z" user="北巷猫眠" uid="1915680" lat="28.8066228" lon="104.6666212"/>
 <node id="10542204909" visible="true" version="2" changeset="145720969" timestamp="2023-12-31T06:00:27Z" user="VENTOX" uid="20683110" lat="28.8025432" lon="104.6570345"/>
 <node id="10542204923" visible="true" version="2" changeset="187930218" timestamp="2026-08-24T10:18:13Z" user="Russ" uid="3306" lat="28.8032544" lon="104.6559026">
  <tag k="power" v="tower"/>
 </node>
 <node id="10542204924" visible="true" version="1" changeset="131167816" timestamp="2023-01-12T02:42:30Z" user="Maps Man" uid="10216874" lat="28.8034899" lon="104.6565169"/>
 <node id="10542900543" visible="true" version="1" changeset="131189637" timestamp="2023-01-12T13:43:41Z" user="Maps Man" uid="10216874" lat="28.8264096" lon="104.6784531">
  <tag k="power" v="tower"/>
 </node>
 <node id="10542900544" visible="true" version="1" changeset="131189637" timestamp="2023-01-12T13:43:41Z" user="Maps Man" uid="10216874" lat="28.8261276" lon="104.6802555">
  <tag k="power" v="tower"/>
 </node>
 <node id="10542900545" visible="true" version="1" changeset="131189637" timestamp="2023-01-12T13:43:41Z" user="Maps Man" uid="10216874" lat="28.8271145" lon="104.6813284">
  <tag k="power" v="tower"/>
 </node>
 <node id="10542900546" visible="true" version="1" changeset="131189637" timestamp="2023-01-12T13:43:41Z" user="Maps Man" uid="10216874" lat="28.8280638" lon="104.6802984">
  <tag k="power" v="tower"/>
 </node>
 <node id="10542900547" visible="true" version="1" changeset="131189637" timestamp="2023-01-12T13:43:41Z" user="Maps Man" uid="10216874" lat="28.8314663" lon="104.6828948">
  <tag k="power" v="tower"/>
 </node>
 <node id="10542900548" visible="true" version="1" changeset="131189637" timestamp="2023-01-12T13:43:41Z" user="Maps Man" uid="10216874" lat="28.8415583" lon="104.6912178">
  <tag k="power" v="tower"/>
 </node>
 <node id="10542900549" visible="true" version="1" changeset="131189637" timestamp="2023-01-12T13:43:41Z" user="Maps Man" uid="10216874" lat="28.8389499" lon="104.6918587">
  <tag k="power" v="tower"/>
 </node>
 <node id="10542900550" visible="true" version="1" changeset="131189637" timestamp="2023-01-12T13:43:41Z" user="Maps Man" uid="10216874" lat="28.8374462" lon="104.6877603">
  <tag k="power" v="tower"/>
 </node>
 <node id="10542900551" visible="true" version="1" changeset="131189637" timestamp="2023-01-12T13:43:41Z" user="Maps Man" uid="10216874" lat="28.8357921" lon="104.6888332">
  <tag k="power" v="tower"/>
 </node>
 <node id="10542900552" visible="true" version="1" changeset="131189637" timestamp="2023-01-12T13:43:41Z" user="Maps Man" uid="10216874" lat="28.8293821" lon="104.6834044">
  <tag k="power" v="tower"/>
 </node>
 <node id="10542900553" visible="true" version="1" changeset="131189637" timestamp="2023-01-12T13:43:41Z" user="Maps Man" uid="10216874" lat="28.8311585" lon="104.6849279">
  <tag k="power" v="tower"/>
 </node>
 <node id="10542900554" visible="true" version="1" changeset="131189637" timestamp="2023-01-12T13:43:41Z" user="Maps Man" uid="10216874" lat="28.8336210" lon="104.6871166">
  <tag k="power" v="tower"/>
 </node>
 <node id="10542900555" visible="true" version="1" changeset="131189637" timestamp="2023-01-12T13:43:41Z" user="Maps Man" uid="10216874" lat="28.8336210" lon="104.6847455">
  <tag k="power" v="tower"/>
 </node>
 <node id="10542900556" visible="true" version="1" changeset="131189637" timestamp="2023-01-12T13:43:41Z" user="Maps Man" uid="10216874" lat="28.8357733" lon="104.6863763">
  <tag k="power" v="tower"/>
 </node>
 <node id="10542900557" visible="true" version="1" changeset="131189637" timestamp="2023-01-12T13:43:41Z" user="Maps Man" uid="10216874" lat="28.8397770" lon="104.6898203">
  <tag k="power" v="tower"/>
 </node>
 <node id="10542900558" visible="true" version="1" changeset="131189637" timestamp="2023-01-12T13:43:41Z" user="Maps Man" uid="10216874" lat="28.8420147" lon="104.6944996">
  <tag k="power" v="tower"/>
 </node>
 <node id="11163076878" visible="true" version="1" changeset="140724835" timestamp="2023-09-02T15:35:28Z" user="enldm" uid="20125208" lat="28.8285360" lon="104.6939241"/>
 <node id="11163076879" visible="true" version="2" changeset="160099903" timestamp="2024-12-09T17:00:49Z" user="Kiana_Kaslana" uid="17877421" lat="28.8288054" lon="104.6938934"/>
 <node id="11163076880" visible="true" version="1" changeset="140724835" timestamp="2023-09-02T15:35:28Z" user="enldm" uid="20125208" lat="28.8252806" lon="104.6899860"/>
 <node id="11163076881" visible="true" version="1" changeset="140724835" timestamp="2023-09-02T15:35:28Z" user="enldm" uid="20125208" lat="28.8251480" lon="104.6901341"/>
 <node id="11163076882" visible="true" version="1" changeset="140724835" timestamp="2023-09-02T15:35:28Z" user="enldm" uid="20125208" lat="28.8215400" lon="104.6861016"/>
 <node id="11163076883" visible="true" version="1" changeset="140724835" timestamp="2023-09-02T15:35:28Z" user="enldm" uid="20125208" lat="28.8203284" lon="104.6848208"/>
 <node id="11163076884" visible="true" version="1" changeset="140724835" timestamp="2023-09-02T15:35:28Z" user="enldm" uid="20125208" lat="28.8205048" lon="104.6847082"/>
 <node id="11163076885" visible="true" version="1" changeset="140724835" timestamp="2023-09-02T15:35:28Z" user="enldm" uid="20125208" lat="28.8179345" lon="104.6823740"/>
 <node id="11163076886" visible="true" version="1" changeset="140724835" timestamp="2023-09-02T15:35:28Z" user="enldm" uid="20125208" lat="28.8180764" lon="104.6822359"/>
 <node id="11163076887" visible="true" version="2" changeset="146234524" timestamp="2024-01-14T06:19:44Z" user="VENTOX" uid="20683110" lat="28.8208813" lon="104.6854004"/>
 <node id="11163076888" visible="true" version="1" changeset="140724835" timestamp="2023-09-02T15:35:28Z" user="enldm" uid="20125208" lat="28.8233874" lon="104.6879140"/>
 <node id="11163097477" visible="true" version="3" changeset="160099903" timestamp="2024-12-09T17:00:49Z" user="Kiana_Kaslana" uid="17877421" lat="28.8299716" lon="104.6947048"/>
 <node id="11163105716" visible="true" version="1" changeset="140724549" timestamp="2023-09-02T15:28:57Z" user="enldm" uid="20125208" lat="28.8061886" lon="104.6768719"/>
 <node id="11163105717" visible="true" version="1" changeset="140724549" timestamp="2023-09-02T15:28:57Z" user="enldm" uid="20125208" lat="28.8054790" lon="104.6759630"/>
 <node id="11163105718" visible="true" version="1" changeset="140724549" timestamp="2023-09-02T15:28:57Z" user="enldm" uid="20125208" lat="28.8067315" lon="104.6780058"/>
 <node id="11163105719" visible="true" version="1" changeset="140724549" timestamp="2023-09-02T15:28:57Z" user="enldm" uid="20125208" lat="28.8082409" lon="104.6803722"/>
 <node id="11163105720" visible="true" version="1" changeset="140724549" timestamp="2023-09-02T15:28:57Z" user="enldm" uid="20125208" lat="28.8084532" lon="104.6803146"/>
 <node id="11163105721" visible="true" version="1" changeset="140724549" timestamp="2023-09-02T15:28:57Z" user="enldm" uid="20125208" lat="28.8096508" lon="104.6821323"/>
 <node id="11163105722" visible="true" version="1" changeset="140724549" timestamp="2023-09-02T15:28:57Z" user="enldm" uid="20125208" lat="28.8086459" lon="104.6809410"/>
 <node id="11163105723" visible="true" version="1" changeset="140724549" timestamp="2023-09-02T15:28:57Z" user="enldm" uid="20125208" lat="28.8088517" lon="104.6808647"/>
 <node id="11163105724" visible="true" version="1" changeset="140724549" timestamp="2023-09-02T15:28:57Z" user="enldm" uid="20125208" lat="28.8097471" lon="104.6819610"/>
 <node id="11163105725" visible="true" version="1" changeset="140724549" timestamp="2023-09-02T15:28:57Z" user="enldm" uid="20125208" lat="28.8126281" lon="104.6851191"/>
 <node id="11163105726" visible="true" version="1" changeset="140724549" timestamp="2023-09-02T15:28:57Z" user="enldm" uid="20125208" lat="28.8125365" lon="104.6852848"/>
 <node id="11163105727" visible="true" version="1" changeset="140724549" timestamp="2023-09-02T15:28:57Z" user="enldm" uid="20125208" lat="28.8165840" lon="104.6893070"/>
 <node id="11163105728" visible="true" version="1" changeset="140724549" timestamp="2023-09-02T15:28:57Z" user="enldm" uid="20125208" lat="28.8164815" lon="104.6895107"/>
 <node id="11163105733" visible="true" version="1" changeset="140724549" timestamp="2023-09-02T15:28:57Z" user="enldm" uid="20125208" lat="28.8169986" lon="104.6897838"/>
 <node id="11163105734" visible="true" version="1" changeset="140724549" timestamp="2023-09-02T15:28:57Z" user="enldm" uid="20125208" lat="28.8168114" lon="104.6895685"/>
 <node id="11163158972" visible="true" version="2" changeset="146234524" timestamp="2024-01-14T06:19:44Z" user="VENTOX" uid="20683110" lat="28.8206640" lon="104.6851734"/>
 <node id="11163158973" visible="true" version="2" changeset="146234524" timestamp="2024-01-14T06:19:44Z" user="VENTOX" uid="20683110" lat="28.8169327" lon="104.6897084"/>
 <node id="11163158974" visible="true" version="2" changeset="146234524" timestamp="2024-01-14T06:19:44Z" user="VENTOX" uid="20683110" lat="28.8168007" lon="104.6898648"/>
 <node id="11163158975" visible="true" version="2" changeset="146234524" timestamp="2024-01-14T06:19:44Z" user="VENTOX" uid="20683110" lat="28.8206626" lon="104.6848778"/>
 <node id="11163158976" visible="true" version="2" changeset="146234524" timestamp="2024-01-14T06:19:44Z" user="VENTOX" uid="20683110" lat="28.8205342" lon="104.6850361"/>
 <node id="11163158977" visible="true" version="1" changeset="140725751" timestamp="2023-09-02T15:52:45Z" user="enldm" uid="20125208" lat="28.8166729" lon="104.6897293"/>
 <node id="11163158987" visible="true" version="1" changeset="140725751" timestamp="2023-09-02T15:52:45Z" user="enldm" uid="20125208" lat="28.8182398" lon="104.6824023"/>
 <node id="11163169578" visible="true" version="3" changeset="150967797" timestamp="2024-05-06T14:22:12Z" user="enldm" uid="20125208" lat="28.8238789" lon="104.6881112"/>
 <node id="11163169580" visible="true" version="2" changeset="146234524" timestamp="2024-01-14T06:19:44Z" user="VENTOX" uid="20683110" lat="28.8207907" lon="104.6850183"/>
 <node id="11163169581" visible="true" version="4" changeset="159645243" timestamp="2024-11-27T07:01:46Z" user="SY0649" uid="12079861" lat="28.8229280" lon="104.6876568"/>
 <node id="11163182105" visible="true" version="1" changeset="140725751" timestamp="2023-09-02T15:52:45Z" user="enldm" uid="20125208" lat="28.8188228" lon="104.6829958"/>
 <node id="11164916939" visible="true" version="2" changeset="146130360" timestamp="2024-01-11T07:15:36Z" user="VENTOX" uid="20683110" lat="28.8145170" lon="104.6788221"/>
 <node id="11164916941" visible="true" version="1" changeset="140755880" timestamp="2023-09-03T12:12:57Z" user="enldm" uid="20125208" lat="28.8105588" lon="104.6828507"/>
 <node id="11164916943" visible="true" version="2" changeset="146130360" timestamp="2024-01-11T07:15:36Z" user="VENTOX" uid="20683110" lat="28.8105187" lon="104.6787067"/>
 <node id="11164916944" visible="true" version="2" changeset="146130360" timestamp="2024-01-11T07:15:36Z" user="VENTOX" uid="20683110" lat="28.8086224" lon="104.6805319"/>
 <node id="11164916945" visible="true" version="2" changeset="146130360" timestamp="2024-01-11T07:15:36Z" user="VENTOX" uid="20683110" lat="28.8092907" lon="104.6770509"/>
 <node id="11165000306" visible="true" version="2" changeset="145945861" timestamp="2024-01-06T06:45:38Z" user="VENTOX" uid="20683110" lat="28.8274417" lon="104.6837159"/>
 <node id="11165051748" visible="true" version="1" changeset="140759042" timestamp="2023-09-03T13:30:38Z" user="enldm" uid="20125208" lat="28.7993772" lon="104.6772532"/>
 <node id="11165051766" visible="true" version="3" changeset="160056675" timestamp="2024-12-08T13:17:38Z" user="Kiana_Kaslana" uid="17877421" lat="28.8014734" lon="104.6766238"/>
 <node id="11409784518" visible="true" version="3" changeset="145927107" timestamp="2024-01-05T15:34:31Z" user="VENTOX" uid="20683110" lat="28.8034778" lon="104.6711473"/>
 <node id="11409784519" visible="true" version="2" changeset="145719453" timestamp="2023-12-31T03:39:09Z" user="VENTOX" uid="20683110" lat="28.8026819" lon="104.6715219"/>
 <node id="11409784520" visible="true" version="4" changeset="145927107" timestamp="2024-01-05T15:34:31Z" user="VENTOX" uid="20683110" lat="28.8027675" lon="104.6758815"/>
 <node id="11409784521" visible="true" version="3" changeset="145927107" timestamp="2024-01-05T15:34:31Z" user="VENTOX" uid="20683110" lat="28.8049235" lon="104.6748670"/>
 <node id="11409791487" visible="true" version="1" changeset="145002983" timestamp="2023-12-11T14:54:53Z" user="enldm" uid="20125208" lat="28.8109743" lon="104.6740015">
  <tag k="flag:colour" v="red"/>
  <tag k="flag:name" v="McDonald's"/>
  <tag k="flag:type" v="advertising"/>
  <tag k="flag:wikidata" v="Q64300176"/>
  <tag k="man_made" v="flagpole"/>
  <tag k="subject" v="McDonald's"/>
  <tag k="subject:wikidata" v="Q38076"/>
 </node>
 <node id="11417087723" visible="true" version="2" changeset="163638079" timestamp="2025-03-15T06:55:06Z" user="enldm" uid="20125208" lat="28.8263829" lon="104.6915156">
  <tag k="name" v="成都理工大学北2门"/>
 </node>
 <node id="11417087725" visible="true" version="3" changeset="163638079" timestamp="2025-03-15T06:55:06Z" user="enldm" uid="20125208" lat="28.8227226" lon="104.6874230">
  <tag k="name" v="成都理工大学北1门"/>
 </node>
 <node id="11422328379" visible="true" version="1" changeset="145175831" timestamp="2023-12-16T08:29:13Z" user="enldm" uid="20125208" lat="28.8111447" lon="104.6752748"/>
 <node id="11422328380" visible="true" version="2" changeset="146130360" timestamp="2024-01-11T07:15:36Z" user="VENTOX" uid="20683110" lat="28.8122793" lon="104.6767116"/>
 <node id="11422328381" visible="true" version="2" changeset="146130360" timestamp="2024-01-11T07:15:36Z" user="VENTOX" uid="20683110" lat="28.8105998" lon="104.6785727"/>
 <node id="11422328383" visible="true" version="2" changeset="146130360" timestamp="2024-01-11T07:15:36Z" user="VENTOX" uid="20683110" lat="28.8093853" lon="104.6770882"/>
 <node id="11422328395" visible="true" version="1" changeset="145175831" timestamp="2023-12-16T08:29:13Z" user="enldm" uid="20125208" lat="28.8093349" lon="104.6745474"/>
 <node id="11422328396" visible="true" version="2" changeset="146130360" timestamp="2024-01-11T07:15:36Z" user="VENTOX" uid="20683110" lat="28.8104333" lon="104.6744085"/>
 <node id="11422328399" visible="true" version="3" changeset="163638079" timestamp="2025-03-15T06:55:06Z" user="enldm" uid="20125208" lat="28.8040304" lon="104.6759288"/>
 <node id="11422328400" visible="true" version="3" changeset="163638079" timestamp="2025-03-15T06:55:06Z" user="enldm" uid="20125208" lat="28.8042610" lon="104.6768255"/>
 <node id="11422328401" visible="true" version="2" changeset="150967217" timestamp="2024-05-06T14:08:31Z" user="enldm" uid="20125208" lat="28.8014162" lon="104.6786796"/>
 <node id="11422328402" visible="true" version="3" changeset="163638079" timestamp="2025-03-15T06:55:06Z" user="enldm" uid="20125208" lat="28.8010800" lon="104.6768751"/>
 <node id="11422357757" visible="true" version="2" changeset="145720969" timestamp="2023-12-31T06:00:27Z" user="VENTOX" uid="20683110" lat="28.7999340" lon="104.6656060"/>
 <node id="11422357758" visible="true" version="2" changeset="145720969" timestamp="2023-12-31T06:00:27Z" user="VENTOX" uid="20683110" lat="28.8010483" lon="104.6666299"/>
 <node id="11422357759" visible="true" version="2" changeset="145720969" timestamp="2023-12-31T06:00:27Z" user="VENTOX" uid="20683110" lat="28.8012604" lon="104.6671571"/>
 <node id="11425219238" visible="true" version="1" changeset="145208440" timestamp="2023-12-17T09:52:30Z" user="VENTOX" uid="20683110" lat="28.8186652" lon="104.6831209"/>
 <node id="11425219240" visible="true" version="1" changeset="145208440" timestamp="2023-12-17T09:52:30Z" user="VENTOX" uid="20683110" lat="28.8180754" lon="104.6825180"/>
 <node id="11425219241" visible="true" version="1" changeset="145208440" timestamp="2023-12-17T09:52:30Z" user="VENTOX" uid="20683110" lat="28.8148851" lon="104.6875084"/>
 <node id="11425321169" visible="true" version="1" changeset="145208587" timestamp="2023-12-17T09:59:33Z" user="VENTOX" uid="20683110" lat="28.8127320" lon="104.6854942"/>
 <node id="11425321170" visible="true" version="1" changeset="145208587" timestamp="2023-12-17T09:59:33Z" user="VENTOX" uid="20683110" lat="28.8128466" lon="104.6853504"/>
 <node id="11425321171" visible="true" version="1" changeset="145208587" timestamp="2023-12-17T09:59:33Z" user="VENTOX" uid="20683110" lat="28.8164583" lon="104.6808064"/>
 <node id="11425321172" visible="true" version="1" changeset="145208587" timestamp="2023-12-17T09:59:33Z" user="VENTOX" uid="20683110" lat="28.8165860" lon="104.6806430"/>
 <node id="11425321173" visible="true" version="1" changeset="145208587" timestamp="2023-12-17T09:59:33Z" user="VENTOX" uid="20683110" lat="28.8164813" lon="104.6805368"/>
 <node id="11425321174" visible="true" version="1" changeset="145208587" timestamp="2023-12-17T09:59:33Z" user="VENTOX" uid="20683110" lat="28.8163568" lon="104.6807020"/>
 <node id="11425321175" visible="true" version="1" changeset="145208587" timestamp="2023-12-17T09:59:33Z" user="VENTOX" uid="20683110" lat="28.8127693" lon="104.6852685"/>
 <node id="11425321176" visible="true" version="1" changeset="145208587" timestamp="2023-12-17T09:59:33Z" user="VENTOX" uid="20683110" lat="28.8126520" lon="104.6854086"/>
 <node id="11454580493" visible="true" version="1" changeset="145517982" timestamp="2023-12-26T04:14:40Z" user="enldm" uid="20125208" lat="28.8161610" lon="104.6888592"/>
 <node id="11458621547" visible="true" version="3" changeset="163638079" timestamp="2025-03-15T06:55:06Z" user="enldm" uid="20125208" lat="28.8084450" lon="104.6806937"/>
 <node id="11471936935" visible="true" version="3" changeset="145927107" timestamp="2024-01-05T15:34:31Z" user="VENTOX" uid="20683110" lat="28.8049596" lon="104.6749474"/>
 <node id="11471936936" visible="true" version="3" changeset="145927107" timestamp="2024-01-05T15:34:31Z" user="VENTOX" uid="20683110" lat="28.8048372" lon="104.6752053"/>
 <node id="11471936937" visible="true" version="2" changeset="145927107" timestamp="2024-01-05T15:34:31Z" user="VENTOX" uid="20683110" lat="28.8039449" lon="104.6723501"/>
 <node id="11471936938" visible="true" version="1" changeset="145719453" timestamp="2023-12-31T03:39:09Z" user="VENTOX" uid="20683110" lat="28.8026538" lon="104.6737464"/>
 <node id="11472330453" visible="true" version="1" changeset="145720969" timestamp="2023-12-31T06:00:27Z" user="VENTOX" uid="20683110" lat="28.7979650" lon="104.6642592"/>
 <node id="11472330454" visible="true" version="1" changeset="145720969" timestamp="2023-12-31T06:00:27Z" user="VENTOX" uid="20683110" lat="28.7989495" lon="104.6650112"/>
 <node id="11472330455" visible="true" version="1" changeset="145720969" timestamp="2023-12-31T06:00:27Z" user="VENTOX" uid="20683110" lat="28.8000550" lon="104.6659727"/>
 <node id="11472330456" visible="true" version="1" changeset="145720969" timestamp="2023-12-31T06:00:27Z" user="VENTOX" uid="20683110" lat="28.8015546" lon="104.6674737"/>
 <node id="11472330457" visible="true" version="1" changeset="145720969" timestamp="2023-12-31T06:00:27Z" user="VENTOX" uid="20683110" lat="28.8029115" lon="104.6694645"/>
 <node id="11472330458" visible="true" version="1" changeset="145720969" timestamp="2023-12-31T06:00:27Z" user="VENTOX" uid="20683110" lat="28.8015660" lon="104.6671617"/>
 <node id="11472330459" visible="true" version="1" changeset="145720969" timestamp="2023-12-31T06:00:27Z" user="VENTOX" uid="20683110" lat="28.8013161" lon="104.6668932"/>
 <node id="11472330460" visible="true" version="1" changeset="145720969" timestamp="2023-12-31T06:00:27Z" user="VENTOX" uid="20683110" lat="28.8003552" lon="104.6660019"/>
 <node id="11472330461" visible="true" version="1" changeset="145720969" timestamp="2023-12-31T06:00:27Z" user="VENTOX" uid="20683110" lat="28.7990893" lon="104.6648966"/>
 <node id="11472330462" visible="true" version="1" changeset="145720969" timestamp="2023-12-31T06:00:27Z" user="VENTOX" uid="20683110" lat="28.7988199" lon="104.6646869"/>
 <node id="11472330463" visible="true" version="1" changeset="145720969" timestamp="2023-12-31T06:00:27Z" user="VENTOX" uid="20683110" lat="28.7980683" lon="104.6640865"/>
 <node id="11472330474" visible="true" version="1" changeset="145720969" timestamp="2023-12-31T06:00:27Z" user="VENTOX" uid="20683110" lat="28.8034210" lon="104.6593228"/>
 <node id="11472330475" visible="true" version="1" changeset="145720969" timestamp="2023-12-31T06:00:27Z" user="VENTOX" uid="20683110" lat="28.8040423" lon="104.6610606"/>
 <node id="11472330476" visible="true" version="1" changeset="145720969" timestamp="2023-12-31T06:00:27Z" user="VENTOX" uid="20683110" lat="28.8051080" lon="104.6639056"/>
 <node id="11472330477" visible="true" version="1" changeset="145720969" timestamp="2023-12-31T06:00:27Z" user="VENTOX" uid="20683110" lat="28.8053508" lon="104.6646541"/>
 <node id="11472330478" visible="true" version="1" changeset="145720969" timestamp="2023-12-31T06:00:27Z" user="VENTOX" uid="20683110" lat="28.8054670" lon="104.6650133"/>
 <node id="11472330479" visible="true" version="1" changeset="145720969" timestamp="2023-12-31T06:00:27Z" user="VENTOX" uid="20683110" lat="28.8061169" lon="104.6671292"/>
 <node id="11472330480" visible="true" version="1" changeset="145720969" timestamp="2023-12-31T06:00:27Z" user="VENTOX" uid="20683110" lat="28.8058204" lon="104.6665540"/>
 <node id="11472330481" visible="true" version="1" changeset="145720969" timestamp="2023-12-31T06:00:27Z" user="VENTOX" uid="20683110" lat="28.8067057" lon="104.6688446"/>
 <node id="11472330482" visible="true" version="1" changeset="145720969" timestamp="2023-12-31T06:00:27Z" user="VENTOX" uid="20683110" lat="28.8068033" lon="104.6688166"/>
 <node id="11472330483" visible="true" version="1" changeset="145720969" timestamp="2023-12-31T06:00:27Z" user="VENTOX" uid="20683110" lat="28.8070570" lon="104.6686582"/>
 <node id="11472330484" visible="true" version="1" changeset="145720969" timestamp="2023-12-31T06:00:27Z" user="VENTOX" uid="20683110" lat="28.8073356" lon="104.6683923"/>
 <node id="11472330485" visible="true" version="1" changeset="145720969" timestamp="2023-12-31T06:00:27Z" user="VENTOX" uid="20683110" lat="28.8073936" lon="104.6683233"/>
 <node id="11472330486" visible="true" version="1" changeset="145720969" timestamp="2023-12-31T06:00:27Z" user="VENTOX" uid="20683110" lat="28.8079579" lon="104.6674949"/>
 <node id="11472330487" visible="true" version="1" changeset="145720969" timestamp="2023-12-31T06:00:27Z" user="VENTOX" uid="20683110" lat="28.8076533" lon="104.6679567"/>
 <node id="11472330488" visible="true" version="1" changeset="145720969" timestamp="2023-12-31T06:00:27Z" user="VENTOX" uid="20683110" lat="28.8083406" lon="104.6672482"/>
 <node id="11472330489" visible="true" version="1" changeset="145720969" timestamp="2023-12-31T06:00:27Z" user="VENTOX" uid="20683110" lat="28.8084703" lon="104.6671898"/>
 <node id="11472330490" visible="true" version="1" changeset="145720969" timestamp="2023-12-31T06:00:27Z" user="VENTOX" uid="20683110" lat="28.8086905" lon="104.6671417"/>
 <node id="11472330491" visible="true" version="1" changeset="145720969" timestamp="2023-12-31T06:00:27Z" user="VENTOX" uid="20683110" lat="28.8089664" lon="104.6671387"/>
 <node id="11472330492" visible="true" version="1" changeset="145720969" timestamp="2023-12-31T06:00:27Z" user="VENTOX" uid="20683110" lat="28.8088804" lon="104.6671402"/>
 <node id="11472330493" visible="true" version="1" changeset="145720969" timestamp="2023-12-31T06:00:27Z" user="VENTOX" uid="20683110" lat="28.8095662" lon="104.6668488"/>
 <node id="11472330494" visible="true" version="1" changeset="145720969" timestamp="2023-12-31T06:00:27Z" user="VENTOX" uid="20683110" lat="28.8098683" lon="104.6664759"/>
 <node id="11472330495" visible="true" version="1" changeset="145720969" timestamp="2023-12-31T06:00:27Z" user="VENTOX" uid="20683110" lat="28.8097345" lon="104.6666217"/>
 <node id="11472330496" visible="true" version="1" changeset="145720969" timestamp="2023-12-31T06:00:27Z" user="VENTOX" uid="20683110" lat="28.8094042" lon="104.6669869"/>
 <node id="11472330497" visible="true" version="1" changeset="145720969" timestamp="2023-12-31T06:00:27Z" user="VENTOX" uid="20683110" lat="28.8116639" lon="104.6688541"/>
 <node id="11472330498" visible="true" version="1" changeset="145720969" timestamp="2023-12-31T06:00:27Z" user="VENTOX" uid="20683110" lat="28.8115595" lon="104.6689336"/>
 <node id="11472330499" visible="true" version="1" changeset="145720969" timestamp="2023-12-31T06:00:27Z" user="VENTOX" uid="20683110" lat="28.8117595" lon="104.6687643"/>
 <node id="11472330500" visible="true" version="1" changeset="145720969" timestamp="2023-12-31T06:00:27Z" user="VENTOX" uid="20683110" lat="28.8121242" lon="104.6681824"/>
 <node id="11472330501" visible="true" version="1" changeset="145720969" timestamp="2023-12-31T06:00:27Z" user="VENTOX" uid="20683110" lat="28.8125193" lon="104.6675451"/>
 <node id="11472330502" visible="true" version="1" changeset="145720969" timestamp="2023-12-31T06:00:27Z" user="VENTOX" uid="20683110" lat="28.8115259" lon="104.6656712"/>
 <node id="11472330503" visible="true" version="1" changeset="145720969" timestamp="2023-12-31T06:00:27Z" user="VENTOX" uid="20683110" lat="28.8113668" lon="104.6658075"/>
 <node id="11472330504" visible="true" version="1" changeset="145720969" timestamp="2023-12-31T06:00:27Z" user="VENTOX" uid="20683110" lat="28.8112408" lon="104.6658779"/>
 <node id="11472330505" visible="true" version="1" changeset="145720969" timestamp="2023-12-31T06:00:27Z" user="VENTOX" uid="20683110" lat="28.8108795" lon="104.6660148"/>
 <node id="11472330506" visible="true" version="1" changeset="145720969" timestamp="2023-12-31T06:00:27Z" user="VENTOX" uid="20683110" lat="28.8104622" lon="104.6661098"/>
 <node id="11472330507" visible="true" version="1" changeset="145720969" timestamp="2023-12-31T06:00:27Z" user="VENTOX" uid="20683110" lat="28.8105579" lon="104.6660766"/>
 <node id="11472330508" visible="true" version="1" changeset="145720969" timestamp="2023-12-31T06:00:27Z" user="VENTOX" uid="20683110" lat="28.8102668" lon="104.6662069"/>
 <node id="11472330509" visible="true" version="1" changeset="145720969" timestamp="2023-12-31T06:00:27Z" user="VENTOX" uid="20683110" lat="28.8097991" lon="104.6665437"/>
 <node id="11472330510" visible="true" version="1" changeset="145720969" timestamp="2023-12-31T06:00:27Z" user="VENTOX" uid="20683110" lat="28.8112586" lon="104.6690846"/>
 <node id="11472330511" visible="true" version="1" changeset="145720969" timestamp="2023-12-31T06:00:27Z" user="VENTOX" uid="20683110" lat="28.8111200" lon="104.6691230"/>
 <node id="11472330515" visible="true" version="2" changeset="163638229" timestamp="2025-03-15T07:01:42Z" user="enldm" uid="20125208" lat="28.8104076" lon="104.6693725"/>
 <node id="11472330516" visible="true" version="1" changeset="145720969" timestamp="2023-12-31T06:00:27Z" user="VENTOX" uid="20683110" lat="28.8101619" lon="104.6695583"/>
 <node id="11472330517" visible="true" version="1" changeset="145720969" timestamp="2023-12-31T06:00:27Z" user="VENTOX" uid="20683110" lat="28.8100215" lon="104.6697657"/>
 <node id="11484352411" visible="true" version="1" changeset="145862646" timestamp="2024-01-04T03:35:34Z" user="enldm" uid="20125208" lat="28.8041919" lon="104.6733399">
  <tag k="brand" v="小米"/>
  <tag k="brand:en" v="Xiaomi"/>
  <tag k="brand:wikidata" v="Q1636958"/>
  <tag k="brand:zh" v="小米"/>
  <tag k="name" v="小米之家"/>
  <tag k="name:en" v="Mi"/>
  <tag k="name:zh" v="小米之家"/>
  <tag k="shop" v="mobile_phone"/>
 </node>
 <node id="11484352412" visible="true" version="1" changeset="145862646" timestamp="2024-01-04T03:35:34Z" user="enldm" uid="20125208" lat="28.8041167" lon="104.6741596">
  <tag k="amenity" v="cafe"/>
  <tag k="brand" v="沪上阿姨"/>
  <tag k="brand:en" v="AUNTEA JENNY"/>
  <tag k="brand:wikidata" v="Q108165945"/>
  <tag k="brand:zh" v="沪上阿姨"/>
  <tag k="cuisine" v="bubble_tea"/>
  <tag k="name" v="沪上阿姨"/>
  <tag k="name:en" v="AUNTEA JENNY"/>
  <tag k="name:zh" v="沪上阿姨"/>
  <tag k="takeaway" v="yes"/>
 </node>
 <node id="11491990981" visible="true" version="1" changeset="145927107" timestamp="2024-01-05T15:34:31Z" user="VENTOX" uid="20683110" lat="28.8021139" lon="104.6699239"/>
 <node id="11491990982" visible="true" version="1" changeset="145927107" timestamp="2024-01-05T15:34:31Z" user="VENTOX" uid="20683110" lat="28.8019683" lon="104.6700269"/>
 <node id="11491990983" visible="true" version="1" changeset="145927107" timestamp="2024-01-05T15:34:31Z" user="VENTOX" uid="20683110" lat="28.8025229" lon="104.6700338"/>
 <node id="11491990984" visible="true" version="1" changeset="145927107" timestamp="2024-01-05T15:34:31Z" user="VENTOX" uid="20683110" lat="28.8025864" lon="104.6703280"/>
 <node id="11491990985" visible="true" version="1" changeset="145927107" timestamp="2024-01-05T15:34:31Z" user="VENTOX" uid="20683110" lat="28.8026745" lon="104.6694289"/>
 <node id="11491990986" visible="true" version="1" changeset="145927107" timestamp="2024-01-05T15:34:31Z" user="VENTOX" uid="20683110" lat="28.8028184" lon="104.6698345"/>
 <node id="11491990987" visible="true" version="1" changeset="145927107" timestamp="2024-01-05T15:34:31Z" user="VENTOX" uid="20683110" lat="28.8029038" lon="104.6700366"/>
 <node id="11491990988" visible="true" version="1" changeset="145927107" timestamp="2024-01-05T15:34:31Z" user="VENTOX" uid="20683110" lat="28.8029607" lon="104.6701214"/>
 <node id="11491990989" visible="true" version="1" changeset="145927107" timestamp="2024-01-05T15:34:31Z" user="VENTOX" uid="20683110" lat="28.8029860" lon="104.6702188"/>
 <node id="11491990990" visible="true" version="1" changeset="145927107" timestamp="2024-01-05T15:34:31Z" user="VENTOX" uid="20683110" lat="28.8030809" lon="104.6702784"/>
 <node id="11491990991" visible="true" version="1" changeset="145927107" timestamp="2024-01-05T15:34:31Z" user="VENTOX" uid="20683110" lat="28.8031663" lon="104.6703975"/>
 <node id="11491990992" visible="true" version="1" changeset="145927107" timestamp="2024-01-05T15:34:31Z" user="VENTOX" uid="20683110" lat="28.8032232" lon="104.6705003"/>
 <node id="11491990993" visible="true" version="1" changeset="145927107" timestamp="2024-01-05T15:34:31Z" user="VENTOX" uid="20683110" lat="28.8032674" lon="104.6706411"/>
 <node id="11491990994" visible="true" version="1" changeset="145927107" timestamp="2024-01-05T15:34:31Z" user="VENTOX" uid="20683110" lat="28.8031663" lon="104.6706826"/>
 <node id="11491990995" visible="true" version="1" changeset="145927107" timestamp="2024-01-05T15:34:31Z" user="VENTOX" uid="20683110" lat="28.8032532" lon="104.6709135"/>
 <node id="11491990996" visible="true" version="1" changeset="145927107" timestamp="2024-01-05T15:34:31Z" user="VENTOX" uid="20683110" lat="28.8033418" lon="104.6711535"/>
 <node id="11491990997" visible="true" version="1" changeset="145927107" timestamp="2024-01-05T15:34:31Z" user="VENTOX" uid="20683110" lat="28.8030255" lon="104.6713141"/>
 <node id="11491990998" visible="true" version="1" changeset="145927107" timestamp="2024-01-05T15:34:31Z" user="VENTOX" uid="20683110" lat="28.8028801" lon="104.6713809"/>
 <node id="11491990999" visible="true" version="1" changeset="145927107" timestamp="2024-01-05T15:34:31Z" user="VENTOX" uid="20683110" lat="28.8027741" lon="104.6714187"/>
 <node id="11491991000" visible="true" version="1" changeset="145927107" timestamp="2024-01-05T15:34:31Z" user="VENTOX" uid="20683110" lat="28.8027552" lon="104.6713935"/>
 <node id="11491991001" visible="true" version="1" changeset="145927107" timestamp="2024-01-05T15:34:31Z" user="VENTOX" uid="20683110" lat="28.8027552" lon="104.6713285"/>
 <node id="11491991002" visible="true" version="1" changeset="145927107" timestamp="2024-01-05T15:34:31Z" user="VENTOX" uid="20683110" lat="28.8027061" lon="104.6712257"/>
 <node id="11491991003" visible="true" version="1" changeset="145927107" timestamp="2024-01-05T15:34:31Z" user="VENTOX" uid="20683110" lat="28.8026840" lon="104.6711463"/>
 <node id="11491991004" visible="true" version="1" changeset="145927107" timestamp="2024-01-05T15:34:31Z" user="VENTOX" uid="20683110" lat="28.8026714" lon="104.6710344"/>
 <node id="11491991005" visible="true" version="1" changeset="145927107" timestamp="2024-01-05T15:34:31Z" user="VENTOX" uid="20683110" lat="28.8026634" lon="104.6709135"/>
 <node id="11491991006" visible="true" version="1" changeset="145927107" timestamp="2024-01-05T15:34:31Z" user="VENTOX" uid="20683110" lat="28.8026856" lon="104.6707890"/>
 <node id="11491991007" visible="true" version="1" changeset="145927107" timestamp="2024-01-05T15:34:31Z" user="VENTOX" uid="20683110" lat="28.8026793" lon="104.6707421"/>
 <node id="11491991008" visible="true" version="1" changeset="145927107" timestamp="2024-01-05T15:34:31Z" user="VENTOX" uid="20683110" lat="28.8026540" lon="104.6706916"/>
 <node id="11491991009" visible="true" version="1" changeset="145927107" timestamp="2024-01-05T15:34:31Z" user="VENTOX" uid="20683110" lat="28.8026555" lon="104.6706266"/>
 <node id="11491991010" visible="true" version="1" changeset="145927107" timestamp="2024-01-05T15:34:31Z" user="VENTOX" uid="20683110" lat="28.8026255" lon="104.6704354"/>
 <node id="11491991011" visible="true" version="1" changeset="145927107" timestamp="2024-01-05T15:34:31Z" user="VENTOX" uid="20683110" lat="28.8026049" lon="104.6702982"/>
 <node id="11491991012" visible="true" version="1" changeset="145927107" timestamp="2024-01-05T15:34:31Z" user="VENTOX" uid="20683110" lat="28.8025843" lon="104.6702285"/>
 <node id="11491991013" visible="true" version="1" changeset="145927107" timestamp="2024-01-05T15:34:31Z" user="VENTOX" uid="20683110" lat="28.8025485" lon="104.6700815"/>
 <node id="11491991014" visible="true" version="1" changeset="145927107" timestamp="2024-01-05T15:34:31Z" user="VENTOX" uid="20683110" lat="28.8024809" lon="104.6698584"/>
 <node id="11491991015" visible="true" version="1" changeset="145927107" timestamp="2024-01-05T15:34:31Z" user="VENTOX" uid="20683110" lat="28.8024385" lon="104.6697275"/>
 <node id="11491991016" visible="true" version="1" changeset="145927107" timestamp="2024-01-05T15:34:31Z" user="VENTOX" uid="20683110" lat="28.8024470" lon="104.6696427"/>
 <node id="11491991017" visible="true" version="1" changeset="145927107" timestamp="2024-01-05T15:34:31Z" user="VENTOX" uid="20683110" lat="28.8024931" lon="104.6695269"/>
 <node id="11491991018" visible="true" version="1" changeset="145927107" timestamp="2024-01-05T15:34:31Z" user="VENTOX" uid="20683110" lat="28.8026012" lon="104.6694464"/>
 <node id="11491991019" visible="true" version="1" changeset="145927107" timestamp="2024-01-05T15:34:31Z" user="VENTOX" uid="20683110" lat="28.8026341" lon="104.6694260"/>
 <node id="11492004519" visible="true" version="1" changeset="145927107" timestamp="2024-01-05T15:34:31Z" user="VENTOX" uid="20683110" lat="28.8038410" lon="104.6720887"/>
 <node id="11492004520" visible="true" version="1" changeset="145927107" timestamp="2024-01-05T15:34:31Z" user="VENTOX" uid="20683110" lat="28.8039809" lon="104.6725221"/>
 <node id="11492004521" visible="true" version="1" changeset="145927107" timestamp="2024-01-05T15:34:31Z" user="VENTOX" uid="20683110" lat="28.8041375" lon="104.6729054"/>
 <node id="11492004522" visible="true" version="1" changeset="145927107" timestamp="2024-01-05T15:34:31Z" user="VENTOX" uid="20683110" lat="28.8042158" lon="104.6730537"/>
 <node id="11492004523" visible="true" version="1" changeset="145927107" timestamp="2024-01-05T15:34:31Z" user="VENTOX" uid="20683110" lat="28.8043701" lon="104.6733664"/>
 <node id="11492004524" visible="true" version="1" changeset="145927107" timestamp="2024-01-05T15:34:31Z" user="VENTOX" uid="20683110" lat="28.8044908" lon="104.6736593"/>
 <node id="11492004525" visible="true" version="1" changeset="145927107" timestamp="2024-01-05T15:34:31Z" user="VENTOX" uid="20683110" lat="28.8045602" lon="104.6738070"/>
 <node id="11492004526" visible="true" version="1" changeset="145927107" timestamp="2024-01-05T15:34:31Z" user="VENTOX" uid="20683110" lat="28.8045948" lon="104.6739868"/>
 <node id="11492004527" visible="true" version="1" changeset="145927107" timestamp="2024-01-05T15:34:31Z" user="VENTOX" uid="20683110" lat="28.8026138" lon="104.6757146"/>
 <node id="11493846572" visible="true" version="1" changeset="145945747" timestamp="2024-01-06T06:38:54Z" user="VENTOX" uid="20683110" lat="28.8062709" lon="104.6687183"/>
 <node id="11493846573" visible="true" version="1" changeset="145945747" timestamp="2024-01-06T06:38:54Z" user="VENTOX" uid="20683110" lat="28.8060598" lon="104.6687957"/>
 <node id="11493846574" visible="true" version="1" changeset="145945747" timestamp="2024-01-06T06:38:54Z" user="VENTOX" uid="20683110" lat="28.8057581" lon="104.6688259"/>
 <node id="11493846575" visible="true" version="1" changeset="145945747" timestamp="2024-01-06T06:38:54Z" user="VENTOX" uid="20683110" lat="28.8047777" lon="104.6694627"/>
 <node id="11493846576" visible="true" version="1" changeset="145945747" timestamp="2024-01-06T06:38:54Z" user="VENTOX" uid="20683110" lat="28.8046081" lon="104.6694584"/>
 <node id="11493846577" visible="true" version="1" changeset="145945747" timestamp="2024-01-06T06:38:54Z" user="VENTOX" uid="20683110" lat="28.8043366" lon="104.6688259"/>
 <node id="11493846578" visible="true" version="1" changeset="145945747" timestamp="2024-01-06T06:38:54Z" user="VENTOX" uid="20683110" lat="28.8041556" lon="104.6688086"/>
 <node id="11493846579" visible="true" version="1" changeset="145945747" timestamp="2024-01-06T06:38:54Z" user="VENTOX" uid="20683110" lat="28.8039067" lon="104.6689851"/>
 <node id="11493846580" visible="true" version="1" changeset="145945747" timestamp="2024-01-06T06:38:54Z" user="VENTOX" uid="20683110" lat="28.8038426" lon="104.6689033"/>
 <node id="11493846581" visible="true" version="1" changeset="145945747" timestamp="2024-01-06T06:38:54Z" user="VENTOX" uid="20683110" lat="28.8036729" lon="104.6684429"/>
 <node id="11493846582" visible="true" version="1" changeset="145945747" timestamp="2024-01-06T06:38:54Z" user="VENTOX" uid="20683110" lat="28.8037144" lon="104.6679351"/>
 <node id="11493846583" visible="true" version="1" changeset="145945747" timestamp="2024-01-06T06:38:54Z" user="VENTOX" uid="20683110" lat="28.8038313" lon="104.6677716"/>
 <node id="11493846584" visible="true" version="1" changeset="145945747" timestamp="2024-01-06T06:38:54Z" user="VENTOX" uid="20683110" lat="28.8037710" lon="104.6673456"/>
 <node id="11493846585" visible="true" version="1" changeset="145945747" timestamp="2024-01-06T06:38:54Z" user="VENTOX" uid="20683110" lat="28.8045741" lon="104.6666227"/>
 <node id="11493846586" visible="true" version="1" changeset="145945747" timestamp="2024-01-06T06:38:54Z" user="VENTOX" uid="20683110" lat="28.8049738" lon="104.6663343"/>
 <node id="11493846587" visible="true" version="1" changeset="145945747" timestamp="2024-01-06T06:38:54Z" user="VENTOX" uid="20683110" lat="28.8052038" lon="104.6665022"/>
 <node id="11493846588" visible="true" version="1" changeset="145945747" timestamp="2024-01-06T06:38:54Z" user="VENTOX" uid="20683110" lat="28.8052792" lon="104.6667087"/>
 <node id="11493846589" visible="true" version="1" changeset="145945747" timestamp="2024-01-06T06:38:54Z" user="VENTOX" uid="20683110" lat="28.8053924" lon="104.6671648"/>
 <node id="11493846590" visible="true" version="1" changeset="145945747" timestamp="2024-01-06T06:38:54Z" user="VENTOX" uid="20683110" lat="28.8055470" lon="104.6673585"/>
 <node id="11493846591" visible="true" version="1" changeset="145945747" timestamp="2024-01-06T06:38:54Z" user="VENTOX" uid="20683110" lat="28.8058411" lon="104.6675693"/>
 <node id="11493846592" visible="true" version="1" changeset="145945747" timestamp="2024-01-06T06:38:54Z" user="VENTOX" uid="20683110" lat="28.8060371" lon="104.6679566"/>
 <node id="11493846593" visible="true" version="1" changeset="145945747" timestamp="2024-01-06T06:38:54Z" user="VENTOX" uid="20683110" lat="28.8062483" lon="104.6684773"/>
 <node id="11493846594" visible="true" version="1" changeset="145945747" timestamp="2024-01-06T06:38:54Z" user="VENTOX" uid="20683110" lat="28.8048343" lon="104.6663623"/>
 <node id="11493846595" visible="true" version="1" changeset="145945747" timestamp="2024-01-06T06:38:54Z" user="VENTOX" uid="20683110" lat="28.8054546" lon="104.6672961"/>
 <node id="11493846596" visible="true" version="1" changeset="145945747" timestamp="2024-01-06T06:38:54Z" user="VENTOX" uid="20683110" lat="28.8037370" lon="104.6675199"/>
 <node id="11493846686" visible="true" version="3" changeset="161156343" timestamp="2025-01-09T05:33:58Z" user="VENTOX" uid="20683110" lat="28.8241202" lon="104.6984273"/>
 <node id="11493846687" visible="true" version="3" changeset="161156343" timestamp="2025-01-09T05:33:58Z" user="VENTOX" uid="20683110" lat="28.8285296" lon="104.6932697"/>
 <node id="11493846690" visible="true" version="1" changeset="145945861" timestamp="2024-01-06T06:45:38Z" user="VENTOX" uid="20683110" lat="28.8269566" lon="104.6844240"/>
 <node id="11496703206" visible="true" version="2" changeset="160099903" timestamp="2024-12-09T17:00:49Z" user="Kiana_Kaslana" uid="17877421" lat="28.8294572" lon="104.6946594"/>
 <node id="11496703207" visible="true" version="2" changeset="160099903" timestamp="2024-12-09T17:00:49Z" user="Kiana_Kaslana" uid="17877421" lat="28.8295751" lon="104.6944943"/>
 <node id="11496703208" visible="true" version="2" changeset="160099903" timestamp="2024-12-09T17:00:49Z" user="Kiana_Kaslana" uid="17877421" lat="28.8290616" lon="104.6944034"/>
 <node id="11496703209" visible="true" version="2" changeset="160099903" timestamp="2024-12-09T17:00:49Z" user="Kiana_Kaslana" uid="17877421" lat="28.8290907" lon="104.6941559"/>
 <node id="11496703217" visible="true" version="2" changeset="160099903" timestamp="2024-12-09T17:00:49Z" user="Kiana_Kaslana" uid="17877421" lat="28.8333105" lon="104.6961025"/>
 <node id="11496703221" visible="true" version="2" changeset="160099903" timestamp="2024-12-09T17:00:49Z" user="Kiana_Kaslana" uid="17877421" lat="28.8332473" lon="104.6962995"/>
 <node id="11496703226" visible="true" version="2" changeset="160099903" timestamp="2024-12-09T17:00:49Z" user="Kiana_Kaslana" uid="17877421" lat="28.8333626" lon="104.6963541"/>
 <node id="11507914280" visible="true" version="1" changeset="146129042" timestamp="2024-01-11T06:26:08Z" user="VENTOX" uid="20683110" lat="28.8079510" lon="104.6635436"/>
 <node id="11507914281" visible="true" version="1" changeset="146129042" timestamp="2024-01-11T06:26:08Z" user="VENTOX" uid="20683110" lat="28.8064702" lon="104.6615804"/>
 <node id="11507914282" visible="true" version="1" changeset="146129042" timestamp="2024-01-11T06:26:08Z" user="VENTOX" uid="20683110" lat="28.8058034" lon="104.6608138"/>
 <node id="11507914283" visible="true" version="1" changeset="146129042" timestamp="2024-01-11T06:26:08Z" user="VENTOX" uid="20683110" lat="28.8055960" lon="104.6606842"/>
 <node id="11507914284" visible="true" version="1" changeset="146129042" timestamp="2024-01-11T06:26:08Z" user="VENTOX" uid="20683110" lat="28.8045242" lon="104.6612027"/>
 <node id="11507914285" visible="true" version="1" changeset="146129042" timestamp="2024-01-11T06:26:08Z" user="VENTOX" uid="20683110" lat="28.8044007" lon="104.6614451"/>
 <node id="11507914286" visible="true" version="1" changeset="146129042" timestamp="2024-01-11T06:26:08Z" user="VENTOX" uid="20683110" lat="28.8056305" lon="104.6649116"/>
 <node id="11507914287" visible="true" version="1" changeset="146129042" timestamp="2024-01-11T06:26:08Z" user="VENTOX" uid="20683110" lat="28.8058425" lon="104.6650656"/>
 <node id="11507914288" visible="true" version="1" changeset="146129042" timestamp="2024-01-11T06:26:08Z" user="VENTOX" uid="20683110" lat="28.8079761" lon="104.6633229"/>
 <node id="11507914352" visible="true" version="1" changeset="146129042" timestamp="2024-01-11T06:26:08Z" user="VENTOX" uid="20683110" lat="28.8032297" lon="104.6598894"/>
 <node id="11507914353" visible="true" version="1" changeset="146129042" timestamp="2024-01-11T06:26:08Z" user="VENTOX" uid="20683110" lat="28.8030013" lon="104.6598373"/>
 <node id="11507914354" visible="true" version="1" changeset="146129042" timestamp="2024-01-11T06:26:08Z" user="VENTOX" uid="20683110" lat="28.8025446" lon="104.6603150"/>
 <node id="11507914355" visible="true" version="1" changeset="146129042" timestamp="2024-01-11T06:26:08Z" user="VENTOX" uid="20683110" lat="28.8021259" lon="104.6607407"/>
 <node id="11507914356" visible="true" version="1" changeset="146129042" timestamp="2024-01-11T06:26:08Z" user="VENTOX" uid="20683110" lat="28.8016844" lon="104.6611316"/>
 <node id="11507914357" visible="true" version="1" changeset="146129042" timestamp="2024-01-11T06:26:08Z" user="VENTOX" uid="20683110" lat="28.8009993" lon="104.6614182"/>
 <node id="11507914358" visible="true" version="1" changeset="146129042" timestamp="2024-01-11T06:26:08Z" user="VENTOX" uid="20683110" lat="28.8006796" lon="104.6615659"/>
 <node id="11507914359" visible="true" version="1" changeset="146129042" timestamp="2024-01-11T06:26:08Z" user="VENTOX" uid="20683110" lat="28.8005502" lon="104.6619568"/>
 <node id="11507914360" visible="true" version="1" changeset="146129042" timestamp="2024-01-11T06:26:08Z" user="VENTOX" uid="20683110" lat="28.8016768" lon="104.6638331"/>
 <node id="11507914361" visible="true" version="1" changeset="146129042" timestamp="2024-01-11T06:26:08Z" user="VENTOX" uid="20683110" lat="28.8020118" lon="104.6638418"/>
 <node id="11507914362" visible="true" version="1" changeset="146129042" timestamp="2024-01-11T06:26:08Z" user="VENTOX" uid="20683110" lat="28.8032297" lon="104.6630426"/>
 <node id="11507914363" visible="true" version="1" changeset="146129042" timestamp="2024-01-11T06:26:08Z" user="VENTOX" uid="20683110" lat="28.8035037" lon="104.6628428"/>
 <node id="11507914364" visible="true" version="1" changeset="146129042" timestamp="2024-01-11T06:26:08Z" user="VENTOX" uid="20683110" lat="28.8037473" lon="104.6628515"/>
 <node id="11507914365" visible="true" version="1" changeset="146129042" timestamp="2024-01-11T06:26:08Z" user="VENTOX" uid="20683110" lat="28.8043258" lon="104.6644586"/>
 <node id="11507914366" visible="true" version="1" changeset="146129042" timestamp="2024-01-11T06:26:08Z" user="VENTOX" uid="20683110" lat="28.8047597" lon="104.6641980"/>
 <node id="11507914378" visible="true" version="1" changeset="146129042" timestamp="2024-01-11T06:26:08Z" user="VENTOX" uid="20683110" lat="28.8017492" lon="104.6646164"/>
 <node id="11507914379" visible="true" version="1" changeset="146129042" timestamp="2024-01-11T06:26:08Z" user="VENTOX" uid="20683110" lat="28.8007622" lon="104.6658672"/>
 <node id="11507914380" visible="true" version="1" changeset="146129042" timestamp="2024-01-11T06:26:08Z" user="VENTOX" uid="20683110" lat="28.8015805" lon="104.6666993"/>
 <node id="11507914381" visible="true" version="1" changeset="146129042" timestamp="2024-01-11T06:26:08Z" user="VENTOX" uid="20683110" lat="28.8022154" lon="104.6676501"/>
 <node id="11507914382" visible="true" version="1" changeset="146129042" timestamp="2024-01-11T06:26:08Z" user="VENTOX" uid="20683110" lat="28.8025031" lon="104.6676841"/>
 <node id="11507914383" visible="true" version="1" changeset="146129042" timestamp="2024-01-11T06:26:08Z" user="VENTOX" uid="20683110" lat="28.8032272" lon="104.6669766"/>
 <node id="11507914384" visible="true" version="1" changeset="146129042" timestamp="2024-01-11T06:26:08Z" user="VENTOX" uid="20683110" lat="28.8032470" lon="104.6666710"/>
 <node id="11507914385" visible="true" version="1" changeset="146129042" timestamp="2024-01-11T06:26:08Z" user="VENTOX" uid="20683110" lat="28.8019674" lon="104.6646786"/>
 <node id="11507972788" visible="true" version="1" changeset="146130360" timestamp="2024-01-11T07:15:36Z" user="VENTOX" uid="20683110" lat="28.8125498" lon="104.6767219"/>
 <node id="11507972789" visible="true" version="1" changeset="146130360" timestamp="2024-01-11T07:15:36Z" user="VENTOX" uid="20683110" lat="28.8122905" lon="104.6768889"/>
 <node id="11507972790" visible="true" version="1" changeset="146130360" timestamp="2024-01-11T07:15:36Z" user="VENTOX" uid="20683110" lat="28.8104569" lon="104.6785433"/>
 <node id="11507972791" visible="true" version="1" changeset="146130360" timestamp="2024-01-11T07:15:36Z" user="VENTOX" uid="20683110" lat="28.8081075" lon="104.6748123"/>
 <node id="11507972792" visible="true" version="1" changeset="146130360" timestamp="2024-01-11T07:15:36Z" user="VENTOX" uid="20683110" lat="28.8080313" lon="104.6751085"/>
 <node id="11507972793" visible="true" version="1" changeset="146130360" timestamp="2024-01-11T07:15:36Z" user="VENTOX" uid="20683110" lat="28.8090451" lon="104.6765711"/>
 <node id="11507972794" visible="true" version="1" changeset="146130360" timestamp="2024-01-11T07:15:36Z" user="VENTOX" uid="20683110" lat="28.8102983" lon="104.6743477"/>
 <node id="11507972795" visible="true" version="1" changeset="146130360" timestamp="2024-01-11T07:15:36Z" user="VENTOX" uid="20683110" lat="28.8077884" lon="104.6750651"/>
 <node id="11507972796" visible="true" version="1" changeset="146130360" timestamp="2024-01-11T07:15:36Z" user="VENTOX" uid="20683110" lat="28.8075805" lon="104.6748905"/>
 <node id="11507972797" visible="true" version="1" changeset="146130360" timestamp="2024-01-11T07:15:36Z" user="VENTOX" uid="20683110" lat="28.8073805" lon="104.6748637"/>
 <node id="11507972798" visible="true" version="1" changeset="146130360" timestamp="2024-01-11T07:15:36Z" user="VENTOX" uid="20683110" lat="28.8064628" lon="104.6751904"/>
 <node id="11507972799" visible="true" version="1" changeset="146130360" timestamp="2024-01-11T07:15:36Z" user="VENTOX" uid="20683110" lat="28.8058039" lon="104.6754053"/>
 <node id="11507972800" visible="true" version="1" changeset="146130360" timestamp="2024-01-11T07:15:36Z" user="VENTOX" uid="20683110" lat="28.8057843" lon="104.6756380"/>
 <node id="11507972801" visible="true" version="1" changeset="146130360" timestamp="2024-01-11T07:15:36Z" user="VENTOX" uid="20683110" lat="28.8061647" lon="104.6764437"/>
 <node id="11507972802" visible="true" version="1" changeset="146130360" timestamp="2024-01-11T07:15:36Z" user="VENTOX" uid="20683110" lat="28.8062275" lon="104.6766496"/>
 <node id="11507972803" visible="true" version="1" changeset="146130360" timestamp="2024-01-11T07:15:36Z" user="VENTOX" uid="20683110" lat="28.8085571" lon="104.6801945"/>
 <node id="11507972804" visible="true" version="1" changeset="146130360" timestamp="2024-01-11T07:15:36Z" user="VENTOX" uid="20683110" lat="28.8088160" lon="104.6802168"/>
 <node id="11507972805" visible="true" version="1" changeset="146130360" timestamp="2024-01-11T07:15:36Z" user="VENTOX" uid="20683110" lat="28.8102749" lon="104.6788427"/>
 <node id="11507972806" visible="true" version="1" changeset="146130360" timestamp="2024-01-11T07:15:36Z" user="VENTOX" uid="20683110" lat="28.8103220" lon="104.6786234"/>
 <node id="11507972807" visible="true" version="1" changeset="146130360" timestamp="2024-01-11T07:15:36Z" user="VENTOX" uid="20683110" lat="28.8081767" lon="104.6756201"/>
 <node id="11515608506" visible="true" version="1" changeset="146234473" timestamp="2024-01-14T06:15:03Z" user="VENTOX" uid="20683110" lat="28.8124763" lon="104.6671112"/>
 <node id="11515608507" visible="true" version="1" changeset="146234473" timestamp="2024-01-14T06:15:03Z" user="VENTOX" uid="20683110" lat="28.8122827" lon="104.6668000"/>
 <node id="11515608508" visible="true" version="1" changeset="146234473" timestamp="2024-01-14T06:15:03Z" user="VENTOX" uid="20683110" lat="28.8120571" lon="104.6663645"/>
 <node id="11515608509" visible="true" version="1" changeset="146234473" timestamp="2024-01-14T06:15:03Z" user="VENTOX" uid="20683110" lat="28.8119950" lon="104.6662336"/>
 <node id="11515608510" visible="true" version="1" changeset="146234473" timestamp="2024-01-14T06:15:03Z" user="VENTOX" uid="20683110" lat="28.8117675" lon="104.6656306"/>
 <node id="11515608511" visible="true" version="1" changeset="146234473" timestamp="2024-01-14T06:15:03Z" user="VENTOX" uid="20683110" lat="28.8117280" lon="104.6655705"/>
 <node id="11515608512" visible="true" version="1" changeset="146234473" timestamp="2024-01-14T06:15:03Z" user="VENTOX" uid="20683110" lat="28.8116716" lon="104.6655855"/>
 <node id="11515608513" visible="true" version="1" changeset="146234473" timestamp="2024-01-14T06:15:03Z" user="VENTOX" uid="20683110" lat="28.8115776" lon="104.6656907"/>
 <node id="11515608514" visible="true" version="1" changeset="146234473" timestamp="2024-01-14T06:15:03Z" user="VENTOX" uid="20683110" lat="28.8114611" lon="104.6658044"/>
 <node id="11515608515" visible="true" version="1" changeset="146234473" timestamp="2024-01-14T06:15:03Z" user="VENTOX" uid="20683110" lat="28.8112580" lon="104.6659417"/>
 <node id="11515608516" visible="true" version="1" changeset="146234473" timestamp="2024-01-14T06:15:03Z" user="VENTOX" uid="20683110" lat="28.8110850" lon="104.6660190"/>
 <node id="11515608517" visible="true" version="1" changeset="146234473" timestamp="2024-01-14T06:15:03Z" user="VENTOX" uid="20683110" lat="28.8109120" lon="104.6660812"/>
 <node id="11515608518" visible="true" version="1" changeset="146234473" timestamp="2024-01-14T06:15:03Z" user="VENTOX" uid="20683110" lat="28.8106789" lon="104.6661134"/>
 <node id="11515608519" visible="true" version="1" changeset="146234473" timestamp="2024-01-14T06:15:03Z" user="VENTOX" uid="20683110" lat="28.8105153" lon="104.6661735"/>
 <node id="11515608520" visible="true" version="1" changeset="146234473" timestamp="2024-01-14T06:15:03Z" user="VENTOX" uid="20683110" lat="28.8103330" lon="104.6662379"/>
 <node id="11515608521" visible="true" version="1" changeset="146234473" timestamp="2024-01-14T06:15:03Z" user="VENTOX" uid="20683110" lat="28.8102032" lon="104.6663301"/>
 <node id="11515608522" visible="true" version="1" changeset="146234473" timestamp="2024-01-14T06:15:03Z" user="VENTOX" uid="20683110" lat="28.8101769" lon="104.6664095"/>
 <node id="11515608523" visible="true" version="1" changeset="146234473" timestamp="2024-01-14T06:15:03Z" user="VENTOX" uid="20683110" lat="28.8102935" lon="104.6667078"/>
 <node id="11515608524" visible="true" version="1" changeset="146234473" timestamp="2024-01-14T06:15:03Z" user="VENTOX" uid="20683110" lat="28.8104589" lon="104.6671369"/>
 <node id="11515608525" visible="true" version="1" changeset="146234473" timestamp="2024-01-14T06:15:03Z" user="VENTOX" uid="20683110" lat="28.8105229" lon="104.6673730"/>
 <node id="11515608526" visible="true" version="1" changeset="146234473" timestamp="2024-01-14T06:15:03Z" user="VENTOX" uid="20683110" lat="28.8106056" lon="104.6676412"/>
 <node id="11515608527" visible="true" version="1" changeset="146234473" timestamp="2024-01-14T06:15:03Z" user="VENTOX" uid="20683110" lat="28.8107184" lon="104.6679116"/>
 <node id="11515608528" visible="true" version="1" changeset="146234473" timestamp="2024-01-14T06:15:03Z" user="VENTOX" uid="20683110" lat="28.8108914" lon="104.6681884"/>
 <node id="11515608529" visible="true" version="1" changeset="146234473" timestamp="2024-01-14T06:15:03Z" user="VENTOX" uid="20683110" lat="28.8111997" lon="104.6685574"/>
 <node id="11515608530" visible="true" version="1" changeset="146234473" timestamp="2024-01-14T06:15:03Z" user="VENTOX" uid="20683110" lat="28.8114234" lon="104.6688836"/>
 <node id="11515608531" visible="true" version="1" changeset="146234473" timestamp="2024-01-14T06:15:03Z" user="VENTOX" uid="20683110" lat="28.8114968" lon="104.6689222"/>
 <node id="11515608532" visible="true" version="1" changeset="146234473" timestamp="2024-01-14T06:15:03Z" user="VENTOX" uid="20683110" lat="28.8116397" lon="104.6688235"/>
 <node id="11515608533" visible="true" version="1" changeset="146234473" timestamp="2024-01-14T06:15:03Z" user="VENTOX" uid="20683110" lat="28.8118596" lon="104.6685789"/>
 <node id="11515608534" visible="true" version="1" changeset="146234473" timestamp="2024-01-14T06:15:03Z" user="VENTOX" uid="20683110" lat="28.8121717" lon="104.6680060"/>
 <node id="11515608535" visible="true" version="1" changeset="146234473" timestamp="2024-01-14T06:15:03Z" user="VENTOX" uid="20683110" lat="28.8123616" lon="104.6676777"/>
 <node id="11515608536" visible="true" version="1" changeset="146234473" timestamp="2024-01-14T06:15:03Z" user="VENTOX" uid="20683110" lat="28.8125083" lon="104.6674888"/>
 <node id="11515608537" visible="true" version="1" changeset="146234473" timestamp="2024-01-14T06:15:03Z" user="VENTOX" uid="20683110" lat="28.8126418" lon="104.6673065"/>
 <node id="11515608538" visible="true" version="1" changeset="146234473" timestamp="2024-01-14T06:15:03Z" user="VENTOX" uid="20683110" lat="28.8100609" lon="104.6665134"/>
 <node id="11515608539" visible="true" version="1" changeset="146234473" timestamp="2024-01-14T06:15:03Z" user="VENTOX" uid="20683110" lat="28.8100005" lon="104.6664981"/>
 <node id="11515608540" visible="true" version="1" changeset="146234473" timestamp="2024-01-14T06:15:03Z" user="VENTOX" uid="20683110" lat="28.8099256" lon="104.6665377"/>
 <node id="11515608541" visible="true" version="1" changeset="146234473" timestamp="2024-01-14T06:15:03Z" user="VENTOX" uid="20683110" lat="28.8097233" lon="104.6667763"/>
 <node id="11515608542" visible="true" version="1" changeset="146234473" timestamp="2024-01-14T06:15:03Z" user="VENTOX" uid="20683110" lat="28.8102219" lon="104.6679105"/>
 <node id="11515608543" visible="true" version="1" changeset="146234473" timestamp="2024-01-14T06:15:03Z" user="VENTOX" uid="20683110" lat="28.8105025" lon="104.6677727"/>
 <node id="11515608544" visible="true" version="1" changeset="146234473" timestamp="2024-01-14T06:15:03Z" user="VENTOX" uid="20683110" lat="28.8103627" lon="104.6672853"/>
 <node id="11515608545" visible="true" version="1" changeset="146234473" timestamp="2024-01-14T06:15:03Z" user="VENTOX" uid="20683110" lat="28.8103057" lon="104.6670978"/>
 <node id="11515608546" visible="true" version="1" changeset="146234473" timestamp="2024-01-14T06:15:03Z" user="VENTOX" uid="20683110" lat="28.8102644" lon="104.6669549"/>
 <node id="11515608547" visible="true" version="1" changeset="146234473" timestamp="2024-01-14T06:15:03Z" user="VENTOX" uid="20683110" lat="28.8101447" lon="104.6666691"/>
 <node id="11515608548" visible="true" version="1" changeset="146234473" timestamp="2024-01-14T06:15:03Z" user="VENTOX" uid="20683110" lat="28.8106031" lon="104.6680075"/>
 <node id="11515608549" visible="true" version="1" changeset="146234473" timestamp="2024-01-14T06:15:03Z" user="VENTOX" uid="20683110" lat="28.8103337" lon="104.6681478"/>
 <node id="11515608550" visible="true" version="1" changeset="146234473" timestamp="2024-01-14T06:15:03Z" user="VENTOX" uid="20683110" lat="28.8107551" lon="104.6690780"/>
 <node id="11515608551" visible="true" version="1" changeset="146234473" timestamp="2024-01-14T06:15:03Z" user="VENTOX" uid="20683110" lat="28.8108558" lon="104.6690614"/>
 <node id="11515608552" visible="true" version="1" changeset="146234473" timestamp="2024-01-14T06:15:03Z" user="VENTOX" uid="20683110" lat="28.8110581" lon="104.6690461"/>
 <node id="11515608553" visible="true" version="1" changeset="146234473" timestamp="2024-01-14T06:15:03Z" user="VENTOX" uid="20683110" lat="28.8111688" lon="104.6690269"/>
 <node id="11515608554" visible="true" version="1" changeset="146234473" timestamp="2024-01-14T06:15:03Z" user="VENTOX" uid="20683110" lat="28.8112616" lon="104.6689950"/>
 <node id="11515608555" visible="true" version="1" changeset="146234473" timestamp="2024-01-14T06:15:03Z" user="VENTOX" uid="20683110" lat="28.8112850" lon="104.6689695"/>
 <node id="11515608556" visible="true" version="1" changeset="146234473" timestamp="2024-01-14T06:15:03Z" user="VENTOX" uid="20683110" lat="28.8112929" lon="104.6688917"/>
 <node id="11515608557" visible="true" version="1" changeset="146234473" timestamp="2024-01-14T06:15:03Z" user="VENTOX" uid="20683110" lat="28.8112649" lon="104.6688470"/>
 <node id="11515608558" visible="true" version="1" changeset="146234473" timestamp="2024-01-14T06:15:03Z" user="VENTOX" uid="20683110" lat="28.8109832" lon="104.6684694"/>
 <node id="11515608559" visible="true" version="1" changeset="146234473" timestamp="2024-01-14T06:15:03Z" user="VENTOX" uid="20683110" lat="28.8106981" lon="104.6681249"/>
 <node id="11515608560" visible="true" version="1" changeset="146234473" timestamp="2024-01-14T06:15:03Z" user="VENTOX" uid="20683110" lat="28.8106310" lon="104.6680254"/>
 <node id="11521178967" visible="true" version="2" changeset="150966178" timestamp="2024-05-06T13:45:25Z" user="enldm" uid="20125208" lat="28.8283594" lon="104.6937234"/>
 <node id="11521178968" visible="true" version="2" changeset="150966178" timestamp="2024-05-06T13:45:25Z" user="enldm" uid="20125208" lat="28.8284910" lon="104.6935588"/>
 <node id="11521180478" visible="true" version="2" changeset="160099903" timestamp="2024-12-09T17:00:49Z" user="Kiana_Kaslana" uid="17877421" lat="28.8310831" lon="104.6951721"/>
 <node id="11521180480" visible="true" version="2" changeset="160099903" timestamp="2024-12-09T17:00:49Z" user="Kiana_Kaslana" uid="17877421" lat="28.8312327" lon="104.6952356"/>
 <node id="11539223689" visible="true" version="1" changeset="146538188" timestamp="2024-01-22T06:25:20Z" user="VENTOX" uid="20683110" lat="28.9244583" lon="104.7996039"/>
 <node id="11539223690" visible="true" version="1" changeset="146538188" timestamp="2024-01-22T06:25:20Z" user="VENTOX" uid="20683110" lat="28.9238098" lon="104.8093485"/>
 <node id="11539223691" visible="true" version="1" changeset="146538188" timestamp="2024-01-22T06:25:20Z" user="VENTOX" uid="20683110" lat="28.9213937" lon="104.8149347"/>
 <node id="11539223692" visible="true" version="1" changeset="146538188" timestamp="2024-01-22T06:25:20Z" user="VENTOX" uid="20683110" lat="28.9190937" lon="104.8161275"/>
 <node id="11539223693" visible="true" version="1" changeset="146538188" timestamp="2024-01-22T06:25:20Z" user="VENTOX" uid="20683110" lat="28.9166228" lon="104.8204397"/>
 <node id="11539223694" visible="true" version="1" changeset="146538188" timestamp="2024-01-22T06:25:20Z" user="VENTOX" uid="20683110" lat="28.9151279" lon="104.8223041"/>
 <node id="11539223695" visible="true" version="1" changeset="146538188" timestamp="2024-01-22T06:25:20Z" user="VENTOX" uid="20683110" lat="28.9150450" lon="104.8208903"/>
 <node id="11539223696" visible="true" version="1" changeset="146538188" timestamp="2024-01-22T06:25:20Z" user="VENTOX" uid="20683110" lat="28.9138240" lon="104.8154166"/>
 <node id="11539223697" visible="true" version="1" changeset="146538188" timestamp="2024-01-22T06:25:20Z" user="VENTOX" uid="20683110" lat="28.9107174" lon="104.8042527"/>
 <node id="11539223698" visible="true" version="1" changeset="146538188" timestamp="2024-01-22T06:25:20Z" user="VENTOX" uid="20683110" lat="28.9075317" lon="104.7951411"/>
 <node id="11539223699" visible="true" version="1" changeset="146538188" timestamp="2024-01-22T06:25:20Z" user="VENTOX" uid="20683110" lat="28.9025914" lon="104.7805713"/>
 <node id="11539223700" visible="true" version="1" changeset="146538188" timestamp="2024-01-22T06:25:20Z" user="VENTOX" uid="20683110" lat="28.8980453" lon="104.7700785"/>
 <node id="11539223701" visible="true" version="1" changeset="146538188" timestamp="2024-01-22T06:25:20Z" user="VENTOX" uid="20683110" lat="28.8916955" lon="104.7589205"/>
 <node id="11539223702" visible="true" version="1" changeset="146538188" timestamp="2024-01-22T06:25:20Z" user="VENTOX" uid="20683110" lat="28.8791075" lon="104.7377847"/>
 <node id="11539223703" visible="true" version="1" changeset="146538188" timestamp="2024-01-22T06:25:20Z" user="VENTOX" uid="20683110" lat="28.8756126" lon="104.7335576"/>
 <node id="11539223704" visible="true" version="1" changeset="146538188" timestamp="2024-01-22T06:25:20Z" user="VENTOX" uid="20683110" lat="28.8713097" lon="104.7307466"/>
 <node id="11539223705" visible="true" version="1" changeset="146538188" timestamp="2024-01-22T06:25:20Z" user="VENTOX" uid="20683110" lat="28.8687165" lon="104.7281717"/>
 <node id="11539223706" visible="true" version="1" changeset="146538188" timestamp="2024-01-22T06:25:20Z" user="VENTOX" uid="20683110" lat="28.8661233" lon="104.7219275"/>
 <node id="11539223707" visible="true" version="1" changeset="146538188" timestamp="2024-01-22T06:25:20Z" user="VENTOX" uid="20683110" lat="28.8609179" lon="104.7117566"/>
 <node id="11539223708" visible="true" version="1" changeset="146538188" timestamp="2024-01-22T06:25:20Z" user="VENTOX" uid="20683110" lat="28.8555056" lon="104.7074650"/>
 <node id="11539223709" visible="true" version="1" changeset="146538188" timestamp="2024-01-22T06:25:20Z" user="VENTOX" uid="20683110" lat="28.8518596" lon="104.7033666"/>
 <node id="11539223710" visible="true" version="1" changeset="146538188" timestamp="2024-01-22T06:25:20Z" user="VENTOX" uid="20683110" lat="28.8485142" lon="104.6984528"/>
 <node id="11539223711" visible="true" version="1" changeset="146538188" timestamp="2024-01-22T06:25:20Z" user="VENTOX" uid="20683110" lat="28.8442289" lon="104.6928953"/>
 <node id="11539223712" visible="true" version="1" changeset="146538188" timestamp="2024-01-22T06:25:20Z" user="VENTOX" uid="20683110" lat="28.8411088" lon="104.6915220"/>
 <node id="11539223713" visible="true" version="1" changeset="146538188" timestamp="2024-01-22T06:25:20Z" user="VENTOX" uid="20683110" lat="28.8371051" lon="104.6889471"/>
 <node id="11539223714" visible="true" version="1" changeset="146538188" timestamp="2024-01-22T06:25:20Z" user="VENTOX" uid="20683110" lat="28.8349435" lon="104.6867369"/>
 <node id="11539223715" visible="true" version="1" changeset="146538188" timestamp="2024-01-22T06:25:20Z" user="VENTOX" uid="20683110" lat="28.8338532" lon="104.6836470"/>
 <node id="11539223716" visible="true" version="1" changeset="146538188" timestamp="2024-01-22T06:25:20Z" user="VENTOX" uid="20683110" lat="28.8284958" lon="104.6819519"/>
 <node id="11539223717" visible="true" version="1" changeset="146538188" timestamp="2024-01-22T06:25:20Z" user="VENTOX" uid="20683110" lat="28.8241533" lon="104.6796774"/>
 <node id="11539223718" visible="true" version="1" changeset="146538188" timestamp="2024-01-22T06:25:20Z" user="VENTOX" uid="20683110" lat="28.8186262" lon="104.6737121"/>
 <node id="11539223719" visible="true" version="1" changeset="146538188" timestamp="2024-01-22T06:25:20Z" user="VENTOX" uid="20683110" lat="28.8160694" lon="104.6679829"/>
 <node id="11539223720" visible="true" version="1" changeset="146538188" timestamp="2024-01-22T06:25:20Z" user="VENTOX" uid="20683110" lat="28.8121964" lon="104.6637343"/>
 <node id="11539223721" visible="true" version="1" changeset="146538188" timestamp="2024-01-22T06:25:20Z" user="VENTOX" uid="20683110" lat="28.8097334" lon="104.6606444"/>
 <node id="11539223722" visible="true" version="1" changeset="146538188" timestamp="2024-01-22T06:25:20Z" user="VENTOX" uid="20683110" lat="28.8064430" lon="104.6598076"/>
 <node id="11539223723" visible="true" version="1" changeset="146538188" timestamp="2024-01-22T06:25:20Z" user="VENTOX" uid="20683110" lat="28.8031338" lon="104.6537780"/>
 <node id="11539223724" visible="true" version="1" changeset="146538188" timestamp="2024-01-22T06:25:20Z" user="VENTOX" uid="20683110" lat="28.8048759" lon="104.6374729"/>
 <node id="11539223725" visible="true" version="1" changeset="146538188" timestamp="2024-01-22T06:25:20Z" user="VENTOX" uid="20683110" lat="28.8068323" lon="104.6378969"/>
 <node id="11539223726" visible="true" version="1" changeset="146538188" timestamp="2024-01-22T06:25:20Z" user="VENTOX" uid="20683110" lat="28.8101486" lon="104.6380502"/>
 <node id="11539223727" visible="true" version="1" changeset="146538188" timestamp="2024-01-22T06:25:20Z" user="VENTOX" uid="20683110" lat="28.8139854" lon="104.6409427"/>
 <node id="11539223728" visible="true" version="1" changeset="146538188" timestamp="2024-01-22T06:25:20Z" user="VENTOX" uid="20683110" lat="28.8150005" lon="104.6389369"/>
 <node id="11539223729" visible="true" version="1" changeset="146538188" timestamp="2024-01-22T06:25:20Z" user="VENTOX" uid="20683110" lat="28.8192842" lon="104.6383284"/>
 <node id="11539223730" visible="true" version="1" changeset="146538188" timestamp="2024-01-22T06:25:20Z" user="VENTOX" uid="20683110" lat="28.8212582" lon="104.6384143"/>
 <node id="11539223731" visible="true" version="1" changeset="146538188" timestamp="2024-01-22T06:25:20Z" user="VENTOX" uid="20683110" lat="28.8257888" lon="104.6423839"/>
 <node id="11539223732" visible="true" version="1" changeset="146538188" timestamp="2024-01-22T06:25:20Z" user="VENTOX" uid="20683110" lat="28.8299057" lon="104.6429204"/>
 <node id="11539223733" visible="true" version="1" changeset="146538188" timestamp="2024-01-22T06:25:20Z" user="VENTOX" uid="20683110" lat="28.8331765" lon="104.6466755"/>
 <node id="11539223734" visible="true" version="1" changeset="146538188" timestamp="2024-01-22T06:25:20Z" user="VENTOX" uid="20683110" lat="28.8369547" lon="104.6498941"/>
 <node id="11539223735" visible="true" version="1" changeset="146538188" timestamp="2024-01-22T06:25:20Z" user="VENTOX" uid="20683110" lat="28.8389660" lon="104.6523832"/>
 <node id="11539223736" visible="true" version="1" changeset="146538188" timestamp="2024-01-22T06:25:20Z" user="VENTOX" uid="20683110" lat="28.8405637" lon="104.6524690"/>
 <node id="11539223737" visible="true" version="1" changeset="146538188" timestamp="2024-01-22T06:25:20Z" user="VENTOX" uid="20683110" lat="28.8426312" lon="104.6548508"/>
 <node id="11539223738" visible="true" version="1" changeset="146538188" timestamp="2024-01-22T06:25:20Z" user="VENTOX" uid="20683110" lat="28.8446424" lon="104.6558593"/>
 <node id="11539223739" visible="true" version="1" changeset="146538188" timestamp="2024-01-22T06:25:20Z" user="VENTOX" uid="20683110" lat="28.8465407" lon="104.6577262"/>
 <node id="11539223740" visible="true" version="1" changeset="146538188" timestamp="2024-01-22T06:25:20Z" user="VENTOX" uid="20683110" lat="28.8486645" lon="104.6603869"/>
 <node id="11539223741" visible="true" version="1" changeset="146538188" timestamp="2024-01-22T06:25:20Z" user="VENTOX" uid="20683110" lat="28.8507507" lon="104.6626400"/>
 <node id="11539223742" visible="true" version="1" changeset="146538188" timestamp="2024-01-22T06:25:20Z" user="VENTOX" uid="20683110" lat="28.8528932" lon="104.6648716"/>
 <node id="11539223743" visible="true" version="1" changeset="146538188" timestamp="2024-01-22T06:25:20Z" user="VENTOX" uid="20683110" lat="28.8555268" lon="104.6701072"/>
 <node id="11539223744" visible="true" version="1" changeset="146538188" timestamp="2024-01-22T06:25:20Z" user="VENTOX" uid="20683110" lat="28.8563775" lon="104.6719752"/>
 <node id="11539223745" visible="true" version="1" changeset="146538188" timestamp="2024-01-22T06:25:20Z" user="VENTOX" uid="20683110" lat="28.8569992" lon="104.6752816"/>
 <node id="11539223746" visible="true" version="1" changeset="146538188" timestamp="2024-01-22T06:25:20Z" user="VENTOX" uid="20683110" lat="28.8589298" lon="104.6758420"/>
 <node id="11539223747" visible="true" version="1" changeset="146538188" timestamp="2024-01-22T06:25:20Z" user="VENTOX" uid="20683110" lat="28.8600750" lon="104.6770188"/>
 <node id="11539223748" visible="true" version="1" changeset="146538188" timestamp="2024-01-22T06:25:20Z" user="VENTOX" uid="20683110" lat="28.8619073" lon="104.6813339"/>
 <node id="11539223749" visible="true" version="1" changeset="146538188" timestamp="2024-01-22T06:25:20Z" user="VENTOX" uid="20683110" lat="28.8641321" lon="104.6854061"/>
 <node id="11539223750" visible="true" version="1" changeset="146538188" timestamp="2024-01-22T06:25:20Z" user="VENTOX" uid="20683110" lat="28.8676166" lon="104.6905058"/>
 <node id="11539223751" visible="true" version="1" changeset="146538188" timestamp="2024-01-22T06:25:20Z" user="VENTOX" uid="20683110" lat="28.8711501" lon="104.6961845"/>
 <node id="11539223752" visible="true" version="1" changeset="146538188" timestamp="2024-01-22T06:25:20Z" user="VENTOX" uid="20683110" lat="28.8746179" lon="104.7022368"/>
 <node id="11539223753" visible="true" version="1" changeset="146538188" timestamp="2024-01-22T06:25:20Z" user="VENTOX" uid="20683110" lat="28.8774641" lon="104.7076727"/>
 <node id="11539223754" visible="true" version="1" changeset="146538188" timestamp="2024-01-22T06:25:20Z" user="VENTOX" uid="20683110" lat="28.8816188" lon="104.7136877"/>
 <node id="11539223755" visible="true" version="1" changeset="146538188" timestamp="2024-01-22T06:25:20Z" user="VENTOX" uid="20683110" lat="28.8847919" lon="104.7182642"/>
 <node id="11539223756" visible="true" version="1" changeset="146538188" timestamp="2024-01-22T06:25:20Z" user="VENTOX" uid="20683110" lat="28.8852662" lon="104.7211223"/>
 <node id="11539223757" visible="true" version="1" changeset="146538188" timestamp="2024-01-22T06:25:20Z" user="VENTOX" uid="20683110" lat="28.8885537" lon="104.7239056"/>
 <node id="11539223758" visible="true" version="1" changeset="146538188" timestamp="2024-01-22T06:25:20Z" user="VENTOX" uid="20683110" lat="28.8910724" lon="104.7259978"/>
 <node id="11539223759" visible="true" version="1" changeset="146538188" timestamp="2024-01-22T06:25:20Z" user="VENTOX" uid="20683110" lat="28.8943925" lon="104.7286130"/>
 <node id="11539223760" visible="true" version="1" changeset="146538188" timestamp="2024-01-22T06:25:20Z" user="VENTOX" uid="20683110" lat="28.8944579" lon="104.7311161"/>
 <node id="11539223761" visible="true" version="1" changeset="146538188" timestamp="2024-01-22T06:25:20Z" user="VENTOX" uid="20683110" lat="28.8962732" lon="104.7327786"/>
 <node id="11539223762" visible="true" version="1" changeset="146538188" timestamp="2024-01-22T06:25:20Z" user="VENTOX" uid="20683110" lat="28.8966984" lon="104.7348894"/>
 <node id="11539223763" visible="true" version="1" changeset="146538188" timestamp="2024-01-22T06:25:20Z" user="VENTOX" uid="20683110" lat="28.8989716" lon="104.7369069"/>
 <node id="11539223764" visible="true" version="1" changeset="146538188" timestamp="2024-01-22T06:25:20Z" user="VENTOX" uid="20683110" lat="28.8995604" lon="104.7390924"/>
 <node id="11539223765" visible="true" version="1" changeset="146538188" timestamp="2024-01-22T06:25:20Z" user="VENTOX" uid="20683110" lat="28.9016373" lon="104.7401759"/>
 <node id="11539223766" visible="true" version="1" changeset="146538188" timestamp="2024-01-22T06:25:20Z" user="VENTOX" uid="20683110" lat="28.9040412" lon="104.7425109"/>
 <node id="11539223767" visible="true" version="1" changeset="146538188" timestamp="2024-01-22T06:25:20Z" user="VENTOX" uid="20683110" lat="28.9049570" lon="104.7447712"/>
 <node id="11539223768" visible="true" version="1" changeset="146538188" timestamp="2024-01-22T06:25:20Z" user="VENTOX" uid="20683110" lat="28.9070174" lon="104.7458172"/>
 <node id="11539231369" visible="true" version="1" changeset="146538188" timestamp="2024-01-22T06:25:20Z" user="VENTOX" uid="20683110" lat="28.9079168" lon="104.7478347"/>
 <node id="11539231370" visible="true" version="1" changeset="146538188" timestamp="2024-01-22T06:25:20Z" user="VENTOX" uid="20683110" lat="28.9080109" lon="104.7507775"/>
 <node id="11539231371" visible="true" version="1" changeset="146538188" timestamp="2024-01-22T06:25:20Z" user="VENTOX" uid="20683110" lat="28.9076151" lon="104.7544069"/>
 <node id="11539231372" visible="true" version="1" changeset="146538188" timestamp="2024-01-22T06:25:20Z" user="VENTOX" uid="20683110" lat="28.9084460" lon="104.7541984"/>
 <node id="11539231373" visible="true" version="1" changeset="146538188" timestamp="2024-01-22T06:25:20Z" user="VENTOX" uid="20683110" lat="28.9101296" lon="104.7548622"/>
 <node id="11539231374" visible="true" version="1" changeset="146538188" timestamp="2024-01-22T06:25:20Z" user="VENTOX" uid="20683110" lat="28.9112474" lon="104.7555208"/>
 <node id="11539231375" visible="true" version="1" changeset="146538188" timestamp="2024-01-22T06:25:20Z" user="VENTOX" uid="20683110" lat="28.9119236" lon="104.7585214"/>
 <node id="11539231376" visible="true" version="1" changeset="146538188" timestamp="2024-01-22T06:25:20Z" user="VENTOX" uid="20683110" lat="28.9121019" lon="104.7597861"/>
 <node id="11539231377" visible="true" version="1" changeset="146538188" timestamp="2024-01-22T06:25:20Z" user="VENTOX" uid="20683110" lat="28.9128717" lon="104.7594463"/>
 <node id="11539231378" visible="true" version="1" changeset="146538188" timestamp="2024-01-22T06:25:20Z" user="VENTOX" uid="20683110" lat="28.9150343" lon="104.7599026"/>
 <node id="11539231379" visible="true" version="1" changeset="146538188" timestamp="2024-01-22T06:25:20Z" user="VENTOX" uid="20683110" lat="28.9161417" lon="104.7616205"/>
 <node id="11539231380" visible="true" version="1" changeset="146538188" timestamp="2024-01-22T06:25:20Z" user="VENTOX" uid="20683110" lat="28.9172209" lon="104.7634138"/>
 <node id="11539231381" visible="true" version="1" changeset="146538188" timestamp="2024-01-22T06:25:20Z" user="VENTOX" uid="20683110" lat="28.9190195" lon="104.7662531"/>
 <node id="11539231382" visible="true" version="1" changeset="146538188" timestamp="2024-01-22T06:25:20Z" user="VENTOX" uid="20683110" lat="28.9206219" lon="104.7701946"/>
 <node id="11539231383" visible="true" version="1" changeset="146538188" timestamp="2024-01-22T06:25:20Z" user="VENTOX" uid="20683110" lat="28.9212268" lon="104.7729779"/>
 <node id="11539231384" visible="true" version="1" changeset="146538188" timestamp="2024-01-22T06:25:20Z" user="VENTOX" uid="20683110" lat="28.9207036" lon="104.7778347"/>
 <node id="11539231385" visible="true" version="1" changeset="146538188" timestamp="2024-01-22T06:25:20Z" user="VENTOX" uid="20683110" lat="28.9225736" lon="104.7800184"/>
 <node id="11539231386" visible="true" version="1" changeset="146538188" timestamp="2024-01-22T06:25:20Z" user="VENTOX" uid="20683110" lat="28.9240534" lon="104.7844242"/>
 <node id="11539231387" visible="true" version="1" changeset="146538188" timestamp="2024-01-22T06:25:20Z" user="VENTOX" uid="20683110" lat="28.9253634" lon="104.7901448"/>
 <node id="11539231388" visible="true" version="1" changeset="146538188" timestamp="2024-01-22T06:25:20Z" user="VENTOX" uid="20683110" lat="28.9247911" lon="104.7953566"/>
 <node id="11539231389" visible="true" version="1" changeset="146538188" timestamp="2024-01-22T06:25:20Z" user="VENTOX" uid="20683110" lat="28.9229629" lon="104.7816606"/>
 <node id="11539231390" visible="true" version="1" changeset="146538188" timestamp="2024-01-22T06:25:20Z" user="VENTOX" uid="20683110" lat="28.9253232" lon="104.7878268"/>
 <node id="11539231391" visible="true" version="1" changeset="146538188" timestamp="2024-01-22T06:25:20Z" user="VENTOX" uid="20683110" lat="28.9177333" lon="104.8192218"/>
 <node id="11539231392" visible="true" version="1" changeset="146538188" timestamp="2024-01-22T06:25:20Z" user="VENTOX" uid="20683110" lat="28.9160156" lon="104.8217786"/>
 <node id="11539231463" visible="true" version="1" changeset="146538188" timestamp="2024-01-22T06:25:20Z" user="VENTOX" uid="20683110" lat="28.9049052" lon="104.7887758"/>
 <node id="11539231464" visible="true" version="1" changeset="146538188" timestamp="2024-01-22T06:25:20Z" user="VENTOX" uid="20683110" lat="28.9039831" lon="104.7845663"/>
 <node id="11539231465" visible="true" version="1" changeset="146538188" timestamp="2024-01-22T06:25:20Z" user="VENTOX" uid="20683110" lat="28.9060306" lon="104.7920872"/>
 <node id="11539231466" visible="true" version="1" changeset="146538188" timestamp="2024-01-22T06:25:20Z" user="VENTOX" uid="20683110" lat="28.9121995" lon="104.8098428"/>
 <node id="11539231467" visible="true" version="1" changeset="146538188" timestamp="2024-01-22T06:25:20Z" user="VENTOX" uid="20683110" lat="28.9130545" lon="104.8121743"/>
 <node id="11539231468" visible="true" version="1" changeset="146538188" timestamp="2024-01-22T06:25:20Z" user="VENTOX" uid="20683110" lat="28.9234508" lon="104.8027036"/>
 <node id="11539231469" visible="true" version="1" changeset="146538188" timestamp="2024-01-22T06:25:20Z" user="VENTOX" uid="20683110" lat="28.9243562" lon="104.8038307"/>
 <node id="11539231470" visible="true" version="1" changeset="146538188" timestamp="2024-01-22T06:25:20Z" user="VENTOX" uid="20683110" lat="28.9247377" lon="104.8065896"/>
 <node id="11539231471" visible="true" version="1" changeset="146538188" timestamp="2024-01-22T06:25:20Z" user="VENTOX" uid="20683110" lat="28.9224452" lon="104.8122473"/>
 <node id="11539231472" visible="true" version="1" changeset="146538188" timestamp="2024-01-22T06:25:20Z" user="VENTOX" uid="20683110" lat="28.9082445" lon="104.7512366"/>
 <node id="11539231473" visible="true" version="1" changeset="146538188" timestamp="2024-01-22T06:25:20Z" user="VENTOX" uid="20683110" lat="28.9076817" lon="104.7528094"/>
 <node id="11539231474" visible="true" version="1" changeset="146538188" timestamp="2024-01-22T06:25:20Z" user="VENTOX" uid="20683110" lat="28.9090181" lon="104.7550233"/>
 <node id="11539231475" visible="true" version="1" changeset="146538188" timestamp="2024-01-22T06:25:20Z" user="VENTOX" uid="20683110" lat="28.9104512" lon="104.7553825"/>
 <node id="11539231476" visible="true" version="1" changeset="146538188" timestamp="2024-01-22T06:25:20Z" user="VENTOX" uid="20683110" lat="28.9116179" lon="104.7570458"/>
 <node id="11539231477" visible="true" version="1" changeset="146538188" timestamp="2024-01-22T06:25:20Z" user="VENTOX" uid="20683110" lat="28.9115542" lon="104.7593571"/>
 <node id="11539231478" visible="true" version="1" changeset="146538188" timestamp="2024-01-22T06:25:20Z" user="VENTOX" uid="20683110" lat="28.9137102" lon="104.7593848"/>
 <node id="11539231479" visible="true" version="1" changeset="146538188" timestamp="2024-01-22T06:25:20Z" user="VENTOX" uid="20683110" lat="28.9143345" lon="104.7601798"/>
 <node id="11539231509" visible="true" version="1" changeset="146538188" timestamp="2024-01-22T06:25:20Z" user="VENTOX" uid="20683110" lat="28.8083479" lon="104.6365181"/>
 <node id="11539231510" visible="true" version="1" changeset="146538188" timestamp="2024-01-22T06:25:20Z" user="VENTOX" uid="20683110" lat="28.8110411" lon="104.6402120"/>
 <node id="11539231511" visible="true" version="1" changeset="146538188" timestamp="2024-01-22T06:25:20Z" user="VENTOX" uid="20683110" lat="28.8095617" lon="104.6364873"/>
 <node id="11539231512" visible="true" version="1" changeset="146538188" timestamp="2024-01-22T06:25:20Z" user="VENTOX" uid="20683110" lat="28.8142935" lon="104.6401106"/>
 <node id="11539231513" visible="true" version="1" changeset="146538188" timestamp="2024-01-22T06:25:20Z" user="VENTOX" uid="20683110" lat="28.8126700" lon="104.6412603"/>
 <node id="11883561485" visible="true" version="1" changeset="150961429" timestamp="2024-05-06T11:57:24Z" user="enldm" uid="20125208" lat="28.8158350" lon="104.6798813"/>
 <node id="11883561490" visible="true" version="1" changeset="150961429" timestamp="2024-05-06T11:57:24Z" user="enldm" uid="20125208" lat="28.8143738" lon="104.6766114"/>
 <node id="11883753271" visible="true" version="1" changeset="150966178" timestamp="2024-05-06T13:45:25Z" user="enldm" uid="20125208" lat="28.8244053" lon="104.6981151"/>
 <node id="11883762276" visible="true" version="1" changeset="150966537" timestamp="2024-05-06T13:53:02Z" user="enldm" uid="20125208" lat="28.8103024" lon="104.6746944"/>
 <node id="11883762277" visible="true" version="1" changeset="150966537" timestamp="2024-05-06T13:53:02Z" user="enldm" uid="20125208" lat="28.8100819" lon="104.6748574"/>
 <node id="11883762278" visible="true" version="1" changeset="150966537" timestamp="2024-05-06T13:53:02Z" user="enldm" uid="20125208" lat="28.8102437" lon="104.6751425"/>
 <node id="11883762279" visible="true" version="1" changeset="150966537" timestamp="2024-05-06T13:53:02Z" user="enldm" uid="20125208" lat="28.8104642" lon="104.6749795"/>
 <node id="11883762280" visible="true" version="1" changeset="150966537" timestamp="2024-05-06T13:53:02Z" user="enldm" uid="20125208" lat="28.8105314" lon="104.6750392"/>
 <node id="11883762281" visible="true" version="1" changeset="150966537" timestamp="2024-05-06T13:53:02Z" user="enldm" uid="20125208" lat="28.8103539" lon="104.6751943"/>
 <node id="11883762282" visible="true" version="1" changeset="150966537" timestamp="2024-05-06T13:53:02Z" user="enldm" uid="20125208" lat="28.8105368" lon="104.6754669"/>
 <node id="11883762283" visible="true" version="1" changeset="150966537" timestamp="2024-05-06T13:53:02Z" user="enldm" uid="20125208" lat="28.8107143" lon="104.6753118"/>
 <node id="11883762284" visible="true" version="1" changeset="150966537" timestamp="2024-05-06T13:53:02Z" user="enldm" uid="20125208" lat="28.8099247" lon="104.6752124"/>
 <node id="11883762285" visible="true" version="1" changeset="150966537" timestamp="2024-05-06T13:53:02Z" user="enldm" uid="20125208" lat="28.8097472" lon="104.6753675"/>
 <node id="11883762286" visible="true" version="1" changeset="150966537" timestamp="2024-05-06T13:53:02Z" user="enldm" uid="20125208" lat="28.8099301" lon="104.6756402"/>
 <node id="11883762287" visible="true" version="1" changeset="150966537" timestamp="2024-05-06T13:53:02Z" user="enldm" uid="20125208" lat="28.8101076" lon="104.6754851"/>
 <node id="11883762288" visible="true" version="1" changeset="150966537" timestamp="2024-05-06T13:53:02Z" user="enldm" uid="20125208" lat="28.8099300" lon="104.6746627"/>
 <node id="11883762289" visible="true" version="1" changeset="150966537" timestamp="2024-05-06T13:53:02Z" user="enldm" uid="20125208" lat="28.8096459" lon="104.6747069"/>
 <node id="11883762290" visible="true" version="1" changeset="150966537" timestamp="2024-05-06T13:53:02Z" user="enldm" uid="20125208" lat="28.8096842" lon="104.6750280"/>
 <node id="11883762291" visible="true" version="1" changeset="150966537" timestamp="2024-05-06T13:53:02Z" user="enldm" uid="20125208" lat="28.8099683" lon="104.6749839"/>
 <node id="11883762292" visible="true" version="1" changeset="150966537" timestamp="2024-05-06T13:53:02Z" user="enldm" uid="20125208" lat="28.8094086" lon="104.6747696"/>
 <node id="11883762293" visible="true" version="1" changeset="150966537" timestamp="2024-05-06T13:53:02Z" user="enldm" uid="20125208" lat="28.8091450" lon="104.6748492"/>
 <node id="11883762294" visible="true" version="1" changeset="150966537" timestamp="2024-05-06T13:53:02Z" user="enldm" uid="20125208" lat="28.8092200" lon="104.6751728"/>
 <node id="11883762295" visible="true" version="1" changeset="150966537" timestamp="2024-05-06T13:53:02Z" user="enldm" uid="20125208" lat="28.8094836" lon="104.6750932"/>
 <node id="11883762296" visible="true" version="1" changeset="150966537" timestamp="2024-05-06T13:53:02Z" user="enldm" uid="20125208" lat="28.8090125" lon="104.6749178"/>
 <node id="11883762297" visible="true" version="1" changeset="150966537" timestamp="2024-05-06T13:53:02Z" user="enldm" uid="20125208" lat="28.8087558" lon="104.6749932"/>
 <node id="11883762298" visible="true" version="1" changeset="150966537" timestamp="2024-05-06T13:53:02Z" user="enldm" uid="20125208" lat="28.8088211" lon="104.6752828"/>
 <node id="11883762299" visible="true" version="1" changeset="150966537" timestamp="2024-05-06T13:53:02Z" user="enldm" uid="20125208" lat="28.8090779" lon="104.6752073"/>
 <node id="11883762300" visible="true" version="1" changeset="150966537" timestamp="2024-05-06T13:53:02Z" user="enldm" uid="20125208" lat="28.8095242" lon="104.6755072"/>
 <node id="11883762301" visible="true" version="1" changeset="150966537" timestamp="2024-05-06T13:53:02Z" user="enldm" uid="20125208" lat="28.8093108" lon="104.6756962"/>
 <node id="11883762302" visible="true" version="1" changeset="150966537" timestamp="2024-05-06T13:53:02Z" user="enldm" uid="20125208" lat="28.8095100" lon="104.6759890"/>
 <node id="11883762303" visible="true" version="1" changeset="150966537" timestamp="2024-05-06T13:53:02Z" user="enldm" uid="20125208" lat="28.8097234" lon="104.6758001"/>
 <node id="11883762304" visible="true" version="1" changeset="150966537" timestamp="2024-05-06T13:53:02Z" user="enldm" uid="20125208" lat="28.8087689" lon="104.6753613"/>
 <node id="11883762305" visible="true" version="1" changeset="150966537" timestamp="2024-05-06T13:53:02Z" user="enldm" uid="20125208" lat="28.8085555" lon="104.6755503"/>
 <node id="11883762306" visible="true" version="1" changeset="150966537" timestamp="2024-05-06T13:53:02Z" user="enldm" uid="20125208" lat="28.8087546" lon="104.6758432"/>
 <node id="11883762307" visible="true" version="1" changeset="150966537" timestamp="2024-05-06T13:53:02Z" user="enldm" uid="20125208" lat="28.8089680" lon="104.6756542"/>
 <node id="11883762308" visible="true" version="1" changeset="150966537" timestamp="2024-05-06T13:53:02Z" user="enldm" uid="20125208" lat="28.8090133" lon="104.6757433"/>
 <node id="11883762309" visible="true" version="1" changeset="150966537" timestamp="2024-05-06T13:53:02Z" user="enldm" uid="20125208" lat="28.8087999" lon="104.6759323"/>
 <node id="11883762310" visible="true" version="1" changeset="150966537" timestamp="2024-05-06T13:53:02Z" user="enldm" uid="20125208" lat="28.8089990" lon="104.6762251"/>
 <node id="11883762311" visible="true" version="1" changeset="150966537" timestamp="2024-05-06T13:53:02Z" user="enldm" uid="20125208" lat="28.8092124" lon="104.6760362"/>
 <node id="11883762316" visible="true" version="1" changeset="150966537" timestamp="2024-05-06T13:53:02Z" user="enldm" uid="20125208" lat="28.8105344" lon="104.6757688"/>
 <node id="11883762317" visible="true" version="1" changeset="150966537" timestamp="2024-05-06T13:53:02Z" user="enldm" uid="20125208" lat="28.8103149" lon="104.6760005"/>
 <node id="11883762318" visible="true" version="1" changeset="150966537" timestamp="2024-05-06T13:53:02Z" user="enldm" uid="20125208" lat="28.8101443" lon="104.6757901"/>
 <node id="11883762319" visible="true" version="1" changeset="150966537" timestamp="2024-05-06T13:53:02Z" user="enldm" uid="20125208" lat="28.8103637" lon="104.6755583"/>
 <node id="11883762320" visible="true" version="1" changeset="150966537" timestamp="2024-05-06T13:53:02Z" user="enldm" uid="20125208" lat="28.8099835" lon="104.6758591"/>
 <node id="11883762321" visible="true" version="1" changeset="150966537" timestamp="2024-05-06T13:53:02Z" user="enldm" uid="20125208" lat="28.8097701" lon="104.6760481"/>
 <node id="11883762322" visible="true" version="1" changeset="150966537" timestamp="2024-05-06T13:53:02Z" user="enldm" uid="20125208" lat="28.8099692" lon="104.6763410"/>
 <node id="11883762323" visible="true" version="1" changeset="150966537" timestamp="2024-05-06T13:53:02Z" user="enldm" uid="20125208" lat="28.8101826" lon="104.6761520"/>
 <node id="11883762328" visible="true" version="1" changeset="150966537" timestamp="2024-05-06T13:53:02Z" user="enldm" uid="20125208" lat="28.8108229" lon="104.6759011"/>
 <node id="11883762329" visible="true" version="1" changeset="150966537" timestamp="2024-05-06T13:53:02Z" user="enldm" uid="20125208" lat="28.8106131" lon="104.6761059"/>
 <node id="11883762330" visible="true" version="1" changeset="150966537" timestamp="2024-05-06T13:53:02Z" user="enldm" uid="20125208" lat="28.8107886" lon="104.6763401"/>
 <node id="11883762331" visible="true" version="1" changeset="150966537" timestamp="2024-05-06T13:53:02Z" user="enldm" uid="20125208" lat="28.8109984" lon="104.6761353"/>
 <node id="11883762364" visible="true" version="1" changeset="150966537" timestamp="2024-05-06T13:53:02Z" user="enldm" uid="20125208" lat="28.8112056" lon="104.6759664"/>
 <node id="11883762365" visible="true" version="1" changeset="150966537" timestamp="2024-05-06T13:53:02Z" user="enldm" uid="20125208" lat="28.8109922" lon="104.6761554"/>
 <node id="11883762366" visible="true" version="1" changeset="150966537" timestamp="2024-05-06T13:53:02Z" user="enldm" uid="20125208" lat="28.8111913" lon="104.6764483"/>
 <node id="11883762367" visible="true" version="1" changeset="150966537" timestamp="2024-05-06T13:53:02Z" user="enldm" uid="20125208" lat="28.8114047" lon="104.6762593"/>
 <node id="11883800070" visible="true" version="1" changeset="150967217" timestamp="2024-05-06T14:08:31Z" user="enldm" uid="20125208" lat="28.7980114" lon="104.6777275"/>
 <node id="11883800244" visible="true" version="1" changeset="150967217" timestamp="2024-05-06T14:08:31Z" user="enldm" uid="20125208" lat="28.8101057" lon="104.6826301"/>
 <node id="11883800378" visible="true" version="1" changeset="150967217" timestamp="2024-05-06T14:08:31Z" user="enldm" uid="20125208" lat="28.8035493" lon="104.6776732"/>
 <node id="11883800379" visible="true" version="2" changeset="163638079" timestamp="2025-03-15T06:55:06Z" user="enldm" uid="20125208" lat="28.8033373" lon="104.6773345"/>
 <node id="11883800380" visible="true" version="2" changeset="163638079" timestamp="2025-03-15T06:55:06Z" user="enldm" uid="20125208" lat="28.8023466" lon="104.6776581"/>
 <node id="11883800381" visible="true" version="1" changeset="150967217" timestamp="2024-05-06T14:08:31Z" user="enldm" uid="20125208" lat="28.8024422" lon="104.6791244"/>
 <node id="11883800382" visible="true" version="1" changeset="150967217" timestamp="2024-05-06T14:08:31Z" user="enldm" uid="20125208" lat="28.8021120" lon="104.6791663"/>
 <node id="11883800383" visible="true" version="1" changeset="150967217" timestamp="2024-05-06T14:08:31Z" user="enldm" uid="20125208" lat="28.8018418" lon="104.6787616"/>
 <node id="11883815225" visible="true" version="1" changeset="150967460" timestamp="2024-05-06T14:15:04Z" user="enldm" uid="20125208" lat="28.8230373" lon="104.6875232"/>
 <node id="11883815227" visible="true" version="1" changeset="150967460" timestamp="2024-05-06T14:15:04Z" user="enldm" uid="20125208" lat="28.8225204" lon="104.6869461"/>
 <node id="12051707879" visible="true" version="1" changeset="153906378" timestamp="2024-07-13T19:04:54Z" user="BJKavan" uid="10813684" lat="28.8044784" lon="104.7306598">
  <tag k="power" v="tower"/>
 </node>
 <node id="12051707880" visible="true" version="1" changeset="153906378" timestamp="2024-07-13T19:04:54Z" user="BJKavan" uid="10813684" lat="28.7988584" lon="104.7340772">
  <tag k="power" v="tower"/>
 </node>
 <node id="12051707881" visible="true" version="1" changeset="153906378" timestamp="2024-07-13T19:04:54Z" user="BJKavan" uid="10813684" lat="28.7945355" lon="104.7390128">
  <tag k="power" v="tower"/>
 </node>
 <node id="12051707882" visible="true" version="1" changeset="153906378" timestamp="2024-07-13T19:04:54Z" user="BJKavan" uid="10813684" lat="28.7923812" lon="104.7491335">
  <tag k="power" v="tower"/>
 </node>
 <node id="12404765369" visible="true" version="1" changeset="160056675" timestamp="2024-12-08T13:17:38Z" user="Kiana_Kaslana" uid="17877421" lat="28.7963086" lon="104.6783351"/>
 <node id="12407592403" visible="true" version="1" changeset="160099903" timestamp="2024-12-09T17:00:49Z" user="Kiana_Kaslana" uid="17877421" lat="28.8293402" lon="104.6943399"/>
 <node id="12407592404" visible="true" version="1" changeset="160099903" timestamp="2024-12-09T17:00:49Z" user="Kiana_Kaslana" uid="17877421" lat="28.8297443" lon="104.6945894"/>
 <node id="12407592411" visible="true" version="1" changeset="160099903" timestamp="2024-12-09T17:00:49Z" user="Kiana_Kaslana" uid="17877421" lat="28.8287175" lon="104.6941039"/>
 <node id="12666194211" visible="true" version="1" changeset="163636425" timestamp="2025-03-15T05:41:00Z" user="enldm" uid="20125208" lat="28.8177832" lon="104.6907046"/>
 <node id="12666194214" visible="true" version="1" changeset="163636425" timestamp="2025-03-15T05:41:00Z" user="enldm" uid="20125208" lat="28.8176401" lon="104.6908527"/>
 <node id="12666249561" visible="true" version="1" changeset="163638229" timestamp="2025-03-15T07:01:42Z" user="enldm" uid="20125208" lat="28.8114270" lon="104.6691119"/>
 <node id="12666249562" visible="true" version="1" changeset="163638229" timestamp="2025-03-15T07:01:42Z" user="enldm" uid="20125208" lat="28.8118848" lon="104.6698957"/>
 <node id="12666249563" visible="true" version="1" changeset="163638229" timestamp="2025-03-15T07:01:42Z" user="enldm" uid="20125208" lat="28.8118676" lon="104.6700041"/>
 <node id="12666249564" visible="true" version="1" changeset="163638229" timestamp="2025-03-15T07:01:42Z" user="enldm" uid="20125208" lat="28.8112715" lon="104.6703246"/>
 <node id="12666249565" visible="true" version="1" changeset="163638229" timestamp="2025-03-15T07:01:42Z" user="enldm" uid="20125208" lat="28.8107796" lon="104.6692684"/>
 <node id="12666249566" visible="true" version="1" changeset="163638229" timestamp="2025-03-15T07:01:42Z" user="enldm" uid="20125208" lat="28.8093447" lon="104.6673596"/>
 <node id="12666249567" visible="true" version="1" changeset="163638229" timestamp="2025-03-15T07:01:42Z" user="enldm" uid="20125208" lat="28.8100762" lon="104.6700292"/>
 <node id="12666249568" visible="true" version="1" changeset="163638229" timestamp="2025-03-15T07:01:42Z" user="enldm" uid="20125208" lat="28.8098819" lon="104.6701557"/>
 <node id="12666249569" visible="true" version="1" changeset="163638229" timestamp="2025-03-15T07:01:42Z" user="enldm" uid="20125208" lat="28.8119708" lon="104.6701612"/>
 <node id="12666249570" visible="true" version="1" changeset="163638229" timestamp="2025-03-15T07:01:42Z" user="enldm" uid="20125208" lat="28.8114747" lon="104.6704602"/>
 <node id="12666249571" visible="true" version="1" changeset="163638229" timestamp="2025-03-15T07:01:42Z" user="enldm" uid="20125208" lat="28.8118408" lon="104.6712515"/>
 <node id="12666249572" visible="true" version="1" changeset="163638229" timestamp="2025-03-15T07:01:42Z" user="enldm" uid="20125208" lat="28.8123370" lon="104.6709524"/>
 <node id="12666249883" visible="true" version="1" changeset="163638102" timestamp="2025-03-15T06:56:30Z" user="enldm" uid="20125208" lat="28.8085659" lon="104.6704172"/>
 <node id="12666263819" visible="true" version="1" changeset="163638079" timestamp="2025-03-15T06:55:06Z" user="enldm" uid="20125208" lat="28.8014110" lon="104.6783634"/>
 <node id="12666263820" visible="true" version="1" changeset="163638079" timestamp="2025-03-15T06:55:06Z" user="enldm" uid="20125208" lat="28.8012914" lon="104.6782943"/>
 <node id="12666263821" visible="true" version="1" changeset="163638079" timestamp="2025-03-15T06:55:06Z" user="enldm" uid="20125208" lat="28.8012782" lon="104.6782061"/>
 <node id="12666263822" visible="true" version="1" changeset="163638079" timestamp="2025-03-15T06:55:06Z" user="enldm" uid="20125208" lat="28.8012085" lon="104.6782013"/>
 <node id="12666263823" visible="true" version="1" changeset="163638079" timestamp="2025-03-15T06:55:06Z" user="enldm" uid="20125208" lat="28.8043124" lon="104.6774665"/>
 <node id="12666263824" visible="true" version="1" changeset="163638079" timestamp="2025-03-15T06:55:06Z" user="enldm" uid="20125208" lat="28.8043021" lon="104.6775735"/>
 <node id="12666263825" visible="true" version="1" changeset="163638079" timestamp="2025-03-15T06:55:06Z" user="enldm" uid="20125208" lat="28.8042106" lon="104.6776496"/>
 <node id="12666263826" visible="true" version="1" changeset="163638079" timestamp="2025-03-15T06:55:06Z" user="enldm" uid="20125208" lat="28.8038625" lon="104.6777298"/>
 <node id="12666263874" visible="true" version="1" changeset="163638079" timestamp="2025-03-15T06:55:06Z" user="enldm" uid="20125208" lat="28.8040467" lon="104.6758454"/>
 <node id="12666263875" visible="true" version="1" changeset="163638079" timestamp="2025-03-15T06:55:06Z" user="enldm" uid="20125208" lat="28.8042926" lon="104.6768065"/>
 <node id="12666263876" visible="true" version="1" changeset="163638079" timestamp="2025-03-15T06:55:06Z" user="enldm" uid="20125208" lat="28.8043680" lon="104.6773934"/>
 <node id="12666263877" visible="true" version="1" changeset="163638079" timestamp="2025-03-15T06:55:06Z" user="enldm" uid="20125208" lat="28.8043582" lon="104.6775765"/>
 <node id="12666263878" visible="true" version="1" changeset="163638079" timestamp="2025-03-15T06:55:06Z" user="enldm" uid="20125208" lat="28.8042861" lon="104.6776513"/>
 <node id="12666263879" visible="true" version="1" changeset="163638079" timestamp="2025-03-15T06:55:06Z" user="enldm" uid="20125208" lat="28.8039062" lon="104.6777671"/>
 <node id="12666263880" visible="true" version="1" changeset="163638079" timestamp="2025-03-15T06:55:06Z" user="enldm" uid="20125208" lat="28.8037588" lon="104.6777709"/>
 <node id="12666263881" visible="true" version="1" changeset="163638079" timestamp="2025-03-15T06:55:06Z" user="enldm" uid="20125208" lat="28.8035033" lon="104.6776886"/>
 <node id="12666263882" visible="true" version="1" changeset="163638079" timestamp="2025-03-15T06:55:06Z" user="enldm" uid="20125208" lat="28.8034345" lon="104.6776214"/>
 <node id="12666263883" visible="true" version="1" changeset="163638079" timestamp="2025-03-15T06:55:06Z" user="enldm" uid="20125208" lat="28.8033769" lon="104.6773977"/>
 <node id="12666263884" visible="true" version="1" changeset="163638079" timestamp="2025-03-15T06:55:06Z" user="enldm" uid="20125208" lat="28.8027435" lon="104.6776139"/>
 <node id="12666263932" visible="true" version="1" changeset="163638079" timestamp="2025-03-15T06:55:06Z" user="enldm" uid="20125208" lat="28.8042779" lon="104.6767490"/>
 <node id="12666264506" visible="true" version="1" changeset="163638079" timestamp="2025-03-15T06:55:06Z" user="enldm" uid="20125208" lat="28.8101397" lon="104.6829403"/>
 <node id="12666264507" visible="true" version="1" changeset="163638079" timestamp="2025-03-15T06:55:06Z" user="enldm" uid="20125208" lat="28.8098389" lon="104.6834038"/>
 <node id="12666264508" visible="true" version="1" changeset="163638079" timestamp="2025-03-15T06:55:06Z" user="enldm" uid="20125208" lat="28.8096584" lon="104.6836956"/>
 <node id="12666264509" visible="true" version="1" changeset="163638079" timestamp="2025-03-15T06:55:06Z" user="enldm" uid="20125208" lat="28.8100870" lon="104.6839875"/>
 <node id="12666264510" visible="true" version="1" changeset="163638079" timestamp="2025-03-15T06:55:06Z" user="enldm" uid="20125208" lat="28.8103653" lon="104.6843995"/>
 <node id="12666264511" visible="true" version="1" changeset="163638079" timestamp="2025-03-15T06:55:06Z" user="enldm" uid="20125208" lat="28.8108391" lon="104.6849488"/>
 <node id="12666264512" visible="true" version="1" changeset="163638079" timestamp="2025-03-15T06:55:06Z" user="enldm" uid="20125208" lat="28.8098013" lon="104.6865795"/>
 <node id="12666264513" visible="true" version="1" changeset="163638079" timestamp="2025-03-15T06:55:06Z" user="enldm" uid="20125208" lat="28.8093801" lon="104.6863993"/>
 <node id="12666264514" visible="true" version="1" changeset="163638079" timestamp="2025-03-15T06:55:06Z" user="enldm" uid="20125208" lat="28.8092372" lon="104.6857642"/>
 <node id="12666264515" visible="true" version="1" changeset="163638079" timestamp="2025-03-15T06:55:06Z" user="enldm" uid="20125208" lat="28.8089514" lon="104.6853350"/>
 <node id="12666264516" visible="true" version="1" changeset="163638079" timestamp="2025-03-15T06:55:06Z" user="enldm" uid="20125208" lat="28.8084024" lon="104.6850689"/>
 <node id="12666264517" visible="true" version="1" changeset="163638079" timestamp="2025-03-15T06:55:06Z" user="enldm" uid="20125208" lat="28.8081993" lon="104.6852663"/>
 <node id="12666264518" visible="true" version="1" changeset="163638079" timestamp="2025-03-15T06:55:06Z" user="enldm" uid="20125208" lat="28.8076052" lon="104.6850174"/>
 <node id="12666264519" visible="true" version="1" changeset="163638079" timestamp="2025-03-15T06:55:06Z" user="enldm" uid="20125208" lat="28.8071389" lon="104.6853436"/>
 <node id="12666264520" visible="true" version="1" changeset="163638079" timestamp="2025-03-15T06:55:06Z" user="enldm" uid="20125208" lat="28.8065899" lon="104.6854895"/>
 <node id="12666264521" visible="true" version="1" changeset="163638079" timestamp="2025-03-15T06:55:06Z" user="enldm" uid="20125208" lat="28.8060408" lon="104.6854809"/>
 <node id="12666264522" visible="true" version="1" changeset="163638079" timestamp="2025-03-15T06:55:06Z" user="enldm" uid="20125208" lat="28.8048751" lon="104.6848715"/>
 <node id="12666264523" visible="true" version="1" changeset="163638079" timestamp="2025-03-15T06:55:06Z" user="enldm" uid="20125208" lat="28.8044990" lon="104.6833695"/>
 <node id="12666264524" visible="true" version="1" changeset="163638079" timestamp="2025-03-15T06:55:06Z" user="enldm" uid="20125208" lat="28.8044765" lon="104.6829317"/>
 <node id="12666264525" visible="true" version="1" changeset="163638079" timestamp="2025-03-15T06:55:06Z" user="enldm" uid="20125208" lat="28.8041531" lon="104.6824854"/>
 <node id="12666264526" visible="true" version="1" changeset="163638079" timestamp="2025-03-15T06:55:06Z" user="enldm" uid="20125208" lat="28.8036341" lon="104.6820734"/>
 <node id="12666264527" visible="true" version="1" changeset="163638079" timestamp="2025-03-15T06:55:06Z" user="enldm" uid="20125208" lat="28.8032656" lon="104.6817301"/>
 <node id="12666264528" visible="true" version="1" changeset="163638079" timestamp="2025-03-15T06:55:06Z" user="enldm" uid="20125208" lat="28.8028143" lon="104.6813696"/>
 <node id="12666264529" visible="true" version="1" changeset="163638079" timestamp="2025-03-15T06:55:06Z" user="enldm" uid="20125208" lat="28.8021223" lon="104.6814812"/>
 <node id="12666264530" visible="true" version="1" changeset="163638079" timestamp="2025-03-15T06:55:06Z" user="enldm" uid="20125208" lat="28.8019118" lon="104.6811808"/>
 <node id="12666264531" visible="true" version="1" changeset="163638079" timestamp="2025-03-15T06:55:06Z" user="enldm" uid="20125208" lat="28.8011747" lon="104.6810006"/>
 <node id="12666264532" visible="true" version="1" changeset="163638079" timestamp="2025-03-15T06:55:06Z" user="enldm" uid="20125208" lat="28.8008212" lon="104.6807516"/>
 <node id="12666264533" visible="true" version="1" changeset="163638079" timestamp="2025-03-15T06:55:06Z" user="enldm" uid="20125208" lat="28.8002571" lon="104.6807431"/>
 <node id="12666264534" visible="true" version="1" changeset="163638079" timestamp="2025-03-15T06:55:06Z" user="enldm" uid="20125208" lat="28.7996102" lon="104.6811465"/>
 <node id="12666264535" visible="true" version="1" changeset="163638079" timestamp="2025-03-15T06:55:06Z" user="enldm" uid="20125208" lat="28.7995500" lon="104.6816185"/>
 <node id="12666264536" visible="true" version="1" changeset="163638079" timestamp="2025-03-15T06:55:06Z" user="enldm" uid="20125208" lat="28.7995200" lon="104.6825798"/>
 <node id="12666264537" visible="true" version="1" changeset="163638079" timestamp="2025-03-15T06:55:06Z" user="enldm" uid="20125208" lat="28.7996779" lon="104.6829232"/>
 <node id="12666264538" visible="true" version="1" changeset="163638079" timestamp="2025-03-15T06:55:06Z" user="enldm" uid="20125208" lat="28.7996704" lon="104.6834210"/>
 <node id="12666264539" visible="true" version="1" changeset="163638079" timestamp="2025-03-15T06:55:06Z" user="enldm" uid="20125208" lat="28.7992492" lon="104.6838759"/>
 <node id="12666264540" visible="true" version="1" changeset="163638079" timestamp="2025-03-15T06:55:06Z" user="enldm" uid="20125208" lat="28.7986851" lon="104.6847857"/>
 <node id="12666264541" visible="true" version="1" changeset="163638079" timestamp="2025-03-15T06:55:06Z" user="enldm" uid="20125208" lat="28.7974215" lon="104.6841248"/>
 <node id="12666264542" visible="true" version="1" changeset="163638079" timestamp="2025-03-15T06:55:06Z" user="enldm" uid="20125208" lat="28.7979404" lon="104.6829403"/>
 <node id="12666264543" visible="true" version="1" changeset="163638079" timestamp="2025-03-15T06:55:06Z" user="enldm" uid="20125208" lat="28.7976321" lon="104.6826485"/>
 <node id="12666264544" visible="true" version="1" changeset="163638079" timestamp="2025-03-15T06:55:06Z" user="enldm" uid="20125208" lat="28.7969777" lon="104.6822537"/>
 <node id="12666264545" visible="true" version="1" changeset="163638079" timestamp="2025-03-15T06:55:06Z" user="enldm" uid="20125208" lat="28.7964060" lon="104.6814726"/>
 <node id="12666264546" visible="true" version="1" changeset="163638079" timestamp="2025-03-15T06:55:06Z" user="enldm" uid="20125208" lat="28.7960751" lon="104.6812323"/>
 <node id="12666264547" visible="true" version="1" changeset="163638079" timestamp="2025-03-15T06:55:06Z" user="enldm" uid="20125208" lat="28.7958344" lon="104.6810864"/>
 <node id="12666264548" visible="true" version="1" changeset="163638079" timestamp="2025-03-15T06:55:06Z" user="enldm" uid="20125208" lat="28.7956990" lon="104.6809319"/>
 <node id="12666264549" visible="true" version="1" changeset="163638079" timestamp="2025-03-15T06:55:06Z" user="enldm" uid="20125208" lat="28.7953981" lon="104.6787861"/>
 <node id="12666264550" visible="true" version="1" changeset="163638079" timestamp="2025-03-15T06:55:06Z" user="enldm" uid="20125208" lat="28.7979179" lon="104.6779021"/>
 <node id="12666264551" visible="true" version="1" changeset="163638079" timestamp="2025-03-15T06:55:06Z" user="enldm" uid="20125208" lat="28.8008663" lon="104.6769408"/>
 <node id="12666264552" visible="true" version="1" changeset="163638079" timestamp="2025-03-15T06:55:06Z" user="enldm" uid="20125208" lat="28.8010017" lon="104.6780651"/>
 <node id="12666264553" visible="true" version="1" changeset="163638079" timestamp="2025-03-15T06:55:06Z" user="enldm" uid="20125208" lat="28.8010844" lon="104.6788033"/>
 <node id="12666264554" visible="true" version="1" changeset="163638079" timestamp="2025-03-15T06:55:06Z" user="enldm" uid="20125208" lat="28.8016711" lon="104.6788805"/>
 <node id="12666264555" visible="true" version="1" changeset="163638079" timestamp="2025-03-15T06:55:06Z" user="enldm" uid="20125208" lat="28.8019870" lon="104.6791724"/>
 <node id="12666264556" visible="true" version="1" changeset="163638079" timestamp="2025-03-15T06:55:06Z" user="enldm" uid="20125208" lat="28.8024458" lon="104.6792324"/>
 <node id="12666264557" visible="true" version="1" changeset="163638079" timestamp="2025-03-15T06:55:06Z" user="enldm" uid="20125208" lat="28.8025661" lon="104.6789921"/>
 <node id="12666264558" visible="true" version="1" changeset="163638079" timestamp="2025-03-15T06:55:06Z" user="enldm" uid="20125208" lat="28.8024909" lon="104.6777647"/>
 <node id="12666264559" visible="true" version="1" changeset="163638079" timestamp="2025-03-15T06:55:06Z" user="enldm" uid="20125208" lat="28.8033032" lon="104.6775244"/>
 <node id="12666264560" visible="true" version="1" changeset="163638079" timestamp="2025-03-15T06:55:06Z" user="enldm" uid="20125208" lat="28.8036272" lon="104.6779364"/>
 <node id="12666264561" visible="true" version="1" changeset="163638079" timestamp="2025-03-15T06:55:06Z" user="enldm" uid="20125208" lat="28.8043787" lon="104.6777819"/>
 <node id="12666264562" visible="true" version="1" changeset="163638079" timestamp="2025-03-15T06:55:06Z" user="enldm" uid="20125208" lat="28.8044088" lon="104.6770523"/>
 <node id="12666264563" visible="true" version="1" changeset="163638079" timestamp="2025-03-15T06:55:06Z" user="enldm" uid="20125208" lat="28.8041756" lon="104.6759966"/>
 <node id="12666264564" visible="true" version="1" changeset="163638079" timestamp="2025-03-15T06:55:06Z" user="enldm" uid="20125208" lat="28.8051985" lon="104.6756533"/>
 <node id="12666264565" visible="true" version="1" changeset="163638079" timestamp="2025-03-15T06:55:06Z" user="enldm" uid="20125208" lat="28.8061236" lon="104.6773098"/>
 <node id="12666264566" visible="true" version="1" changeset="163638079" timestamp="2025-03-15T06:55:06Z" user="enldm" uid="20125208" lat="28.8080113" lon="104.6803397"/>
 <node id="12666264567" visible="true" version="1" changeset="163638079" timestamp="2025-03-15T06:55:06Z" user="enldm" uid="20125208" lat="28.8089289" lon="104.6815241"/>
 <node id="13070130688" visible="true" version="1" changeset="170415430" timestamp="2025-08-14T03:40:19Z" user="没时间了" uid="23188738" lat="28.8117044" lon="104.6657299"/>
 <node id="13070130689" visible="true" version="1" changeset="170415430" timestamp="2025-08-14T03:40:19Z" user="没时间了" uid="23188738" lat="28.8118760" lon="104.6661285"/>
 <node id="13070130690" visible="true" version="1" changeset="170415430" timestamp="2025-08-14T03:40:19Z" user="没时间了" uid="23188738" lat="28.8116532" lon="104.6660838"/>
 <node id="13070130691" visible="true" version="1" changeset="170415430" timestamp="2025-08-14T03:40:19Z" user="没时间了" uid="23188738" lat="28.8116652" lon="104.6661491"/>
 <node id="13070130692" visible="true" version="1" changeset="170415430" timestamp="2025-08-14T03:40:19Z" user="没时间了" uid="23188738" lat="28.8115749" lon="104.6661560"/>
 <node id="13070130693" visible="true" version="1" changeset="170415430" timestamp="2025-08-14T03:40:19Z" user="没时间了" uid="23188738" lat="28.8115809" lon="104.6660941"/>
 <node id="13070130694" visible="true" version="1" changeset="170415430" timestamp="2025-08-14T03:40:19Z" user="没时间了" uid="23188738" lat="28.8114996" lon="104.6661216"/>
 <node id="13070130695" visible="true" version="1" changeset="170415430" timestamp="2025-08-14T03:40:19Z" user="没时间了" uid="23188738" lat="28.8114153" lon="104.6659189"/>
 <node id="14027133424" visible="true" version="1" changeset="186015986" timestamp="2026-07-19T16:21:59Z" user="StellarCake" uid="24214361" lat="28.8085157" lon="104.6851238"/>
 <node id="14118704301" visible="true" version="1" changeset="187929602" timestamp="2026-08-24T10:04:39Z" user="Russ" uid="3306" lat="28.9029514" lon="104.7251451">
  <tag k="power" v="tower"/>
 </node>
 <node id="14118704302" visible="true" version="1" changeset="187929602" timestamp="2026-08-24T10:04:39Z" user="Russ" uid="3306" lat="28.9047829" lon="104.7230422">
  <tag k="power" v="tower"/>
 </node>
 <node id="14118704303" visible="true" version="1" changeset="187929602" timestamp="2026-08-24T10:04:39Z" user="Russ" uid="3306" lat="28.9073235" lon="104.7198611">
  <tag k="power" v="tower"/>
 </node>
 <node id="14118704304" visible="true" version="1" changeset="187929602" timestamp="2026-08-24T10:04:39Z" user="Russ" uid="3306" lat="28.9092441" lon="104.7192013">
  <tag k="power" v="tower"/>
 </node>
 <node id="14118704305" visible="true" version="1" changeset="187929602" timestamp="2026-08-24T10:04:39Z" user="Russ" uid="3306" lat="28.9101035" lon="104.7187936">
  <tag k="power" v="tower"/>
 </node>
 <node id="14118704306" visible="true" version="1" changeset="187929602" timestamp="2026-08-24T10:04:39Z" user="Russ" uid="3306" lat="28.9118738" lon="104.7191101">
  <tag k="power" v="tower"/>
 </node>
 <node id="14118720909" visible="true" version="1" changeset="187930218" timestamp="2026-08-24T10:18:13Z" user="Russ" uid="3306" lat="28.8903371" lon="104.7670317">
  <tag k="power" v="tower"/>
 </node>
 <node id="14118720910" visible="true" version="1" changeset="187930218" timestamp="2026-08-24T10:18:13Z" user="Russ" uid="3306" lat="28.8926004" lon="104.7674435">
  <tag k="power" v="tower"/>
 </node>
 <node id="14118720911" visible="true" version="1" changeset="187930218" timestamp="2026-08-24T10:18:13Z" user="Russ" uid="3306" lat="28.8928963" lon="104.7662795">
  <tag k="power" v="tower"/>
 </node>
 <node id="14118720912" visible="true" version="1" changeset="187930218" timestamp="2026-08-24T10:18:13Z" user="Russ" uid="3306" lat="28.8934317" lon="104.7637850">
  <tag k="power" v="tower"/>
 </node>
 <node id="14118720913" visible="true" version="1" changeset="187930218" timestamp="2026-08-24T10:18:13Z" user="Russ" uid="3306" lat="28.8939953" lon="104.7622615">
  <tag k="power" v="tower"/>
 </node>
 <node id="14118720914" visible="true" version="1" changeset="187930218" timestamp="2026-08-24T10:18:13Z" user="Russ" uid="3306" lat="28.8949816" lon="104.7595900">
  <tag k="power" v="tower"/>
 </node>
 <node id="14118720915" visible="true" version="1" changeset="187930218" timestamp="2026-08-24T10:18:13Z" user="Russ" uid="3306" lat="28.8960195" lon="104.7501004">
  <tag k="power" v="tower"/>
 </node>
 <node id="14118720916" visible="true" version="1" changeset="187930218" timestamp="2026-08-24T10:18:13Z" user="Russ" uid="3306" lat="28.8951601" lon="104.7456801">
  <tag k="power" v="tower"/>
 </node>
 <node id="14118720917" visible="true" version="1" changeset="187930218" timestamp="2026-08-24T10:18:13Z" user="Russ" uid="3306" lat="28.8943335" lon="104.7411150">
  <tag k="power" v="tower"/>
 </node>
 <node id="14118720918" visible="true" version="1" changeset="187930218" timestamp="2026-08-24T10:18:13Z" user="Russ" uid="3306" lat="28.8937933" lon="104.7382826">
  <tag k="power" v="tower"/>
 </node>
 <node id="14118720919" visible="true" version="1" changeset="187930218" timestamp="2026-08-24T10:18:13Z" user="Russ" uid="3306" lat="28.8934129" lon="104.7363031">
  <tag k="power" v="tower"/>
 </node>
 <node id="14182980767" visible="true" version="1" changeset="189059700" timestamp="2026-09-15T12:47:57Z" user="Maps Man" uid="10216874" lat="28.9124062" lon="104.7201949"/>
 <node id="14182980768" visible="true" version="1" changeset="189059700" timestamp="2026-09-15T12:47:57Z" user="Maps Man" uid="10216874" lat="28.9124743" lon="104.7203236"/>
 <way id="560218651" visible="true" version="20" changeset="145982438" timestamp="2024-01-07T09:03:29Z" user="VENTOX" uid="20683110">
  <nd ref="5813926375"/>
  <nd ref="8759519553"/>
  <nd ref="5817131985"/>
  <nd ref="5402652583"/>
  <nd ref="5402652582"/>
  <nd ref="5817131974"/>
  <nd ref="7617024108"/>
  <nd ref="7617024134"/>
  <tag k="highway" v="primary"/>
  <tag k="name" v="长翠路"/>
  <tag k="oneway" v="yes"/>
  <tag k="surface" v="asphalt"/>
 </way>
 <way id="614657568" visible="true" version="8" changeset="145982438" timestamp="2024-01-07T09:03:29Z" user="VENTOX" uid="20683110">
  <nd ref="5813926361"/>
  <nd ref="5813926362"/>
  <nd ref="6555452474"/>
  <nd ref="5813926363"/>
  <nd ref="11491990984"/>
  <nd ref="11491990983"/>
  <nd ref="6555540737"/>
  <nd ref="11491990981"/>
  <nd ref="11491990982"/>
  <nd ref="6555540739"/>
  <nd ref="6555540740"/>
  <nd ref="5813926364"/>
  <nd ref="6555540743"/>
  <nd ref="8759519737"/>
  <nd ref="6555540742"/>
  <nd ref="6555540741"/>
  <nd ref="5813926365"/>
  <nd ref="5813926366"/>
  <nd ref="8759519738"/>
  <nd ref="8759519739"/>
  <nd ref="5813926367"/>
  <nd ref="8553273578"/>
  <nd ref="5813926361"/>
  <tag k="amenity" v="school"/>
  <tag k="name" v="宜宾天立国际学校"/>
 </way>
 <way id="614657570" visible="true" version="25" changeset="163636425" timestamp="2025-03-15T05:41:00Z" user="enldm" uid="20125208">
  <nd ref="5813926376"/>
  <nd ref="11163105717"/>
  <nd ref="11163105718"/>
  <nd ref="11163105719"/>
  <nd ref="11458621547"/>
  <nd ref="11163105722"/>
  <nd ref="11163105721"/>
  <nd ref="11883800244"/>
  <nd ref="11163105726"/>
  <nd ref="11425321176"/>
  <nd ref="11425321169"/>
  <nd ref="11163105728"/>
  <nd ref="11163158977"/>
  <nd ref="11163158974"/>
  <nd ref="12666194214"/>
  <tag k="highway" v="primary"/>
  <tag k="lanes" v="4"/>
  <tag k="name" v="峥嵘路"/>
  <tag k="oneway" v="yes"/>
  <tag k="surface" v="asphalt"/>
 </way>
 <way id="615103644" visible="true" version="5" changeset="105196947" timestamp="2021-05-24T05:47:03Z" user="富顺娃儿" uid="4897653">
  <nd ref="8759519728"/>
  <nd ref="8759519726"/>
  <nd ref="8759519727"/>
  <nd ref="5817131995"/>
  <nd ref="5817131997"/>
  <nd ref="5817131994"/>
  <nd ref="8759519749"/>
  <nd ref="6555452470"/>
  <nd ref="6555452472"/>
  <nd ref="5817131993"/>
  <nd ref="5817131992"/>
  <nd ref="5817131991"/>
  <nd ref="5817131990"/>
  <nd ref="7617024162"/>
  <tag k="highway" v="tertiary"/>
  <tag k="name" v="石岗路"/>
  <tag k="oneway" v="yes"/>
 </way>
 <way id="615103649" visible="true" version="26" changeset="163636425" timestamp="2025-03-15T05:41:00Z" user="enldm" uid="20125208">
  <nd ref="12666194211"/>
  <nd ref="11163105733"/>
  <nd ref="11163158973"/>
  <nd ref="11163105734"/>
  <nd ref="11163105727"/>
  <nd ref="11454580493"/>
  <nd ref="11425219241"/>
  <nd ref="11425321170"/>
  <nd ref="11425321175"/>
  <nd ref="11163105725"/>
  <nd ref="11164916941"/>
  <nd ref="11163105724"/>
  <nd ref="11163105723"/>
  <nd ref="11164916944"/>
  <nd ref="11163105720"/>
  <nd ref="11163105716"/>
  <nd ref="5817131998"/>
  <tag k="highway" v="primary"/>
  <tag k="lanes" v="4"/>
  <tag k="name" v="峥嵘路"/>
  <tag k="oneway" v="yes"/>
  <tag k="surface" v="asphalt"/>
 </way>
 <way id="685190063" visible="true" version="2" changeset="84467317" timestamp="2020-05-01T11:20:31Z" user="katpatuka" uid="17497">
  <nd ref="6420421090"/>
  <nd ref="6420421169"/>
  <nd ref="6420421210"/>
  <nd ref="6420421189"/>
  <nd ref="6420421196"/>
  <nd ref="6420421059"/>
  <nd ref="6420419770"/>
  <nd ref="6420419776"/>
  <nd ref="6420421233"/>
  <nd ref="6420419758"/>
  <nd ref="6420421186"/>
  <nd ref="6420421193"/>
  <nd ref="6420421184"/>
  <nd ref="6420421154"/>
  <nd ref="6420421158"/>
  <nd ref="6420419782"/>
  <nd ref="6420419781"/>
  <nd ref="6420421224"/>
  <nd ref="6420421063"/>
  <nd ref="6420421066"/>
  <nd ref="6420421151"/>
  <nd ref="6420421156"/>
  <nd ref="6420421157"/>
  <nd ref="6420421227"/>
  <nd ref="6420421225"/>
  <nd ref="6420421083"/>
  <nd ref="6420419774"/>
  <nd ref="6420419768"/>
  <nd ref="6420421112"/>
  <nd ref="6420421012"/>
  <nd ref="6420421252"/>
  <nd ref="6420421260"/>
  <nd ref="6420421268"/>
  <nd ref="6420421030"/>
  <nd ref="6420421029"/>
  <nd ref="6420421086"/>
  <nd ref="6420421069"/>
  <nd ref="6420421257"/>
  <nd ref="6420421208"/>
  <nd ref="6420421056"/>
  <nd ref="6420421251"/>
  <nd ref="6420421037"/>
  <nd ref="6420421060"/>
  <nd ref="6420421273"/>
  <nd ref="6420419771"/>
  <nd ref="6420421058"/>
  <nd ref="6420421267"/>
  <nd ref="6420421166"/>
  <nd ref="6420421121"/>
  <nd ref="6420421278"/>
  <nd ref="6420419779"/>
  <nd ref="6420421134"/>
  <nd ref="6420421269"/>
  <nd ref="6420421065"/>
  <nd ref="6420421122"/>
  <nd ref="6420421090"/>
  <tag k="natural" v="water"/>
 </way>
 <way id="698026920" visible="true" version="11" changeset="146129042" timestamp="2024-01-11T06:26:08Z" user="VENTOX" uid="20683110">
  <nd ref="6555452452"/>
  <nd ref="8118028002"/>
  <nd ref="7593934708"/>
  <nd ref="6555452453"/>
  <nd ref="8759519725"/>
  <nd ref="8118027967"/>
  <nd ref="6555452454"/>
  <nd ref="8759533289"/>
  <nd ref="8759533290"/>
  <nd ref="8759533288"/>
  <nd ref="8118027938"/>
  <nd ref="6787010524"/>
  <nd ref="8118027934"/>
  <nd ref="8118027935"/>
  <nd ref="8118027936"/>
  <nd ref="8118026276"/>
  <nd ref="6787010521"/>
  <nd ref="6787010520"/>
  <nd ref="8118026278"/>
  <nd ref="8118026277"/>
  <nd ref="8759519748"/>
  <nd ref="8118026279"/>
  <nd ref="8759519747"/>
  <nd ref="6787010516"/>
  <nd ref="6787010515"/>
  <nd ref="6787010513"/>
  <nd ref="8118027965"/>
  <nd ref="6555452457"/>
  <nd ref="11507914287"/>
  <nd ref="8759519722"/>
  <nd ref="11507914280"/>
  <nd ref="6787010505"/>
  <nd ref="6787010504"/>
  <nd ref="8118028120"/>
  <nd ref="6555452458"/>
  <nd ref="8118028121"/>
  <nd ref="8118028122"/>
  <nd ref="6555452463"/>
  <nd ref="8118028117"/>
  <nd ref="6555452464"/>
  <nd ref="8118028030"/>
  <nd ref="6555452465"/>
  <nd ref="8759519723"/>
  <nd ref="8118028029"/>
  <nd ref="6555452466"/>
  <nd ref="6555452467"/>
  <nd ref="8759519724"/>
  <nd ref="8118028003"/>
  <nd ref="8118027999"/>
  <nd ref="8118028000"/>
  <nd ref="8118028001"/>
  <nd ref="6555452452"/>
  <tag k="amenity" v="university"/>
  <tag k="name" v="四川轻化工大学宜宾校区"/>
 </way>
 <way id="698029919" visible="true" version="1" changeset="71368270" timestamp="2019-06-18T14:20:31Z" user="北巷猫眠" uid="1915680">
  <nd ref="6555541224"/>
  <nd ref="6555541225"/>
  <nd ref="6555541226"/>
  <nd ref="6555541227"/>
  <nd ref="6555541224"/>
 </way>
 <way id="698029920" visible="true" version="1" changeset="71368270" timestamp="2019-06-18T14:20:31Z" user="北巷猫眠" uid="1915680">
  <nd ref="6555541228"/>
  <nd ref="6555541229"/>
  <nd ref="6555541230"/>
  <nd ref="6555541231"/>
  <nd ref="6555541228"/>
  <tag k="area" v="yes"/>
 </way>
 <way id="698029921" visible="true" version="1" changeset="71368270" timestamp="2019-06-18T14:20:31Z" user="北巷猫眠" uid="1915680">
  <nd ref="6555541232"/>
  <nd ref="6555541233"/>
  <nd ref="6555541234"/>
  <nd ref="6555541235"/>
  <nd ref="6555541232"/>
  <tag k="area" v="yes"/>
 </way>
 <way id="698029922" visible="true" version="1" changeset="71368270" timestamp="2019-06-18T14:20:31Z" user="北巷猫眠" uid="1915680">
  <nd ref="6555541236"/>
  <nd ref="6555541237"/>
  <nd ref="6555541238"/>
  <nd ref="6555541239"/>
  <nd ref="6555541236"/>
 </way>
 <way id="698029923" visible="true" version="1" changeset="71368270" timestamp="2019-06-18T14:20:31Z" user="北巷猫眠" uid="1915680">
  <nd ref="6555541240"/>
  <nd ref="6555541241"/>
  <nd ref="6555541242"/>
  <nd ref="6555541243"/>
  <nd ref="6555541240"/>
 </way>
 <way id="698029924" visible="true" version="2" changeset="86215981" timestamp="2020-06-05T03:03:03Z" user="北巷猫眠" uid="1915680">
  <nd ref="6555541244"/>
  <nd ref="6555541245"/>
  <nd ref="7593934748"/>
  <nd ref="7593934747"/>
  <nd ref="6555541246"/>
  <nd ref="6555541247"/>
  <nd ref="6555541244"/>
  <tag k="area" v="yes"/>
 </way>
 <way id="698029925" visible="true" version="1" changeset="71368270" timestamp="2019-06-18T14:20:31Z" user="北巷猫眠" uid="1915680">
  <nd ref="6555541248"/>
  <nd ref="6555541249"/>
  <nd ref="6555541250"/>
  <nd ref="6555541251"/>
  <nd ref="6555541248"/>
  <tag k="area" v="yes"/>
 </way>
 <way id="698029926" visible="true" version="1" changeset="71368270" timestamp="2019-06-18T14:20:31Z" user="北巷猫眠" uid="1915680">
  <nd ref="6555541252"/>
  <nd ref="6555541253"/>
  <nd ref="6555541254"/>
  <nd ref="6555541255"/>
  <nd ref="6555541252"/>
 </way>
 <way id="698433644" visible="true" version="2" changeset="76180586" timestamp="2019-10-25T03:55:49Z" user="富顺娃儿" uid="4897653">
  <nd ref="6559113778"/>
  <nd ref="6559113779"/>
  <nd ref="6559113780"/>
  <tag k="highway" v="unclassified"/>
 </way>
 <way id="698433646" visible="true" version="2" changeset="76180586" timestamp="2019-10-25T03:55:49Z" user="富顺娃儿" uid="4897653">
  <nd ref="6559113781"/>
  <nd ref="6559113782"/>
  <tag k="highway" v="service"/>
  <tag k="oneway" v="yes"/>
 </way>
 <way id="698433647" visible="true" version="2" changeset="76180586" timestamp="2019-10-25T03:55:49Z" user="富顺娃儿" uid="4897653">
  <nd ref="6559113784"/>
  <nd ref="6559113783"/>
  <tag k="highway" v="service"/>
  <tag k="oneway" v="yes"/>
 </way>
 <way id="698433648" visible="true" version="8" changeset="163638229" timestamp="2025-03-15T07:01:42Z" user="enldm" uid="20125208">
  <nd ref="6914347765"/>
  <nd ref="11472330501"/>
  <nd ref="8128262841"/>
  <nd ref="11472330500"/>
  <nd ref="6914347748"/>
  <nd ref="8128262855"/>
  <nd ref="11472330499"/>
  <nd ref="11472330497"/>
  <nd ref="11472330498"/>
  <nd ref="6914347731"/>
  <nd ref="11472330510"/>
  <nd ref="11472330511"/>
  <nd ref="6914347744"/>
  <nd ref="6914347742"/>
  <nd ref="11472330515"/>
  <nd ref="8118026311"/>
  <nd ref="6914347741"/>
  <nd ref="11472330516"/>
  <nd ref="6914347740"/>
  <nd ref="11472330517"/>
  <nd ref="8118028066"/>
  <nd ref="8118026315"/>
  <nd ref="8118026314"/>
  <nd ref="6914347738"/>
  <nd ref="6914367992"/>
  <nd ref="6914347737"/>
  <nd ref="12666249883"/>
  <nd ref="6559220985"/>
  <nd ref="8118027954"/>
  <nd ref="8118027953"/>
  <nd ref="8118027955"/>
  <nd ref="6914347714"/>
  <nd ref="8759519745"/>
  <nd ref="6559220986"/>
  <nd ref="8118026233"/>
  <nd ref="6559220987"/>
  <nd ref="8118028078"/>
  <nd ref="6914368038"/>
  <nd ref="6559220988"/>
  <nd ref="8118026256"/>
  <nd ref="6559220989"/>
  <nd ref="8118026255"/>
  <nd ref="6559220990"/>
  <nd ref="8118026254"/>
  <nd ref="8118026253"/>
  <nd ref="6559220991"/>
  <nd ref="6559220992"/>
  <nd ref="8118028071"/>
  <nd ref="6559113782"/>
  <nd ref="6559113784"/>
  <nd ref="8118028073"/>
  <nd ref="8118026252"/>
  <nd ref="6559220993"/>
  <nd ref="8118026239"/>
  <nd ref="8118026290"/>
  <nd ref="6559220994"/>
  <nd ref="6559220995"/>
  <nd ref="6559220996"/>
  <nd ref="8118026238"/>
  <nd ref="8118026236"/>
  <nd ref="8118026237"/>
  <nd ref="6914368037"/>
  <tag k="highway" v="service"/>
 </way>
 <way id="698433649" visible="true" version="3" changeset="94097879" timestamp="2020-11-14T08:17:47Z" user="北巷猫眠" uid="1915680">
  <nd ref="6559220989"/>
  <nd ref="6559220997"/>
  <nd ref="6559220998"/>
  <nd ref="8118026257"/>
  <nd ref="6559220999"/>
  <nd ref="8118026294"/>
  <nd ref="6914347707"/>
  <nd ref="6559221000"/>
  <nd ref="6559221001"/>
  <tag k="highway" v="service"/>
 </way>
 <way id="723631024" visible="true" version="23" changeset="160138654" timestamp="2024-12-10T17:40:14Z" user="Kiana_Kaslana" uid="17877421">
  <nd ref="11496703217"/>
  <nd ref="11521180480"/>
  <nd ref="11521180478"/>
  <nd ref="11163097477"/>
  <nd ref="12407592404"/>
  <nd ref="11496703207"/>
  <nd ref="12407592403"/>
  <nd ref="11496703209"/>
  <nd ref="11163076879"/>
  <nd ref="11521178968"/>
  <nd ref="11163076880"/>
  <nd ref="11163076888"/>
  <nd ref="11883815225"/>
  <nd ref="11883815227"/>
  <nd ref="8017939059"/>
  <nd ref="11163169580"/>
  <nd ref="11163158975"/>
  <nd ref="11163076884"/>
  <nd ref="11163182105"/>
  <nd ref="11163158987"/>
  <nd ref="11163076886"/>
  <nd ref="8017939058"/>
  <nd ref="11425321172"/>
  <nd ref="11425321173"/>
  <nd ref="11883561485"/>
  <nd ref="6786968558"/>
  <nd ref="6787023197"/>
  <nd ref="8606849217"/>
  <nd ref="6786968559"/>
  <nd ref="8759519733"/>
  <nd ref="6786968560"/>
  <nd ref="6786968561"/>
  <nd ref="6786968562"/>
  <tag k="highway" v="secondary"/>
  <tag k="lanes" v="3"/>
  <tag k="name" v="大学路"/>
  <tag k="oneway" v="yes"/>
  <tag k="surface" v="asphalt"/>
 </way>
 <way id="723631025" visible="true" version="8" changeset="145720969" timestamp="2023-12-31T06:00:27Z" user="VENTOX" uid="20683110">
  <nd ref="6786968569"/>
  <nd ref="8118048349"/>
  <nd ref="8118048343"/>
  <nd ref="8118048345"/>
  <nd ref="8759519727"/>
  <nd ref="8759519730"/>
  <nd ref="8118048341"/>
  <nd ref="11472330480"/>
  <nd ref="11472330479"/>
  <nd ref="8759519736"/>
  <tag k="highway" v="secondary"/>
  <tag k="name" v="大学路"/>
  <tag k="oneway" v="yes"/>
 </way>
 <way id="723631026" visible="true" version="5" changeset="105196947" timestamp="2021-05-24T05:47:03Z" user="富顺娃儿" uid="4897653">
  <nd ref="6786968563"/>
  <nd ref="8759519731"/>
  <nd ref="8759519735"/>
  <tag k="highway" v="secondary"/>
  <tag k="layer" v="-1"/>
  <tag k="name" v="大学路"/>
  <tag k="oneway" v="yes"/>
  <tag k="tunnel" v="yes"/>
 </way>
 <way id="723631027" visible="true" version="8" changeset="145720969" timestamp="2023-12-31T06:00:27Z" user="VENTOX" uid="20683110">
  <nd ref="8759519735"/>
  <nd ref="8118048340"/>
  <nd ref="8759519729"/>
  <nd ref="8759519726"/>
  <nd ref="11472330478"/>
  <nd ref="11472330477"/>
  <nd ref="11472330476"/>
  <nd ref="8118048344"/>
  <nd ref="11472330475"/>
  <nd ref="8118048342"/>
  <nd ref="11472330474"/>
  <nd ref="8118048348"/>
  <nd ref="10542204909"/>
  <nd ref="6786968568"/>
  <nd ref="6786968569"/>
  <tag k="highway" v="secondary"/>
  <tag k="name" v="大学路"/>
  <tag k="oneway" v="yes"/>
 </way>
 <way id="723631028" visible="true" version="5" changeset="105196947" timestamp="2021-05-24T05:47:03Z" user="富顺娃儿" uid="4897653">
  <nd ref="8759519736"/>
  <nd ref="8759519732"/>
  <nd ref="8759519734"/>
  <tag k="highway" v="secondary"/>
  <tag k="layer" v="-1"/>
  <tag k="name" v="大学路"/>
  <tag k="oneway" v="yes"/>
  <tag k="tunnel" v="yes"/>
 </way>
 <way id="723631029" visible="true" version="7" changeset="105196947" timestamp="2021-05-24T05:47:03Z" user="富顺娃儿" uid="4897653">
  <nd ref="8759519734"/>
  <nd ref="6786968574"/>
  <nd ref="6786968575"/>
  <tag k="highway" v="secondary"/>
  <tag k="name" v="大学路"/>
  <tag k="oneway" v="yes"/>
 </way>
 <way id="723631115" visible="true" version="5" changeset="86712423" timestamp="2020-06-16T09:35:45Z" user="北巷猫眠" uid="1915680">
  <nd ref="6786968560"/>
  <nd ref="7593934710"/>
  <nd ref="6786995163"/>
  <nd ref="7593934709"/>
  <nd ref="6786995164"/>
  <nd ref="6786995165"/>
  <tag k="highway" v="secondary_link"/>
  <tag k="oneway" v="yes"/>
 </way>
 <way id="723632028" visible="true" version="2" changeset="74336202" timestamp="2019-09-11T05:31:23Z" user="北巷猫眠" uid="1915680">
  <nd ref="6787014481"/>
  <nd ref="6787014482"/>
  <nd ref="6787014483"/>
  <nd ref="6787014484"/>
  <nd ref="6787014481"/>
  <tag k="building" v="university"/>
  <tag k="name" v="实训厂房A"/>
 </way>
 <way id="723632029" visible="true" version="3" changeset="86215981" timestamp="2020-06-05T03:03:03Z" user="北巷猫眠" uid="1915680">
  <nd ref="6787023185"/>
  <nd ref="6787023186"/>
  <nd ref="7593934745"/>
  <nd ref="7593934746"/>
  <nd ref="6787023187"/>
  <nd ref="6787023188"/>
  <nd ref="6787023189"/>
  <nd ref="6787023190"/>
  <nd ref="6787023191"/>
  <nd ref="6787023192"/>
  <nd ref="6787023193"/>
  <nd ref="6787023194"/>
  <nd ref="6787023185"/>
  <tag k="building" v="university"/>
  <tag k="name" v="实训厂房B"/>
 </way>
 <way id="723632030" visible="true" version="9" changeset="150961429" timestamp="2024-05-06T11:57:24Z" user="enldm" uid="20125208">
  <nd ref="6787023195"/>
  <nd ref="8606798314"/>
  <nd ref="8606798313"/>
  <nd ref="7195208442"/>
  <nd ref="7593934744"/>
  <nd ref="6787023220"/>
  <nd ref="6787056781"/>
  <nd ref="7195208451"/>
  <nd ref="6787023218"/>
  <nd ref="7195208450"/>
  <nd ref="6787056784"/>
  <nd ref="6787023217"/>
  <nd ref="8606849222"/>
  <nd ref="6787023216"/>
  <nd ref="8606849230"/>
  <nd ref="6787023215"/>
  <nd ref="7593934723"/>
  <nd ref="6787023214"/>
  <nd ref="6787023212"/>
  <nd ref="6787023211"/>
  <nd ref="6787023210"/>
  <nd ref="6797833235"/>
  <nd ref="7593934688"/>
  <nd ref="6787023209"/>
  <nd ref="7593934687"/>
  <nd ref="6787023208"/>
  <nd ref="6787023238"/>
  <nd ref="8759519431"/>
  <nd ref="7921843435"/>
  <nd ref="6787023229"/>
  <nd ref="6787023206"/>
  <nd ref="7593916678"/>
  <nd ref="6787023204"/>
  <nd ref="6787023203"/>
  <nd ref="6787023224"/>
  <nd ref="6787023200"/>
  <nd ref="6787056783"/>
  <nd ref="11883561490"/>
  <nd ref="7593934730"/>
  <nd ref="7593934732"/>
  <nd ref="6787023199"/>
  <nd ref="7593934731"/>
  <nd ref="8606849220"/>
  <nd ref="6787023195"/>
  <tag k="highway" v="residential"/>
 </way>
 <way id="723639039" visible="true" version="7" changeset="167896840" timestamp="2025-06-21T03:24:42Z" user="北巷猫眠" uid="1915680">
  <nd ref="8606798313"/>
  <nd ref="6787056782"/>
  <nd ref="6787063085"/>
  <tag k="highway" v="footway"/>
 </way>
 <way id="723639040" visible="true" version="7" changeset="167896840" timestamp="2025-06-21T03:24:42Z" user="北巷猫眠" uid="1915680">
  <nd ref="6787056780"/>
  <nd ref="6787023214"/>
  <nd ref="6797833197"/>
  <nd ref="8759519432"/>
  <nd ref="6787056777"/>
  <nd ref="6787056778"/>
  <tag k="highway" v="footway"/>
 </way>
 <way id="723639041" visible="true" version="5" changeset="167896840" timestamp="2025-06-21T03:24:42Z" user="北巷猫眠" uid="1915680">
  <nd ref="6787056781"/>
  <nd ref="6787056782"/>
  <nd ref="8606849221"/>
  <nd ref="6787056783"/>
  <tag k="highway" v="footway"/>
 </way>
 <way id="723639042" visible="true" version="3" changeset="167896840" timestamp="2025-06-21T03:24:42Z" user="北巷猫眠" uid="1915680">
  <nd ref="6787056784"/>
  <nd ref="6787063085"/>
  <nd ref="8606798312"/>
  <nd ref="8606798311"/>
  <nd ref="8606849219"/>
  <nd ref="6787023200"/>
  <tag k="highway" v="footway"/>
 </way>
 <way id="723639044" visible="true" version="5" changeset="90479082" timestamp="2020-09-06T12:43:16Z" user="北巷猫眠" uid="1915680">
  <nd ref="6787063092"/>
  <nd ref="7593934716"/>
  <nd ref="6787063112"/>
  <nd ref="6787063093"/>
  <nd ref="6787063113"/>
  <nd ref="7593934717"/>
  <nd ref="7593934718"/>
  <nd ref="6787063094"/>
  <nd ref="7593934719"/>
  <nd ref="6787063116"/>
  <nd ref="7593934720"/>
  <nd ref="6787063095"/>
  <nd ref="6787063117"/>
  <nd ref="6787063096"/>
  <nd ref="6787063097"/>
  <nd ref="6787063118"/>
  <nd ref="6787063098"/>
  <nd ref="7593934721"/>
  <nd ref="6787063086"/>
  <nd ref="7593934722"/>
  <nd ref="6787063120"/>
  <nd ref="6787063121"/>
  <nd ref="6787063122"/>
  <nd ref="6787063123"/>
  <nd ref="7881016342"/>
  <nd ref="7881016343"/>
  <nd ref="6787063099"/>
  <nd ref="6787063124"/>
  <nd ref="6787063125"/>
  <nd ref="6787063126"/>
  <nd ref="6787063100"/>
  <nd ref="6787063127"/>
  <nd ref="6787063101"/>
  <nd ref="6787063128"/>
  <nd ref="6787063090"/>
  <nd ref="6787063102"/>
  <nd ref="6787063130"/>
  <nd ref="7593934712"/>
  <nd ref="6787063103"/>
  <nd ref="6787063131"/>
  <nd ref="6787063104"/>
  <nd ref="6787063105"/>
  <nd ref="6787063106"/>
  <nd ref="6787063107"/>
  <nd ref="6787063115"/>
  <nd ref="6787063114"/>
  <nd ref="6787063108"/>
  <nd ref="7593934713"/>
  <nd ref="7593934714"/>
  <nd ref="6787063109"/>
  <nd ref="6787063110"/>
  <nd ref="6787063111"/>
  <nd ref="7593934715"/>
  <nd ref="6787063092"/>
  <tag k="name" v="育秀湖"/>
  <tag k="natural" v="water"/>
  <tag k="water" v="lake"/>
 </way>
 <way id="723682797" visible="true" version="5" changeset="160056675" timestamp="2024-12-08T13:17:38Z" user="Kiana_Kaslana" uid="17877421">
  <nd ref="6787056778"/>
  <nd ref="6787331703"/>
  <tag k="highway" v="residential"/>
 </way>
 <way id="724835619" visible="true" version="1" changeset="74509700" timestamp="2019-09-16T02:16:09Z" user="北巷猫眠" uid="1915680">
  <nd ref="6797833185"/>
  <nd ref="6797833186"/>
  <nd ref="6797833187"/>
  <nd ref="6797833188"/>
  <nd ref="6797833185"/>
  <tag k="leisure" v="pitch"/>
  <tag k="sport" v="basketball"/>
 </way>
 <way id="724835620" visible="true" version="1" changeset="74509700" timestamp="2019-09-16T02:16:09Z" user="北巷猫眠" uid="1915680">
  <nd ref="6797833189"/>
  <nd ref="6797833190"/>
  <nd ref="6797833191"/>
  <nd ref="6797833192"/>
  <nd ref="6797833189"/>
  <tag k="leisure" v="pitch"/>
  <tag k="sport" v="tennis"/>
 </way>
 <way id="724835621" visible="true" version="1" changeset="74509700" timestamp="2019-09-16T02:16:09Z" user="北巷猫眠" uid="1915680">
  <nd ref="6797833193"/>
  <nd ref="6797833194"/>
  <nd ref="6797833195"/>
  <nd ref="6797833196"/>
  <nd ref="6797833193"/>
  <tag k="leisure" v="pitch"/>
  <tag k="sport" v="badminton"/>
 </way>
 <way id="724835622" visible="true" version="3" changeset="105196947" timestamp="2021-05-24T05:47:03Z" user="富顺娃儿" uid="4897653">
  <nd ref="6797833197"/>
  <nd ref="6797833198"/>
  <nd ref="7593934700"/>
  <nd ref="7593934701"/>
  <nd ref="7593934699"/>
  <nd ref="6797833199"/>
  <nd ref="6787023210"/>
  <tag k="highway" v="residential"/>
 </way>
 <way id="724835623" visible="true" version="1" changeset="74509700" timestamp="2019-09-16T02:16:09Z" user="北巷猫眠" uid="1915680">
  <nd ref="6797833202"/>
  <nd ref="6797833203"/>
  <nd ref="6797833204"/>
  <nd ref="6797833205"/>
  <nd ref="6797833202"/>
  <tag k="leisure" v="pitch"/>
  <tag k="sport" v="basketball"/>
 </way>
 <way id="724835624" visible="true" version="1" changeset="74509700" timestamp="2019-09-16T02:16:09Z" user="北巷猫眠" uid="1915680">
  <nd ref="6797833206"/>
  <nd ref="6797833207"/>
  <nd ref="6797833208"/>
  <nd ref="6797833209"/>
  <nd ref="6797833206"/>
  <tag k="leisure" v="pitch"/>
  <tag k="sport" v="basketball"/>
 </way>
 <way id="724835625" visible="true" version="1" changeset="74509700" timestamp="2019-09-16T02:16:09Z" user="北巷猫眠" uid="1915680">
  <nd ref="6797833210"/>
  <nd ref="6797833211"/>
  <nd ref="6797833212"/>
  <nd ref="6797833213"/>
  <nd ref="6797833210"/>
  <tag k="leisure" v="pitch"/>
  <tag k="sport" v="basketball"/>
 </way>
 <way id="724835626" visible="true" version="1" changeset="74509700" timestamp="2019-09-16T02:16:09Z" user="北巷猫眠" uid="1915680">
  <nd ref="6797833214"/>
  <nd ref="6797833215"/>
  <nd ref="6797833216"/>
  <nd ref="6797833217"/>
  <nd ref="6797833214"/>
  <tag k="leisure" v="pitch"/>
  <tag k="sport" v="basketball"/>
 </way>
 <way id="724835627" visible="true" version="1" changeset="74509700" timestamp="2019-09-16T02:16:09Z" user="北巷猫眠" uid="1915680">
  <nd ref="6797833218"/>
  <nd ref="6797833219"/>
  <nd ref="6797833220"/>
  <nd ref="6797833221"/>
  <nd ref="6797833218"/>
  <tag k="leisure" v="pitch"/>
  <tag k="sport" v="basketball"/>
 </way>
 <way id="724835628" visible="true" version="1" changeset="74509700" timestamp="2019-09-16T02:16:09Z" user="北巷猫眠" uid="1915680">
  <nd ref="6797833222"/>
  <nd ref="6797833223"/>
  <nd ref="6797833224"/>
  <nd ref="6797833225"/>
  <nd ref="6797833222"/>
  <tag k="leisure" v="pitch"/>
  <tag k="sport" v="badminton"/>
 </way>
 <way id="724835629" visible="true" version="1" changeset="74509700" timestamp="2019-09-16T02:16:09Z" user="北巷猫眠" uid="1915680">
  <nd ref="6797833226"/>
  <nd ref="6797833227"/>
  <nd ref="6797833228"/>
  <nd ref="6797833229"/>
  <nd ref="6797833226"/>
  <tag k="leisure" v="pitch"/>
  <tag k="sport" v="basketball"/>
 </way>
 <way id="724835630" visible="true" version="1" changeset="74509700" timestamp="2019-09-16T02:16:09Z" user="北巷猫眠" uid="1915680">
  <nd ref="6797833230"/>
  <nd ref="6797833231"/>
  <nd ref="6797833232"/>
  <nd ref="6797833233"/>
  <nd ref="6797833230"/>
  <tag k="amenity" v="toilets"/>
  <tag k="building" v="yes"/>
 </way>
 <way id="724835631" visible="true" version="1" changeset="74509700" timestamp="2019-09-16T02:16:09Z" user="北巷猫眠" uid="1915680">
  <nd ref="6797833234"/>
  <nd ref="6797833235"/>
  <tag k="highway" v="footway"/>
 </way>
 <way id="738400619" visible="true" version="3" changeset="105196947" timestamp="2021-05-24T05:47:03Z" user="富顺娃儿" uid="4897653">
  <nd ref="8118028091"/>
  <nd ref="8118026287"/>
  <nd ref="8118026288"/>
  <nd ref="8118026289"/>
  <nd ref="6914347704"/>
  <nd ref="8118026283"/>
  <nd ref="8118026280"/>
  <nd ref="8118026281"/>
  <nd ref="8118026282"/>
  <nd ref="6559113783"/>
  <nd ref="6559113780"/>
  <nd ref="6559113781"/>
  <nd ref="8118026272"/>
  <nd ref="8118026273"/>
  <nd ref="8118026274"/>
  <nd ref="8118026275"/>
  <nd ref="6914347703"/>
  <nd ref="8118026267"/>
  <nd ref="8118026269"/>
  <nd ref="8118026268"/>
  <nd ref="6914347705"/>
  <nd ref="8118026296"/>
  <nd ref="8118026262"/>
  <nd ref="8118026265"/>
  <nd ref="8118026266"/>
  <nd ref="8118026264"/>
  <nd ref="6914347706"/>
  <nd ref="6914347707"/>
  <nd ref="8118028082"/>
  <nd ref="6914347708"/>
  <nd ref="6914347709"/>
  <nd ref="8118026303"/>
  <nd ref="8118026302"/>
  <nd ref="8118026301"/>
  <nd ref="8118026300"/>
  <nd ref="6914347710"/>
  <nd ref="6914347711"/>
  <nd ref="8759519744"/>
  <nd ref="6914347712"/>
  <nd ref="8759519743"/>
  <nd ref="6914347713"/>
  <nd ref="8118026309"/>
  <nd ref="8118026308"/>
  <nd ref="8759519742"/>
  <nd ref="6914347714"/>
  <nd ref="8118028063"/>
  <nd ref="6914347715"/>
  <tag k="highway" v="service"/>
 </way>
 <way id="738400620" visible="true" version="7" changeset="170415430" timestamp="2025-08-14T03:40:19Z" user="没时间了" uid="23188738">
  <nd ref="8759519728"/>
  <nd ref="6914347779"/>
  <nd ref="6914347735"/>
  <nd ref="8118027923"/>
  <nd ref="6914347734"/>
  <nd ref="8118027922"/>
  <nd ref="6914347733"/>
  <nd ref="6914347725"/>
  <nd ref="8118032774"/>
  <nd ref="6914347766"/>
  <nd ref="8759519718"/>
  <nd ref="8118027920"/>
  <nd ref="6914347754"/>
  <nd ref="8118028025"/>
  <nd ref="8128262875"/>
  <nd ref="8128262864"/>
  <nd ref="8118028024"/>
  <nd ref="6914347728"/>
  <nd ref="8128262868"/>
  <nd ref="6914347729"/>
  <nd ref="8128262862"/>
  <nd ref="6914347731"/>
  <nd ref="8118018208"/>
  <nd ref="8118028060"/>
  <nd ref="6914347778"/>
  <nd ref="6914367987"/>
  <nd ref="8759519721"/>
  <nd ref="8118028052"/>
  <nd ref="6787331703"/>
  <tag k="highway" v="unclassified"/>
  <tag k="name" v="A9食品与发酵工程中试基地"/>
 </way>
 <way id="738400621" visible="true" version="5" changeset="105196947" timestamp="2021-05-24T05:47:03Z" user="富顺娃儿" uid="4897653">
  <nd ref="6914347766"/>
  <nd ref="8118032773"/>
  <nd ref="8118032742"/>
  <nd ref="6914347768"/>
  <nd ref="6914347769"/>
  <nd ref="6914347771"/>
  <nd ref="8118032720"/>
  <nd ref="8118032719"/>
  <nd ref="8118028042"/>
  <nd ref="8118028034"/>
  <nd ref="6914347760"/>
  <nd ref="8118028027"/>
  <nd ref="8118028026"/>
  <nd ref="8118028028"/>
  <nd ref="8128245980"/>
  <nd ref="8128262843"/>
  <nd ref="6914347765"/>
  <nd ref="6914347772"/>
  <nd ref="8118018211"/>
  <nd ref="8118027998"/>
  <nd ref="6914347776"/>
  <nd ref="8759519715"/>
  <nd ref="8759519716"/>
  <nd ref="6914347777"/>
  <nd ref="8118032717"/>
  <nd ref="8118028047"/>
  <nd ref="8118018213"/>
  <nd ref="6914347778"/>
  <tag k="highway" v="service"/>
 </way>
 <way id="738400622" visible="true" version="4" changeset="110277725" timestamp="2021-08-26T10:08:26Z" user="北巷猫眠" uid="1915680">
  <nd ref="6914347779"/>
  <nd ref="6914347780"/>
  <nd ref="8118027924"/>
  <nd ref="6914347782"/>
  <nd ref="8118027925"/>
  <nd ref="6914347783"/>
  <nd ref="6914347784"/>
  <nd ref="9037563301"/>
  <nd ref="6914367985"/>
  <nd ref="6914367986"/>
  <nd ref="6914347720"/>
  <tag k="highway" v="service"/>
 </way>
 <way id="738400623" visible="true" version="3" changeset="105196947" timestamp="2021-05-24T05:47:03Z" user="富顺娃儿" uid="4897653">
  <nd ref="6914367987"/>
  <nd ref="8118027946"/>
  <nd ref="8759519649"/>
  <nd ref="6914367989"/>
  <nd ref="8118027945"/>
  <nd ref="6914367990"/>
  <nd ref="8118027944"/>
  <nd ref="6914367991"/>
  <nd ref="8118027943"/>
  <nd ref="6914367992"/>
  <tag k="highway" v="service"/>
 </way>
 <way id="738400624" visible="true" version="7" changeset="163638229" timestamp="2025-03-15T07:01:42Z" user="enldm" uid="20125208">
  <nd ref="6914347752"/>
  <nd ref="8759519719"/>
  <nd ref="8118032793"/>
  <nd ref="8128262869"/>
  <nd ref="8118032795"/>
  <nd ref="6914347744"/>
  <nd ref="8118028127"/>
  <tag k="highway" v="service"/>
 </way>
 <way id="738400625" visible="true" version="3" changeset="170415430" timestamp="2025-08-14T03:40:19Z" user="没时间了" uid="23188738">
  <nd ref="6914367993"/>
  <nd ref="8759519429"/>
  <nd ref="8759519428"/>
  <nd ref="8759519427"/>
  <nd ref="8759519430"/>
  <nd ref="6914367994"/>
  <nd ref="6914367995"/>
  <nd ref="6914367996"/>
  <nd ref="6914367997"/>
  <nd ref="6914367998"/>
  <nd ref="6914367993"/>
  <tag k="building" v="university"/>
  <tag k="name" v="综合楼"/>
 </way>
 <way id="738400627" visible="true" version="2" changeset="94097879" timestamp="2020-11-14T08:17:47Z" user="北巷猫眠" uid="1915680">
  <nd ref="6914368021"/>
  <nd ref="6914368022"/>
  <nd ref="6914368023"/>
  <nd ref="6914368024"/>
  <nd ref="6914368021"/>
  <tag k="leisure" v="sports_centre"/>
 </way>
 <way id="738400628" visible="true" version="4" changeset="140627735" timestamp="2023-08-31T10:20:43Z" user="enldm" uid="20125208">
  <nd ref="6914368025"/>
  <nd ref="6914368026"/>
  <nd ref="8118026297"/>
  <nd ref="8118026298"/>
  <nd ref="6914368027"/>
  <nd ref="6914368028"/>
  <nd ref="6914368025"/>
  <tag k="leisure" v="pitch"/>
  <tag k="sport" v="tennis"/>
 </way>
 <way id="738400629" visible="true" version="1" changeset="76180586" timestamp="2019-10-25T03:55:49Z" user="富顺娃儿" uid="4897653">
  <nd ref="6914368029"/>
  <nd ref="6914368033"/>
  <nd ref="6914368034"/>
  <nd ref="6914368030"/>
  <nd ref="6914368029"/>
  <tag k="leisure" v="pitch"/>
  <tag k="sport" v="basketball"/>
 </way>
 <way id="738400630" visible="true" version="1" changeset="76180586" timestamp="2019-10-25T03:55:49Z" user="富顺娃儿" uid="4897653">
  <nd ref="6914368035"/>
  <nd ref="6914368032"/>
  <nd ref="6914368031"/>
  <nd ref="6914368036"/>
  <nd ref="6914368035"/>
  <tag k="leisure" v="pitch"/>
  <tag k="sport" v="badminton"/>
 </way>
 <way id="738400631" visible="true" version="3" changeset="105196947" timestamp="2021-05-24T05:47:03Z" user="富顺娃儿" uid="4897653">
  <nd ref="6914368037"/>
  <nd ref="8118028072"/>
  <nd ref="8118028062"/>
  <nd ref="8118028067"/>
  <nd ref="6914368038"/>
  <tag k="highway" v="footway"/>
 </way>
 <way id="738400632" visible="true" version="3" changeset="170415430" timestamp="2025-08-14T03:40:19Z" user="没时间了" uid="23188738">
  <nd ref="6914368039"/>
  <nd ref="8759519637"/>
  <nd ref="8759519638"/>
  <nd ref="8759519639"/>
  <nd ref="8759519643"/>
  <nd ref="8759519644"/>
  <nd ref="8759519640"/>
  <nd ref="8759519641"/>
  <nd ref="8759519642"/>
  <nd ref="6914368040"/>
  <nd ref="6914368041"/>
  <nd ref="8759519646"/>
  <nd ref="8759519645"/>
  <nd ref="8759519647"/>
  <nd ref="8759519648"/>
  <nd ref="6914368042"/>
  <nd ref="6914368039"/>
  <tag k="amenity" v="college"/>
  <tag k="name" v="A1国际学院 法学院 知识产权学院 外语学院"/>
 </way>
 <way id="738400633" visible="true" version="3" changeset="170415430" timestamp="2025-08-14T03:40:19Z" user="没时间了" uid="23188738">
  <nd ref="6914368043"/>
  <nd ref="8759519631"/>
  <nd ref="8759519630"/>
  <nd ref="8759519629"/>
  <nd ref="8759519634"/>
  <nd ref="8759519633"/>
  <nd ref="8759519628"/>
  <nd ref="8759519627"/>
  <nd ref="8759519632"/>
  <nd ref="6914368044"/>
  <nd ref="6914368045"/>
  <nd ref="8759519635"/>
  <nd ref="8759519636"/>
  <nd ref="6914368046"/>
  <nd ref="6914368043"/>
  <tag k="amenity" v="college"/>
  <tag k="name" v="A2管理学院 经济学院"/>
 </way>
 <way id="738400634" visible="true" version="2" changeset="94097879" timestamp="2020-11-14T08:17:47Z" user="北巷猫眠" uid="1915680">
  <nd ref="6914368047"/>
  <nd ref="8118026240"/>
  <nd ref="8118026241"/>
  <nd ref="8118026242"/>
  <nd ref="8118026243"/>
  <nd ref="8118026244"/>
  <nd ref="6914368048"/>
  <nd ref="6914368049"/>
  <nd ref="8118026249"/>
  <nd ref="8118026248"/>
  <nd ref="8118026247"/>
  <nd ref="8118026246"/>
  <nd ref="8118026250"/>
  <nd ref="8118026245"/>
  <nd ref="8118026251"/>
  <nd ref="6914368050"/>
  <nd ref="6914368047"/>
  <tag k="landuse" v="grass"/>
 </way>
 <way id="738400635" visible="true" version="2" changeset="170415430" timestamp="2025-08-14T03:40:19Z" user="没时间了" uid="23188738">
  <nd ref="6914368051"/>
  <nd ref="6914368052"/>
  <nd ref="6914368053"/>
  <nd ref="6914368054"/>
  <nd ref="6914368051"/>
  <tag k="building" v="university"/>
  <tag k="name" v="A4明德楼"/>
 </way>
 <way id="738400637" visible="true" version="3" changeset="170415430" timestamp="2025-08-14T03:40:19Z" user="没时间了" uid="23188738">
  <nd ref="6914368059"/>
  <nd ref="6914368060"/>
  <nd ref="8759519626"/>
  <nd ref="8759519625"/>
  <nd ref="6914368061"/>
  <nd ref="8759519621"/>
  <nd ref="8759519615"/>
  <nd ref="8759519616"/>
  <nd ref="8759519620"/>
  <nd ref="8759519619"/>
  <nd ref="8759519618"/>
  <nd ref="8759519617"/>
  <nd ref="8759519622"/>
  <nd ref="6914368062"/>
  <nd ref="8759519623"/>
  <nd ref="8759519624"/>
  <nd ref="6914368059"/>
  <tag k="building" v="university"/>
  <tag k="name" v="B1"/>
 </way>
 <way id="738400639" visible="true" version="3" changeset="170415430" timestamp="2025-08-14T03:40:19Z" user="没时间了" uid="23188738">
  <nd ref="6914368067"/>
  <nd ref="8759519597"/>
  <nd ref="8759519596"/>
  <nd ref="8759519595"/>
  <nd ref="8759519598"/>
  <nd ref="6914368068"/>
  <nd ref="6914368069"/>
  <nd ref="8759519593"/>
  <nd ref="8759519592"/>
  <nd ref="8759519591"/>
  <nd ref="8759519594"/>
  <nd ref="6914368070"/>
  <nd ref="6914368067"/>
  <tag k="building" v="university"/>
  <tag k="name" v="B3"/>
 </way>
 <way id="738400640" visible="true" version="3" changeset="170415430" timestamp="2025-08-14T03:40:19Z" user="没时间了" uid="23188738">
  <nd ref="6914368071"/>
  <nd ref="6914368072"/>
  <nd ref="6914368073"/>
  <nd ref="6914368074"/>
  <nd ref="6914368071"/>
  <tag k="amenity" v="restaurant"/>
  <tag k="building" v="yes"/>
  <tag k="name" v="品正食堂"/>
 </way>
 <way id="738400641" visible="true" version="3" changeset="170415430" timestamp="2025-08-14T03:40:19Z" user="没时间了" uid="23188738">
  <nd ref="6914368075"/>
  <nd ref="6914368076"/>
  <nd ref="6914368077"/>
  <nd ref="8118026259"/>
  <nd ref="8118026260"/>
  <nd ref="8118026261"/>
  <nd ref="8118026258"/>
  <nd ref="6914368078"/>
  <nd ref="6914368075"/>
  <tag k="building" v="university"/>
  <tag k="name" v="B4"/>
 </way>
 <way id="738400642" visible="true" version="1" changeset="76180586" timestamp="2019-10-25T03:55:49Z" user="富顺娃儿" uid="4897653">
  <nd ref="6914368079"/>
  <nd ref="6914368080"/>
  <nd ref="6914368081"/>
  <nd ref="6914368082"/>
  <nd ref="6914368083"/>
  <nd ref="6914368084"/>
  <nd ref="6914368079"/>
  <tag k="building" v="university"/>
 </way>
 <way id="738400643" visible="true" version="2" changeset="170415430" timestamp="2025-08-14T03:40:19Z" user="没时间了" uid="23188738">
  <nd ref="6914368085"/>
  <nd ref="6914368086"/>
  <nd ref="6914368087"/>
  <nd ref="6914368088"/>
  <nd ref="6914368085"/>
  <tag k="amenity" v="college"/>
  <tag k="name" v="A7机械工程学院"/>
 </way>
 <way id="738400645" visible="true" version="4" changeset="140627760" timestamp="2023-08-31T10:21:05Z" user="enldm" uid="20125208">
  <nd ref="6914368093"/>
  <nd ref="8759519404"/>
  <nd ref="8759519402"/>
  <nd ref="8759519401"/>
  <nd ref="8759519403"/>
  <nd ref="6914368094"/>
  <nd ref="8759519407"/>
  <nd ref="8759519406"/>
  <nd ref="8759519405"/>
  <nd ref="8759519408"/>
  <nd ref="6914368095"/>
  <nd ref="8759519415"/>
  <nd ref="8759519411"/>
  <nd ref="8759519412"/>
  <nd ref="8759519413"/>
  <nd ref="8759519414"/>
  <nd ref="8759519409"/>
  <nd ref="8759519410"/>
  <nd ref="8759519416"/>
  <nd ref="6914368096"/>
  <nd ref="8759519419"/>
  <nd ref="8759519417"/>
  <nd ref="8759519418"/>
  <nd ref="8759519420"/>
  <nd ref="6914368093"/>
  <tag k="amenity" v="library"/>
  <tag k="building" v="yes"/>
  <tag k="name" v="四川轻化工大学图书馆"/>
 </way>
 <way id="738400646" visible="true" version="3" changeset="170415430" timestamp="2025-08-14T03:40:19Z" user="没时间了" uid="23188738">
  <nd ref="6914368097"/>
  <nd ref="8759519423"/>
  <nd ref="8759519422"/>
  <nd ref="8759519421"/>
  <nd ref="8759519424"/>
  <nd ref="6914368098"/>
  <nd ref="6914368099"/>
  <nd ref="8759519425"/>
  <nd ref="8759519426"/>
  <nd ref="6914368100"/>
  <nd ref="6914368101"/>
  <nd ref="6914368102"/>
  <nd ref="6914368103"/>
  <nd ref="6914368104"/>
  <nd ref="6914368097"/>
  <tag k="amenity" v="college"/>
  <tag k="name" v="勤工楼  A5物理与电子工程学院"/>
 </way>
 <way id="738400648" visible="true" version="2" changeset="170415430" timestamp="2025-08-14T03:40:19Z" user="没时间了" uid="23188738">
  <nd ref="6914368113"/>
  <nd ref="6914368114"/>
  <nd ref="6914368115"/>
  <nd ref="6914368116"/>
  <nd ref="6914368113"/>
  <tag k="building" v="university"/>
  <tag k="name" v="食品与发酵工程中试基地"/>
 </way>
 <way id="738400651" visible="true" version="2" changeset="170415430" timestamp="2025-08-14T03:40:19Z" user="没时间了" uid="23188738">
  <nd ref="6914368125"/>
  <nd ref="6914368126"/>
  <nd ref="6914368127"/>
  <nd ref="6914368128"/>
  <nd ref="6914368125"/>
  <tag k="building" v="university"/>
  <tag k="name" v="工程实践中心"/>
 </way>
 <way id="738400659" visible="true" version="3" changeset="170415430" timestamp="2025-08-14T03:40:19Z" user="没时间了" uid="23188738">
  <nd ref="6914368171"/>
  <nd ref="6914368172"/>
  <nd ref="6914368173"/>
  <nd ref="6914368174"/>
  <nd ref="6914368175"/>
  <nd ref="6914368176"/>
  <nd ref="6914368177"/>
  <nd ref="6914368178"/>
  <nd ref="6914368171"/>
  <tag k="building" v="university"/>
  <tag k="name" v="科学会堂"/>
 </way>
 <way id="738400660" visible="true" version="3" changeset="170415430" timestamp="2025-08-14T03:40:19Z" user="没时间了" uid="23188738">
  <nd ref="6914368179"/>
  <nd ref="6914368180"/>
  <nd ref="6914368181"/>
  <nd ref="6914368182"/>
  <nd ref="6914368179"/>
  <tag k="amenity" v="restaurant"/>
  <tag k="building" v="yes"/>
  <tag k="name" v="令雅"/>
 </way>
 <way id="738400666" visible="true" version="2" changeset="170415430" timestamp="2025-08-14T03:40:19Z" user="没时间了" uid="23188738">
  <nd ref="6914368220"/>
  <nd ref="6914368221"/>
  <nd ref="6914368222"/>
  <nd ref="6914368223"/>
  <nd ref="6914368220"/>
  <tag k="leisure" v="sports_centre"/>
  <tag k="name" v="游泳馆 体育馆"/>
 </way>
 <way id="738400667" visible="true" version="2" changeset="94097879" timestamp="2020-11-14T08:17:47Z" user="北巷猫眠" uid="1915680">
  <nd ref="8118027968"/>
  <nd ref="6914368224"/>
  <nd ref="6914368225"/>
  <nd ref="8118027969"/>
  <nd ref="8118027968"/>
  <tag k="leisure" v="pitch"/>
  <tag k="sport" v="basketball"/>
 </way>
 <way id="738400670" visible="true" version="2" changeset="94097879" timestamp="2020-11-14T08:17:47Z" user="北巷猫眠" uid="1915680">
  <nd ref="6914368252"/>
  <nd ref="6914368253"/>
  <nd ref="6914368254"/>
  <nd ref="6914368255"/>
  <nd ref="8118027973"/>
  <nd ref="8118027971"/>
  <nd ref="8118027970"/>
  <nd ref="8118027972"/>
  <nd ref="6914368252"/>
  <tag k="leisure" v="pitch"/>
  <tag k="sport" v="basketball"/>
 </way>
 <way id="738400671" visible="true" version="4" changeset="105196947" timestamp="2021-05-24T05:47:03Z" user="富顺娃儿" uid="4897653">
  <nd ref="6914368256"/>
  <nd ref="6914368257"/>
  <nd ref="8118028007"/>
  <nd ref="6914368258"/>
  <nd ref="8759519680"/>
  <nd ref="6914368259"/>
  <nd ref="6914368260"/>
  <nd ref="6914368261"/>
  <nd ref="8759519681"/>
  <nd ref="8118028005"/>
  <nd ref="8118028006"/>
  <nd ref="6914368262"/>
  <nd ref="6914368263"/>
  <nd ref="6914368264"/>
  <nd ref="6914368265"/>
  <nd ref="6914368266"/>
  <nd ref="8118028004"/>
  <nd ref="8759519682"/>
  <nd ref="6914368267"/>
  <nd ref="6914368268"/>
  <nd ref="6914368269"/>
  <nd ref="8118028015"/>
  <nd ref="6914368270"/>
  <nd ref="8118028014"/>
  <nd ref="6914368271"/>
  <nd ref="8118028013"/>
  <nd ref="6914368272"/>
  <nd ref="6914368273"/>
  <nd ref="6914368274"/>
  <nd ref="8118028012"/>
  <nd ref="8118028011"/>
  <nd ref="8118028010"/>
  <nd ref="8759519679"/>
  <nd ref="8118028009"/>
  <nd ref="8118028008"/>
  <nd ref="6914368256"/>
 </way>
 <way id="738400672" visible="true" version="3" changeset="157392092" timestamp="2024-10-02T19:04:43Z" user="uneaten puffed" uid="21883015">
  <nd ref="6914368275"/>
  <nd ref="8118028016"/>
  <nd ref="6914368276"/>
  <nd ref="8118028017"/>
  <nd ref="6914368277"/>
  <nd ref="6914368278"/>
  <nd ref="6914368279"/>
  <nd ref="8118028018"/>
  <nd ref="6914368280"/>
  <nd ref="6914368281"/>
  <nd ref="8118028019"/>
  <nd ref="6914368282"/>
  <nd ref="8118028020"/>
  <nd ref="6914368283"/>
  <nd ref="8118028022"/>
  <nd ref="8118028021"/>
  <nd ref="6914368275"/>
  <tag k="place" v="islet"/>
 </way>
 <way id="738400673" visible="true" version="2" changeset="94097879" timestamp="2020-11-14T08:17:47Z" user="北巷猫眠" uid="1915680">
  <nd ref="6914368033"/>
  <nd ref="6914368035"/>
  <nd ref="6914368036"/>
  <nd ref="6914368034"/>
  <nd ref="6914368033"/>
  <tag k="leisure" v="pitch"/>
  <tag k="sport" v="badminton"/>
 </way>
 <way id="770856303" visible="true" version="3" changeset="102568925" timestamp="2021-04-08T13:37:15Z" user="北巷猫眠" uid="1915680">
  <nd ref="7195208438"/>
  <nd ref="7195208439"/>
  <nd ref="7593934725"/>
  <nd ref="7593934726"/>
  <nd ref="7593934727"/>
  <nd ref="7593934728"/>
  <nd ref="7195208440"/>
  <nd ref="7593934724"/>
  <nd ref="7593934729"/>
  <nd ref="7195208441"/>
  <nd ref="7195208438"/>
  <tag k="landuse" v="grass"/>
 </way>
 <way id="770856304" visible="true" version="4" changeset="167896840" timestamp="2025-06-21T03:24:42Z" user="北巷猫眠" uid="1915680">
  <nd ref="7593934744"/>
  <nd ref="7195208443"/>
  <nd ref="7195208444"/>
  <nd ref="7195208445"/>
  <nd ref="7195208452"/>
  <nd ref="7195208453"/>
  <nd ref="7195208446"/>
  <nd ref="7195208447"/>
  <nd ref="7195208448"/>
  <nd ref="7195208449"/>
  <nd ref="7195208450"/>
  <tag k="highway" v="residential"/>
 </way>
 <way id="770856305" visible="true" version="3" changeset="167896840" timestamp="2025-06-21T03:24:42Z" user="北巷猫眠" uid="1915680">
  <nd ref="7195208447"/>
  <nd ref="7195208451"/>
  <tag k="highway" v="residential"/>
 </way>
 <way id="798770370" visible="true" version="6" changeset="105196947" timestamp="2021-05-24T05:47:03Z" user="富顺娃儿" uid="4897653">
  <nd ref="6786968575"/>
  <nd ref="6786968561"/>
  <nd ref="6786995165"/>
  <nd ref="6555452481"/>
  <nd ref="6555541187"/>
  <nd ref="6784359858"/>
  <nd ref="6787056778"/>
  <nd ref="6555452482"/>
  <nd ref="6555452484"/>
  <nd ref="7470410907"/>
  <nd ref="7470410910"/>
  <nd ref="7593934707"/>
  <nd ref="6555452483"/>
  <nd ref="7470410909"/>
  <nd ref="7470410908"/>
  <nd ref="7593934706"/>
  <nd ref="6555510788"/>
  <tag k="highway" v="secondary"/>
  <tag k="name" v="长翠路"/>
  <tag k="oneway" v="yes"/>
 </way>
 <way id="798770371" visible="true" version="5" changeset="105196947" timestamp="2021-05-24T05:47:03Z" user="富顺娃儿" uid="4897653">
  <nd ref="6555510788"/>
  <nd ref="6555541186"/>
  <nd ref="7593934705"/>
  <nd ref="6555510789"/>
  <nd ref="6555510787"/>
  <nd ref="6787331703"/>
  <nd ref="6787023223"/>
  <nd ref="6784359857"/>
  <nd ref="6555510786"/>
  <nd ref="6786968562"/>
  <tag k="highway" v="secondary"/>
  <tag k="name" v="长翠路"/>
  <tag k="oneway" v="yes"/>
 </way>
 <way id="798770373" visible="true" version="1" changeset="84467317" timestamp="2020-05-01T11:20:30Z" user="katpatuka" uid="17497">
  <nd ref="7470410917"/>
  <nd ref="7470410916"/>
  <nd ref="7470410915"/>
  <nd ref="7470410914"/>
  <nd ref="7470410913"/>
  <nd ref="7470410912"/>
  <nd ref="7470410911"/>
  <nd ref="7470410917"/>
  <tag k="natural" v="water"/>
  <tag k="source" v="maxar Premium"/>
 </way>
 <way id="798770374" visible="true" version="1" changeset="84467317" timestamp="2020-05-01T11:20:30Z" user="katpatuka" uid="17497">
  <nd ref="7470410927"/>
  <nd ref="7470410926"/>
  <nd ref="7470410925"/>
  <nd ref="7470410924"/>
  <nd ref="7470410923"/>
  <nd ref="7470410922"/>
  <nd ref="7470410921"/>
  <nd ref="7470410920"/>
  <nd ref="7470410919"/>
  <nd ref="7470410918"/>
  <nd ref="7470410927"/>
  <tag k="natural" v="water"/>
  <tag k="source" v="maxar Premium"/>
 </way>
 <way id="798770375" visible="true" version="4" changeset="153906378" timestamp="2024-07-13T19:04:54Z" user="BJKavan" uid="10813684">
  <nd ref="10542204924"/>
  <nd ref="7470410120"/>
  <nd ref="7470410937"/>
  <nd ref="7470410936"/>
  <nd ref="7470410935"/>
  <nd ref="7470410934"/>
  <nd ref="7470410933"/>
  <nd ref="7470410928"/>
  <nd ref="7470410906"/>
  <nd ref="7470410903"/>
  <nd ref="7470410902"/>
  <nd ref="7470409276"/>
  <nd ref="7470409275"/>
  <nd ref="10542900544"/>
  <nd ref="10542900545"/>
  <nd ref="10542900552"/>
  <nd ref="10542900553"/>
  <nd ref="10542900554"/>
  <nd ref="10542900551"/>
  <nd ref="10542900549"/>
  <nd ref="10542900558"/>
  <nd ref="8738625345"/>
  <nd ref="8738625346"/>
  <nd ref="8738396101"/>
  <nd ref="8738396102"/>
  <nd ref="8738396103"/>
  <nd ref="8738396104"/>
  <nd ref="8738406537"/>
  <nd ref="8738406538"/>
  <nd ref="8738406539"/>
  <nd ref="8738406540"/>
  <nd ref="8738406541"/>
  <nd ref="8738406542"/>
  <nd ref="8737896286"/>
  <nd ref="8737896287"/>
  <nd ref="8737896288"/>
  <nd ref="8737896289"/>
  <nd ref="8737896291"/>
  <nd ref="12051707879"/>
  <nd ref="8737896290"/>
  <nd ref="8737896292"/>
  <nd ref="12051707880"/>
  <nd ref="8737896293"/>
  <nd ref="12051707881"/>
  <nd ref="8735642699"/>
  <nd ref="8735642700"/>
  <nd ref="8735642701"/>
  <nd ref="12051707882"/>
  <nd ref="8735642702"/>
  <nd ref="8735642703"/>
  <nd ref="8735642704"/>
  <nd ref="8735642705"/>
  <nd ref="8735642706"/>
  <nd ref="8735642707"/>
  <nd ref="8735642708"/>
  <nd ref="8735642716"/>
  <nd ref="8735667117"/>
  <nd ref="8735667118"/>
  <nd ref="8735667119"/>
  <nd ref="8735667120"/>
  <nd ref="8735667121"/>
  <nd ref="8735667124"/>
  <nd ref="8735667128"/>
  <nd ref="8735667130"/>
  <nd ref="8735646417"/>
  <nd ref="8735646426"/>
  <nd ref="8735646430"/>
  <nd ref="8735646424"/>
  <tag k="power" v="line"/>
  <tag k="source" v="maxar Premium"/>
  <tag k="voltage" v="220000"/>
 </way>
 <way id="798770376" visible="true" version="5" changeset="189059700" timestamp="2026-09-15T12:47:57Z" user="Maps Man" uid="10216874">
  <nd ref="14182980768"/>
  <nd ref="14182980767"/>
  <nd ref="14118704306"/>
  <nd ref="14118704305"/>
  <nd ref="14118704304"/>
  <nd ref="14118704303"/>
  <nd ref="14118704302"/>
  <nd ref="14118704301"/>
  <nd ref="14118720919"/>
  <nd ref="14118720918"/>
  <nd ref="14118720917"/>
  <nd ref="14118720916"/>
  <nd ref="14118720915"/>
  <nd ref="14118720914"/>
  <nd ref="14118720913"/>
  <nd ref="14118720912"/>
  <nd ref="14118720911"/>
  <nd ref="14118720910"/>
  <nd ref="14118720909"/>
  <nd ref="8738604774"/>
  <nd ref="8738604775"/>
  <nd ref="8738604776"/>
  <nd ref="8738604815"/>
  <nd ref="8738604816"/>
  <nd ref="8738625318"/>
  <nd ref="8738625317"/>
  <nd ref="8738625319"/>
  <nd ref="8738625320"/>
  <nd ref="8738625321"/>
  <nd ref="8738625322"/>
  <nd ref="8738625323"/>
  <nd ref="8738625324"/>
  <nd ref="8738625325"/>
  <nd ref="8738625326"/>
  <nd ref="8738625327"/>
  <nd ref="8738625328"/>
  <nd ref="8738625329"/>
  <nd ref="8738625330"/>
  <nd ref="8738625331"/>
  <nd ref="8738625332"/>
  <nd ref="8738625333"/>
  <nd ref="8738625334"/>
  <nd ref="8738625335"/>
  <nd ref="8738625336"/>
  <nd ref="8738625337"/>
  <nd ref="8738625338"/>
  <nd ref="8738625339"/>
  <nd ref="8738625340"/>
  <nd ref="8738625341"/>
  <nd ref="8738625342"/>
  <nd ref="8738625343"/>
  <nd ref="8738625344"/>
  <nd ref="10542900548"/>
  <nd ref="10542900557"/>
  <nd ref="10542900550"/>
  <nd ref="10542900556"/>
  <nd ref="10542900555"/>
  <nd ref="10542900547"/>
  <nd ref="10542900546"/>
  <nd ref="10542900543"/>
  <nd ref="7470409277"/>
  <nd ref="7470409278"/>
  <nd ref="7470409279"/>
  <nd ref="7470410900"/>
  <nd ref="7470410929"/>
  <nd ref="7470410930"/>
  <nd ref="7470410932"/>
  <nd ref="7470410931"/>
  <nd ref="7470410938"/>
  <nd ref="7470410939"/>
  <nd ref="7470410940"/>
  <nd ref="7470410121"/>
  <nd ref="10542204923"/>
  <tag k="power" v="line"/>
  <tag k="source" v="maxar Premium"/>
  <tag k="voltage" v="220000"/>
 </way>
 <way id="813010355" visible="true" version="3" changeset="167896840" timestamp="2025-06-21T03:24:42Z" user="北巷猫眠" uid="1915680">
  <nd ref="6787056773"/>
  <nd ref="6787053942"/>
  <nd ref="6787056774"/>
  <nd ref="6787056775"/>
  <nd ref="6787056780"/>
  <nd ref="6787056776"/>
  <nd ref="6787056772"/>
  <nd ref="8606849218"/>
  <nd ref="6787056773"/>
  <tag k="highway" v="footway"/>
 </way>
 <way id="813010356" visible="true" version="2" changeset="102568925" timestamp="2021-04-08T13:37:15Z" user="北巷猫眠" uid="1915680">
  <nd ref="7593934733"/>
  <nd ref="7593934734"/>
  <nd ref="7593934735"/>
  <nd ref="7593934736"/>
  <nd ref="7593934742"/>
  <nd ref="7593934743"/>
  <nd ref="7593934741"/>
  <nd ref="7593934737"/>
  <nd ref="7593934738"/>
  <nd ref="7593934739"/>
  <nd ref="7593934740"/>
  <nd ref="7593934733"/>
  <tag k="landuse" v="grass"/>
 </way>
 <way id="815580290" visible="true" version="13" changeset="163638079" timestamp="2025-03-15T06:55:06Z" user="enldm" uid="20125208">
  <nd ref="7617024136"/>
  <nd ref="12404765369"/>
  <nd ref="11883800070"/>
  <nd ref="5817131975"/>
  <nd ref="5817131976"/>
  <nd ref="8759519752"/>
  <nd ref="11165051748"/>
  <nd ref="5402652587"/>
  <nd ref="5817131986"/>
  <nd ref="11165051766"/>
  <nd ref="12666263874"/>
  <nd ref="5813926376"/>
  <tag k="highway" v="primary"/>
  <tag k="name" v="长翠路"/>
  <tag k="oneway" v="yes"/>
  <tag k="surface" v="asphalt"/>
 </way>
 <way id="815580296" visible="true" version="3" changeset="105196947" timestamp="2021-05-24T05:47:03Z" user="富顺娃儿" uid="4897653">
  <nd ref="7617024163"/>
  <nd ref="7617024098"/>
  <nd ref="5817131967"/>
  <nd ref="5402652607"/>
  <nd ref="5402652606"/>
  <nd ref="5817131981"/>
  <nd ref="6555452473"/>
  <nd ref="6555452471"/>
  <nd ref="8759519750"/>
  <nd ref="5402652605"/>
  <nd ref="5817131996"/>
  <nd ref="5402652604"/>
  <nd ref="8759519730"/>
  <nd ref="8759519729"/>
  <nd ref="8759519728"/>
  <tag k="highway" v="tertiary"/>
  <tag k="lanes" v="4"/>
  <tag k="name" v="石岗路"/>
  <tag k="oneway" v="yes"/>
 </way>
 <way id="860266822" visible="true" version="20" changeset="160099903" timestamp="2024-12-09T17:00:49Z" user="Kiana_Kaslana" uid="17877421">
  <nd ref="6786968575"/>
  <nd ref="7593934711"/>
  <nd ref="6786968576"/>
  <nd ref="11507972788"/>
  <nd ref="8606798316"/>
  <nd ref="6787023198"/>
  <nd ref="6786968577"/>
  <nd ref="11164916939"/>
  <nd ref="11425321174"/>
  <nd ref="11425321171"/>
  <nd ref="8017939056"/>
  <nd ref="11163076885"/>
  <nd ref="11425219240"/>
  <nd ref="11425219238"/>
  <nd ref="11163076883"/>
  <nd ref="11163158976"/>
  <nd ref="11163158972"/>
  <nd ref="11163076887"/>
  <nd ref="11163076882"/>
  <nd ref="11417087725"/>
  <nd ref="11163169581"/>
  <nd ref="11163076881"/>
  <nd ref="11417087723"/>
  <nd ref="11521178967"/>
  <nd ref="11163076878"/>
  <nd ref="12407592411"/>
  <nd ref="11496703208"/>
  <nd ref="11496703206"/>
  <nd ref="8553273579"/>
  <nd ref="11496703221"/>
  <nd ref="11496703226"/>
  <tag k="highway" v="secondary"/>
  <tag k="lanes" v="3"/>
  <tag k="name" v="大学路"/>
  <tag k="oneway" v="yes"/>
  <tag k="surface" v="asphalt"/>
 </way>
 <way id="870022899" visible="true" version="3" changeset="110943947" timestamp="2021-09-09T02:52:35Z" user="北巷猫眠" uid="1915680">
  <nd ref="7593916673"/>
  <nd ref="8106169048"/>
  <nd ref="8106169049"/>
  <nd ref="8106148745"/>
  <nd ref="8106148750"/>
  <nd ref="8106148751"/>
  <nd ref="8106148752"/>
  <nd ref="8106148753"/>
  <nd ref="8106148754"/>
  <nd ref="8106148749"/>
  <nd ref="8106148748"/>
  <nd ref="8106148746"/>
  <nd ref="8106148747"/>
  <nd ref="6420357912"/>
  <nd ref="6787023196"/>
  <nd ref="8606798315"/>
  <nd ref="6787056771"/>
  <nd ref="6420357911"/>
  <nd ref="6420357919"/>
  <nd ref="6787056770"/>
  <nd ref="6420357915"/>
  <nd ref="6555452451"/>
  <nd ref="6787023222"/>
  <nd ref="6787056777"/>
  <nd ref="6787056769"/>
  <nd ref="6420357918"/>
  <nd ref="7593934704"/>
  <nd ref="6787056767"/>
  <nd ref="7593934703"/>
  <nd ref="7593934702"/>
  <nd ref="6420357910"/>
  <nd ref="7593934689"/>
  <nd ref="7593934690"/>
  <nd ref="6787056768"/>
  <nd ref="6420357914"/>
  <nd ref="6555452449"/>
  <nd ref="6555519780"/>
  <nd ref="6420357917"/>
  <nd ref="7593916671"/>
  <nd ref="7593916672"/>
  <nd ref="7593916673"/>
  <tag k="addr:city" v="宜宾市"/>
  <tag k="addr:district" v="翠屏区"/>
  <tag k="addr:housenumber" v="1号"/>
  <tag k="addr:province" v="四川省"/>
  <tag k="addr:street" v="大学路三段"/>
  <tag k="amenity" v="university"/>
  <tag k="name" v="西华大学宜宾校区"/>
  <tag k="website" v="http://ybxq.xhu.edu.cn/"/>
 </way>
 <way id="871558792" visible="true" version="5" changeset="163638229" timestamp="2025-03-15T07:01:42Z" user="enldm" uid="20125208">
  <nd ref="6914347715"/>
  <nd ref="11472330481"/>
  <nd ref="11472330482"/>
  <nd ref="8118026231"/>
  <nd ref="11472330483"/>
  <nd ref="8118026230"/>
  <nd ref="11472330484"/>
  <nd ref="11472330485"/>
  <nd ref="6914347719"/>
  <nd ref="6914347720"/>
  <nd ref="11472330487"/>
  <nd ref="6914347721"/>
  <nd ref="6914347722"/>
  <nd ref="11472330486"/>
  <nd ref="6914347723"/>
  <nd ref="11472330488"/>
  <nd ref="11472330489"/>
  <nd ref="8118028065"/>
  <nd ref="11472330490"/>
  <nd ref="6914347751"/>
  <nd ref="11472330492"/>
  <nd ref="11472330491"/>
  <nd ref="8118026316"/>
  <nd ref="8118032798"/>
  <nd ref="11472330496"/>
  <nd ref="8118027919"/>
  <nd ref="11472330493"/>
  <nd ref="6914347752"/>
  <nd ref="11472330495"/>
  <nd ref="11472330509"/>
  <nd ref="11472330494"/>
  <nd ref="6914347754"/>
  <nd ref="11472330508"/>
  <nd ref="11472330506"/>
  <nd ref="11472330507"/>
  <nd ref="6914347756"/>
  <nd ref="11472330505"/>
  <nd ref="6914347757"/>
  <nd ref="11472330504"/>
  <nd ref="11472330503"/>
  <nd ref="11472330502"/>
  <nd ref="6914347759"/>
  <nd ref="6914347760"/>
  <nd ref="6914347761"/>
  <nd ref="8759500360"/>
  <nd ref="8118028031"/>
  <nd ref="6914347762"/>
  <nd ref="8118028036"/>
  <nd ref="6914347773"/>
  <nd ref="8118032718"/>
  <nd ref="8118028037"/>
  <nd ref="8118028039"/>
  <nd ref="8118028040"/>
  <nd ref="8118028038"/>
  <nd ref="6914347771"/>
  <tag k="highway" v="service"/>
 </way>
 <way id="871558793" visible="true" version="2" changeset="105196947" timestamp="2021-05-24T05:47:03Z" user="富顺娃儿" uid="4897653">
  <nd ref="8118026294"/>
  <nd ref="8759519746"/>
  <nd ref="8118026295"/>
  <nd ref="8118026296"/>
  <tag k="highway" v="service"/>
 </way>
 <way id="871558794" visible="true" version="2" changeset="170415430" timestamp="2025-08-14T03:40:19Z" user="没时间了" uid="23188738">
  <nd ref="8118027927"/>
  <nd ref="8118027928"/>
  <nd ref="8118027929"/>
  <nd ref="8118027930"/>
  <nd ref="8118027927"/>
  <tag k="amenity" v="college"/>
  <tag k="name" v="A8自动化与信息工程学院"/>
 </way>
 <way id="871558795" visible="true" version="2" changeset="170415430" timestamp="2025-08-14T03:40:19Z" user="没时间了" uid="23188738">
  <nd ref="8118027948"/>
  <nd ref="8118027949"/>
  <nd ref="8118027950"/>
  <nd ref="8118027951"/>
  <nd ref="8118027948"/>
  <tag k="building" v="university"/>
  <tag k="name" v="工程实践中心"/>
 </way>
 <way id="871558796" visible="true" version="3" changeset="170415430" timestamp="2025-08-14T03:40:19Z" user="没时间了" uid="23188738">
  <nd ref="8118027957"/>
  <nd ref="8118027958"/>
  <nd ref="8118027963"/>
  <nd ref="8118027964"/>
  <nd ref="8118027957"/>
  <tag k="amenity" v="college"/>
  <tag k="name" v="A6计算机学院 数学与统计学院"/>
 </way>
 <way id="871558798" visible="true" version="2" changeset="94098039" timestamp="2020-11-14T08:24:53Z" user="北巷猫眠" uid="1915680">
  <nd ref="8118028042"/>
  <nd ref="8118032723"/>
  <nd ref="8118028043"/>
  <nd ref="8118028044"/>
  <nd ref="8118028045"/>
  <nd ref="8118028046"/>
  <nd ref="8118032728"/>
  <nd ref="8118032747"/>
  <nd ref="6914347757"/>
  <tag k="highway" v="service"/>
 </way>
 <way id="871558799" visible="true" version="2" changeset="105196947" timestamp="2021-05-24T05:47:03Z" user="富顺娃儿" uid="4897653">
  <nd ref="8118028047"/>
  <nd ref="8118028048"/>
  <nd ref="8118028049"/>
  <nd ref="8118028050"/>
  <nd ref="8118028051"/>
  <nd ref="8759519717"/>
  <nd ref="8118028052"/>
  <tag k="highway" v="service"/>
 </way>
 <way id="871558801" visible="true" version="1" changeset="94097879" timestamp="2020-11-14T08:17:47Z" user="北巷猫眠" uid="1915680">
  <nd ref="8118028060"/>
  <nd ref="8118028127"/>
  <nd ref="8118028061"/>
  <tag k="highway" v="footway"/>
 </way>
 <way id="871558802" visible="true" version="2" changeset="163638102" timestamp="2025-03-15T06:56:30Z" user="enldm" uid="20125208">
  <nd ref="8118028062"/>
  <nd ref="8118028063"/>
  <nd ref="8118028124"/>
  <nd ref="8118028064"/>
  <tag k="highway" v="footway"/>
  <tag k="layer" v="2"/>
 </way>
 <way id="871558803" visible="true" version="6" changeset="163638229" timestamp="2025-03-15T07:01:42Z" user="enldm" uid="20125208">
  <nd ref="8118028065"/>
  <nd ref="8118032794"/>
  <nd ref="8118028064"/>
  <nd ref="8118032796"/>
  <nd ref="8759519720"/>
  <nd ref="8118028066"/>
  <nd ref="12666249568"/>
  <nd ref="12666249567"/>
  <nd ref="8118028061"/>
  <tag k="highway" v="service"/>
 </way>
 <way id="871558804" visible="true" version="2" changeset="105196947" timestamp="2021-05-24T05:47:03Z" user="富顺娃儿" uid="4897653">
  <nd ref="8118028067"/>
  <nd ref="8118028075"/>
  <nd ref="8759519740"/>
  <nd ref="8118028077"/>
  <nd ref="8118028068"/>
  <nd ref="8118028070"/>
  <nd ref="8118028071"/>
  <tag k="highway" v="footway"/>
 </way>
 <way id="871558805" visible="true" version="2" changeset="105196947" timestamp="2021-05-24T05:47:03Z" user="富顺娃儿" uid="4897653">
  <nd ref="8118028072"/>
  <nd ref="8118028074"/>
  <nd ref="8118028076"/>
  <nd ref="8759519741"/>
  <nd ref="8118028073"/>
  <tag k="highway" v="footway"/>
 </way>
 <way id="871558806" visible="true" version="1" changeset="94097879" timestamp="2020-11-14T08:17:47Z" user="北巷猫眠" uid="1915680">
  <nd ref="8118028074"/>
  <nd ref="8118028075"/>
  <tag k="highway" v="footway"/>
 </way>
 <way id="871558807" visible="true" version="1" changeset="94097879" timestamp="2020-11-14T08:17:47Z" user="北巷猫眠" uid="1915680">
  <nd ref="8118028076"/>
  <nd ref="8118028077"/>
  <tag k="highway" v="footway"/>
 </way>
 <way id="871558808" visible="true" version="1" changeset="94097879" timestamp="2020-11-14T08:17:47Z" user="北巷猫眠" uid="1915680">
  <nd ref="8118028078"/>
  <nd ref="8118028079"/>
  <nd ref="8118028083"/>
  <nd ref="8118028086"/>
  <nd ref="8118028080"/>
  <nd ref="8118028085"/>
  <nd ref="8118028081"/>
  <nd ref="8118028082"/>
  <tag k="highway" v="footway"/>
 </way>
 <way id="871558809" visible="true" version="1" changeset="94097879" timestamp="2020-11-14T08:17:47Z" user="北巷猫眠" uid="1915680">
  <nd ref="6914347713"/>
  <nd ref="8118028083"/>
  <tag k="highway" v="footway"/>
 </way>
 <way id="871558810" visible="true" version="2" changeset="105196947" timestamp="2021-05-24T05:47:03Z" user="富顺娃儿" uid="4897653">
  <nd ref="6914347712"/>
  <nd ref="8118028085"/>
  <tag k="highway" v="footway"/>
 </way>
 <way id="871558811" visible="true" version="1" changeset="94097879" timestamp="2020-11-14T08:17:47Z" user="北巷猫眠" uid="1915680">
  <nd ref="8118028086"/>
  <nd ref="8118028087"/>
  <nd ref="8118028088"/>
  <nd ref="8118028089"/>
  <nd ref="8118028090"/>
  <nd ref="8118026257"/>
  <tag k="highway" v="footway"/>
 </way>
 <way id="871558812" visible="true" version="2" changeset="105196947" timestamp="2021-05-24T05:47:03Z" user="富顺娃儿" uid="4897653">
  <nd ref="8118028091"/>
  <nd ref="8118028103"/>
  <nd ref="8118028105"/>
  <nd ref="8118028092"/>
  <nd ref="8118028104"/>
  <nd ref="8118028102"/>
  <nd ref="8118028093"/>
  <nd ref="8118028096"/>
  <nd ref="8118028097"/>
  <nd ref="8118028098"/>
  <nd ref="8118028099"/>
  <nd ref="8118028100"/>
  <nd ref="8118028101"/>
  <nd ref="8118026283"/>
  <tag k="highway" v="service"/>
 </way>
 <way id="871558813" visible="true" version="3" changeset="146234473" timestamp="2024-01-14T06:15:03Z" user="VENTOX" uid="20683110">
  <nd ref="6914347715"/>
  <nd ref="8118028106"/>
  <nd ref="8118028111"/>
  <nd ref="8118028107"/>
  <nd ref="8118028110"/>
  <nd ref="8118028108"/>
  <nd ref="8118028109"/>
  <nd ref="6559220996"/>
  <tag k="highway" v="service"/>
 </way>
 <way id="871558814" visible="true" version="2" changeset="170415430" timestamp="2025-08-14T03:40:19Z" user="没时间了" uid="23188738">
  <nd ref="8118028112"/>
  <nd ref="8118028113"/>
  <nd ref="8118028114"/>
  <nd ref="8118028115"/>
  <nd ref="8118028112"/>
  <tag k="building" v="university"/>
  <tag k="construction" v="yes"/>
  <tag k="name" v="A3达理楼"/>
 </way>
 <way id="871558815" visible="true" version="3" changeset="163638102" timestamp="2025-03-15T06:56:30Z" user="enldm" uid="20125208">
  <nd ref="6914347720"/>
  <nd ref="8118028124"/>
  <nd ref="12666249883"/>
  <tag k="highway" v="footway"/>
 </way>
 <way id="871559320" visible="true" version="1" changeset="94098039" timestamp="2020-11-14T08:24:53Z" user="北巷猫眠" uid="1915680">
  <nd ref="8118018208"/>
  <nd ref="8118018212"/>
  <nd ref="8118018209"/>
  <nd ref="8118018210"/>
  <tag k="highway" v="footway"/>
 </way>
 <way id="871559321" visible="true" version="1" changeset="94098039" timestamp="2020-11-14T08:24:53Z" user="北巷猫眠" uid="1915680">
  <nd ref="8118018211"/>
  <nd ref="8118018215"/>
  <nd ref="8118018214"/>
  <nd ref="8118018212"/>
  <tag k="highway" v="footway"/>
 </way>
 <way id="871559322" visible="true" version="1" changeset="94098039" timestamp="2020-11-14T08:24:53Z" user="北巷猫眠" uid="1915680">
  <nd ref="8118018214"/>
  <nd ref="8118018209"/>
  <nd ref="8118018213"/>
  <tag k="highway" v="footway"/>
 </way>
 <way id="871559323" visible="true" version="1" changeset="94098039" timestamp="2020-11-14T08:24:53Z" user="北巷猫眠" uid="1915680">
  <nd ref="8118018215"/>
  <nd ref="8118018210"/>
  <nd ref="8118018216"/>
  <nd ref="8118032717"/>
  <tag k="highway" v="footway"/>
 </way>
 <way id="871559324" visible="true" version="1" changeset="94098039" timestamp="2020-11-14T08:24:53Z" user="北巷猫眠" uid="1915680">
  <nd ref="8118032718"/>
  <nd ref="8118032719"/>
  <tag k="highway" v="footway"/>
 </way>
 <way id="871559325" visible="true" version="1" changeset="94098039" timestamp="2020-11-14T08:24:53Z" user="北巷猫眠" uid="1915680">
  <nd ref="8118032720"/>
  <nd ref="8118032722"/>
  <nd ref="8118032721"/>
  <nd ref="8118032724"/>
  <nd ref="8118032736"/>
  <nd ref="8118032800"/>
  <nd ref="8118032725"/>
  <nd ref="8118032726"/>
  <nd ref="8118032727"/>
  <nd ref="8118027920"/>
  <tag k="highway" v="footway"/>
 </way>
 <way id="871559326" visible="true" version="1" changeset="94098039" timestamp="2020-11-14T08:24:53Z" user="北巷猫眠" uid="1915680">
  <nd ref="8118032722"/>
  <nd ref="8118032723"/>
  <tag k="highway" v="footway"/>
 </way>
 <way id="871559327" visible="true" version="1" changeset="94098039" timestamp="2020-11-14T08:24:53Z" user="北巷猫眠" uid="1915680">
  <nd ref="8118032728"/>
  <nd ref="8118032729"/>
  <nd ref="8118032730"/>
  <nd ref="8118032731"/>
  <nd ref="8118032732"/>
  <nd ref="8118032733"/>
  <nd ref="8118032734"/>
  <nd ref="8118032735"/>
  <nd ref="8118032736"/>
  <nd ref="8118032737"/>
  <nd ref="8118032760"/>
  <nd ref="8118032738"/>
  <nd ref="8118032739"/>
  <nd ref="8118032740"/>
  <nd ref="8118032741"/>
  <nd ref="8118032742"/>
  <tag k="highway" v="footway"/>
 </way>
 <way id="871559328" visible="true" version="1" changeset="94098039" timestamp="2020-11-14T08:24:53Z" user="北巷猫眠" uid="1915680">
  <nd ref="8118032729"/>
  <nd ref="8118032743"/>
  <nd ref="8118032744"/>
  <nd ref="8118032745"/>
  <nd ref="8118032746"/>
  <nd ref="6914347756"/>
  <tag k="highway" v="footway"/>
 </way>
 <way id="871559329" visible="true" version="1" changeset="94098039" timestamp="2020-11-14T08:24:53Z" user="北巷猫眠" uid="1915680">
  <nd ref="8118032747"/>
  <nd ref="8118032748"/>
  <nd ref="8118032749"/>
  <nd ref="8118032750"/>
  <nd ref="8118032744"/>
  <tag k="highway" v="footway"/>
 </way>
 <way id="871559330" visible="true" version="1" changeset="94098039" timestamp="2020-11-14T08:24:53Z" user="北巷猫眠" uid="1915680">
  <nd ref="8118032745"/>
  <nd ref="8118032751"/>
  <nd ref="8118032752"/>
  <nd ref="8118032753"/>
  <nd ref="8118032754"/>
  <nd ref="8118032755"/>
  <nd ref="8118032756"/>
  <nd ref="8118032757"/>
  <nd ref="8118032758"/>
  <nd ref="8118032759"/>
  <nd ref="8118032727"/>
  <tag k="highway" v="footway"/>
 </way>
 <way id="871559331" visible="true" version="1" changeset="94098039" timestamp="2020-11-14T08:24:53Z" user="北巷猫眠" uid="1915680">
  <nd ref="8118032760"/>
  <nd ref="8118032761"/>
  <nd ref="8118032762"/>
  <nd ref="8118032763"/>
  <nd ref="8118032800"/>
  <nd ref="8118032764"/>
  <nd ref="8118032765"/>
  <nd ref="8118032766"/>
  <nd ref="8118032727"/>
  <tag k="highway" v="footway"/>
 </way>
 <way id="871559332" visible="true" version="1" changeset="94098039" timestamp="2020-11-14T08:24:53Z" user="北巷猫眠" uid="1915680">
  <nd ref="8118032726"/>
  <nd ref="8118032767"/>
  <nd ref="8118032768"/>
  <nd ref="8118032769"/>
  <nd ref="8118032770"/>
  <nd ref="8118032771"/>
  <nd ref="8118032772"/>
  <nd ref="8118032773"/>
  <tag k="highway" v="footway"/>
 </way>
 <way id="871559333" visible="true" version="1" changeset="94098039" timestamp="2020-11-14T08:24:53Z" user="北巷猫眠" uid="1915680">
  <nd ref="8118032774"/>
  <nd ref="8118032775"/>
  <nd ref="8118032776"/>
  <nd ref="8118032777"/>
  <nd ref="8118032778"/>
  <nd ref="8118032779"/>
  <nd ref="8118032780"/>
  <nd ref="8118032781"/>
  <nd ref="8118032782"/>
  <nd ref="8118032783"/>
  <nd ref="8118032784"/>
  <nd ref="8118032785"/>
  <nd ref="8118032786"/>
  <nd ref="8118032787"/>
  <nd ref="8118032788"/>
  <nd ref="8118028116"/>
  <nd ref="8118032789"/>
  <nd ref="8118032790"/>
  <nd ref="8118032791"/>
  <nd ref="8118032792"/>
  <nd ref="8118028065"/>
  <tag k="highway" v="footway"/>
 </way>
 <way id="871559334" visible="true" version="1" changeset="94098039" timestamp="2020-11-14T08:24:53Z" user="北巷猫眠" uid="1915680">
  <nd ref="8118032793"/>
  <nd ref="8118032799"/>
  <nd ref="8118032794"/>
  <tag k="highway" v="footway"/>
 </way>
 <way id="871559335" visible="true" version="2" changeset="105196947" timestamp="2021-05-24T05:47:03Z" user="富顺娃儿" uid="4897653">
  <nd ref="6914347729"/>
  <nd ref="8118032795"/>
  <nd ref="8118032797"/>
  <nd ref="8118032796"/>
  <tag k="highway" v="footway"/>
 </way>
 <way id="871559336" visible="true" version="1" changeset="94098039" timestamp="2020-11-14T08:24:53Z" user="北巷猫眠" uid="1915680">
  <nd ref="8118032797"/>
  <nd ref="8118026311"/>
  <tag k="highway" v="steps"/>
 </way>
 <way id="871559337" visible="true" version="2" changeset="163638229" timestamp="2025-03-15T07:01:42Z" user="enldm" uid="20125208">
  <nd ref="8118032798"/>
  <nd ref="12666249566"/>
  <nd ref="8118032799"/>
  <tag k="highway" v="steps"/>
 </way>
 <way id="872863436" visible="true" version="1" changeset="94252774" timestamp="2020-11-17T07:30:33Z" user="北巷猫眠" uid="1915680">
  <nd ref="8128245980"/>
  <nd ref="8128245981"/>
  <nd ref="8128245982"/>
  <nd ref="8128245983"/>
  <nd ref="8128245984"/>
  <nd ref="8128245985"/>
  <nd ref="8128245986"/>
  <nd ref="8128245987"/>
  <nd ref="8128245988"/>
  <nd ref="8128245989"/>
  <nd ref="8128245990"/>
  <nd ref="8128245996"/>
  <nd ref="8128245991"/>
  <nd ref="8128245992"/>
  <nd ref="8128245995"/>
  <nd ref="8128245993"/>
  <nd ref="8128245994"/>
  <nd ref="8128245997"/>
  <nd ref="8128245998"/>
  <nd ref="8128245999"/>
  <nd ref="8128246000"/>
  <nd ref="8128246010"/>
  <nd ref="8128246001"/>
  <nd ref="8128246002"/>
  <nd ref="8128246003"/>
  <nd ref="8128246004"/>
  <nd ref="8128246005"/>
  <nd ref="8128246006"/>
  <nd ref="8128246007"/>
  <nd ref="8128246008"/>
  <nd ref="8128246009"/>
  <nd ref="8128262822"/>
  <nd ref="8128262823"/>
  <nd ref="8128262863"/>
  <nd ref="8128262824"/>
  <nd ref="8128262865"/>
  <nd ref="8128262866"/>
  <nd ref="8128262825"/>
  <nd ref="8128262867"/>
  <nd ref="8128262826"/>
  <nd ref="8128262827"/>
  <nd ref="8128262828"/>
  <nd ref="8128262829"/>
  <nd ref="8128262830"/>
  <nd ref="8128262831"/>
  <nd ref="8128262832"/>
  <nd ref="8128262833"/>
  <nd ref="8128262854"/>
  <nd ref="8128262834"/>
  <nd ref="8128262835"/>
  <nd ref="8128262836"/>
  <nd ref="8128262837"/>
  <nd ref="8128262838"/>
  <nd ref="8128262839"/>
  <nd ref="8128262840"/>
  <tag k="highway" v="footway"/>
 </way>
 <way id="872863437" visible="true" version="1" changeset="94252774" timestamp="2020-11-17T07:30:33Z" user="北巷猫眠" uid="1915680">
  <nd ref="8128246010"/>
  <nd ref="8128246011"/>
  <tag k="bridge" v="yes"/>
  <tag k="highway" v="footway"/>
  <tag k="layer" v="1"/>
 </way>
 <way id="872863438" visible="true" version="1" changeset="94252774" timestamp="2020-11-17T07:30:33Z" user="北巷猫眠" uid="1915680">
  <nd ref="8128246011"/>
  <nd ref="8128246012"/>
  <nd ref="8128246013"/>
  <nd ref="8128246014"/>
  <nd ref="8128246015"/>
  <nd ref="8128246016"/>
  <nd ref="8128262817"/>
  <nd ref="8128262818"/>
  <nd ref="8128262819"/>
  <nd ref="8128262821"/>
  <nd ref="8128262820"/>
  <tag k="highway" v="footway"/>
 </way>
 <way id="872863439" visible="true" version="1" changeset="94252774" timestamp="2020-11-17T07:30:33Z" user="北巷猫眠" uid="1915680">
  <nd ref="8128262841"/>
  <nd ref="8128262840"/>
  <nd ref="8128262842"/>
  <tag k="highway" v="steps"/>
 </way>
 <way id="872863440" visible="true" version="1" changeset="94252774" timestamp="2020-11-17T07:30:33Z" user="北巷猫眠" uid="1915680">
  <nd ref="8128262843"/>
  <nd ref="8128262844"/>
  <nd ref="8128262845"/>
  <nd ref="8128262846"/>
  <nd ref="8128262847"/>
  <nd ref="8128262849"/>
  <nd ref="8128262842"/>
  <nd ref="8128262848"/>
  <nd ref="8128262850"/>
  <nd ref="8128262851"/>
  <nd ref="8128262852"/>
  <nd ref="8128262853"/>
  <nd ref="8128262854"/>
  <tag k="highway" v="footway"/>
 </way>
 <way id="872863441" visible="true" version="1" changeset="94252774" timestamp="2020-11-17T07:30:33Z" user="北巷猫眠" uid="1915680">
  <nd ref="8128262855"/>
  <nd ref="8128262856"/>
  <nd ref="8128262857"/>
  <nd ref="8128262858"/>
  <nd ref="8128262831"/>
  <nd ref="8128262859"/>
  <nd ref="8128262860"/>
  <nd ref="8128262861"/>
  <nd ref="8128262862"/>
  <tag k="highway" v="footway"/>
 </way>
 <way id="872863442" visible="true" version="1" changeset="94252774" timestamp="2020-11-17T07:30:33Z" user="北巷猫眠" uid="1915680">
  <nd ref="8128262863"/>
  <nd ref="8128262864"/>
  <tag k="highway" v="footway"/>
 </way>
 <way id="872863443" visible="true" version="1" changeset="94252774" timestamp="2020-11-17T07:30:33Z" user="北巷猫眠" uid="1915680">
  <nd ref="8128262865"/>
  <nd ref="8118028024"/>
  <tag k="highway" v="footway"/>
 </way>
 <way id="872863444" visible="true" version="1" changeset="94252774" timestamp="2020-11-17T07:30:33Z" user="北巷猫眠" uid="1915680">
  <nd ref="8128262866"/>
  <nd ref="6914347728"/>
  <tag k="highway" v="footway"/>
 </way>
 <way id="872863445" visible="true" version="1" changeset="94252774" timestamp="2020-11-17T07:30:33Z" user="北巷猫眠" uid="1915680">
  <nd ref="8128262867"/>
  <nd ref="8128262868"/>
  <tag k="highway" v="footway"/>
 </way>
 <way id="872863446" visible="true" version="1" changeset="94252774" timestamp="2020-11-17T07:30:33Z" user="北巷猫眠" uid="1915680">
  <nd ref="8118028024"/>
  <nd ref="8128262869"/>
  <tag k="highway" v="footway"/>
 </way>
 <way id="872863447" visible="true" version="1" changeset="94252774" timestamp="2020-11-17T07:30:33Z" user="北巷猫眠" uid="1915680">
  <nd ref="8128246003"/>
  <nd ref="8128262870"/>
  <tag k="highway" v="footway"/>
 </way>
 <way id="872863448" visible="true" version="1" changeset="94252774" timestamp="2020-11-17T07:30:33Z" user="北巷猫眠" uid="1915680">
  <nd ref="8128262870"/>
  <nd ref="8128262871"/>
  <nd ref="8128262872"/>
  <nd ref="8128262873"/>
  <nd ref="8128262874"/>
  <nd ref="8128262875"/>
  <tag k="highway" v="footway"/>
 </way>
 <way id="927715296" visible="true" version="2" changeset="167896840" timestamp="2025-06-21T03:24:42Z" user="北巷猫眠" uid="1915680">
  <nd ref="8606798312"/>
  <nd ref="6787056772"/>
  <tag k="highway" v="footway"/>
 </way>
 <way id="927715299" visible="true" version="2" changeset="167896840" timestamp="2025-06-21T03:24:42Z" user="北巷猫眠" uid="1915680">
  <nd ref="8606849218"/>
  <nd ref="8606798311"/>
  <tag k="highway" v="footway"/>
 </way>
 <way id="927715300" visible="true" version="2" changeset="167896840" timestamp="2025-06-21T03:24:42Z" user="北巷猫眠" uid="1915680">
  <nd ref="8606849219"/>
  <nd ref="8606849221"/>
  <nd ref="8606849220"/>
  <tag k="highway" v="footway"/>
 </way>
 <way id="927715301" visible="true" version="1" changeset="102568925" timestamp="2021-04-08T13:37:15Z" user="北巷猫眠" uid="1915680">
  <nd ref="8606849222"/>
  <nd ref="8606849223"/>
  <nd ref="8606849224"/>
  <tag k="highway" v="residential"/>
 </way>
 <way id="927715302" visible="true" version="1" changeset="102568925" timestamp="2021-04-08T13:37:15Z" user="北巷猫眠" uid="1915680">
  <nd ref="8606849225"/>
  <nd ref="8606849234"/>
  <nd ref="8606849226"/>
  <nd ref="8606849233"/>
  <nd ref="8606849227"/>
  <nd ref="8606849232"/>
  <nd ref="8606849228"/>
  <nd ref="8606849231"/>
  <nd ref="8606849229"/>
  <nd ref="8606849230"/>
  <tag k="highway" v="residential"/>
 </way>
 <way id="946212453" visible="true" version="2" changeset="105197395" timestamp="2021-05-24T05:53:46Z" user="富顺娃儿" uid="4897653">
  <nd ref="6914367989"/>
  <nd ref="8759500359"/>
  <nd ref="8759500358"/>
  <nd ref="8759500357"/>
  <nd ref="8759500356"/>
  <nd ref="8759500355"/>
  <nd ref="8759500354"/>
  <nd ref="8759500353"/>
  <nd ref="8759500352"/>
  <nd ref="8759500351"/>
  <nd ref="8759500350"/>
  <nd ref="8118027946"/>
  <tag k="highway" v="service"/>
 </way>
 <way id="946212454" visible="true" version="2" changeset="170415430" timestamp="2025-08-14T03:40:19Z" user="没时间了" uid="23188738">
  <nd ref="8759500376"/>
  <nd ref="8759500375"/>
  <nd ref="8759500374"/>
  <nd ref="8759500373"/>
  <nd ref="8759500372"/>
  <nd ref="8759500371"/>
  <nd ref="8759500370"/>
  <nd ref="8759500369"/>
  <nd ref="8759500368"/>
  <nd ref="8759500367"/>
  <nd ref="8759500366"/>
  <nd ref="8759500365"/>
  <nd ref="8759500364"/>
  <nd ref="8759500363"/>
  <nd ref="8759500362"/>
  <nd ref="8759500361"/>
  <nd ref="8759500376"/>
  <tag k="building" v="dormitory"/>
  <tag k="description" v="男生宿舍楼"/>
  <tag k="name" v="B8"/>
 </way>
 <way id="946212455" visible="true" version="2" changeset="170415430" timestamp="2025-08-14T03:40:19Z" user="没时间了" uid="23188738">
  <nd ref="8759500388"/>
  <nd ref="8759500387"/>
  <nd ref="8759500386"/>
  <nd ref="8759500385"/>
  <nd ref="8759500384"/>
  <nd ref="8759500383"/>
  <nd ref="8759500382"/>
  <nd ref="8759500381"/>
  <nd ref="8759500380"/>
  <nd ref="8759500379"/>
  <nd ref="8759500378"/>
  <nd ref="8759500377"/>
  <nd ref="8759500388"/>
  <tag k="building" v="dormitory"/>
  <tag k="description" v="男生宿舍楼"/>
  <tag k="name" v="B6"/>
 </way>
 <way id="946212456" visible="true" version="2" changeset="170415430" timestamp="2025-08-14T03:40:19Z" user="没时间了" uid="23188738">
  <nd ref="8759500396"/>
  <nd ref="8759500395"/>
  <nd ref="8759500394"/>
  <nd ref="8759500393"/>
  <nd ref="8759500392"/>
  <nd ref="8759500391"/>
  <nd ref="8759500390"/>
  <nd ref="8759500389"/>
  <nd ref="8759500396"/>
  <tag k="building" v="dormitory"/>
  <tag k="description" v="男生宿舍楼"/>
  <tag k="name" v="B10"/>
 </way>
 <way id="946212457" visible="true" version="2" changeset="170415430" timestamp="2025-08-14T03:40:19Z" user="没时间了" uid="23188738">
  <nd ref="8759500404"/>
  <nd ref="8759500403"/>
  <nd ref="8759500402"/>
  <nd ref="8759500401"/>
  <nd ref="8759500400"/>
  <nd ref="8759500399"/>
  <nd ref="8759500398"/>
  <nd ref="8759500397"/>
  <nd ref="8759500404"/>
  <tag k="building" v="dormitory"/>
  <tag k="description" v="男生宿舍楼"/>
  <tag k="name" v="B7"/>
  <tag k="note" v="男生宿舍楼"/>
 </way>
 <way id="946212458" visible="true" version="2" changeset="170415430" timestamp="2025-08-14T03:40:19Z" user="没时间了" uid="23188738">
  <nd ref="8759500412"/>
  <nd ref="8759500411"/>
  <nd ref="8759500410"/>
  <nd ref="8759500409"/>
  <nd ref="8759500408"/>
  <nd ref="8759500407"/>
  <nd ref="8759500406"/>
  <nd ref="8759500405"/>
  <nd ref="8759500412"/>
  <tag k="building" v="dormitory"/>
  <tag k="description" v="男生宿舍楼"/>
  <tag k="name" v="B9"/>
 </way>
 <way id="946212459" visible="true" version="2" changeset="170415430" timestamp="2025-08-14T03:40:19Z" user="没时间了" uid="23188738">
  <nd ref="8759519324"/>
  <nd ref="8759519323"/>
  <nd ref="8759519322"/>
  <nd ref="8759519321"/>
  <nd ref="8759519320"/>
  <nd ref="8759519319"/>
  <nd ref="8759519318"/>
  <nd ref="8759519317"/>
  <nd ref="8759500416"/>
  <nd ref="8759500415"/>
  <nd ref="8759500414"/>
  <nd ref="8759500413"/>
  <nd ref="8759519324"/>
  <tag k="amenity" v="restaurant"/>
  <tag k="building" v="yes"/>
  <tag k="name" v="器美"/>
 </way>
 <way id="946212460" visible="true" version="2" changeset="170415430" timestamp="2025-08-14T03:40:19Z" user="没时间了" uid="23188738">
  <nd ref="8759519344"/>
  <nd ref="8759519343"/>
  <nd ref="8759519342"/>
  <nd ref="8759519341"/>
  <nd ref="8759519340"/>
  <nd ref="8759519339"/>
  <nd ref="8759519338"/>
  <nd ref="8759519337"/>
  <nd ref="8759519336"/>
  <nd ref="8759519335"/>
  <nd ref="8759519334"/>
  <nd ref="8759519333"/>
  <nd ref="8759519332"/>
  <nd ref="8759519331"/>
  <nd ref="8759519330"/>
  <nd ref="8759519329"/>
  <nd ref="8759519328"/>
  <nd ref="8759519327"/>
  <nd ref="8759519326"/>
  <nd ref="8759519325"/>
  <nd ref="8759519344"/>
  <tag k="building" v="dormitory"/>
  <tag k="name" v="留学生B14"/>
 </way>
 <way id="946212461" visible="true" version="2" changeset="170415430" timestamp="2025-08-14T03:40:19Z" user="没时间了" uid="23188738">
  <nd ref="8759519352"/>
  <nd ref="8759519351"/>
  <nd ref="8759519350"/>
  <nd ref="8759519349"/>
  <nd ref="8759519348"/>
  <nd ref="8759519347"/>
  <nd ref="8759519346"/>
  <nd ref="8759519345"/>
  <nd ref="8759519352"/>
  <tag k="building" v="dormitory"/>
  <tag k="name" v="B13研究生"/>
 </way>
 <way id="946212462" visible="true" version="2" changeset="170415430" timestamp="2025-08-14T03:40:19Z" user="没时间了" uid="23188738">
  <nd ref="8759519360"/>
  <nd ref="8759519359"/>
  <nd ref="8759519358"/>
  <nd ref="8759519357"/>
  <nd ref="8759519356"/>
  <nd ref="8759519355"/>
  <nd ref="8759519354"/>
  <nd ref="8759519353"/>
  <nd ref="8759519360"/>
  <tag k="building" v="dormitory"/>
  <tag k="name" v="B11"/>
 </way>
 <way id="946212463" visible="true" version="2" changeset="170415430" timestamp="2025-08-14T03:40:19Z" user="没时间了" uid="23188738">
  <nd ref="8759519368"/>
  <nd ref="8759519367"/>
  <nd ref="8759519366"/>
  <nd ref="8759519365"/>
  <nd ref="8759519364"/>
  <nd ref="8759519363"/>
  <nd ref="8759519362"/>
  <nd ref="8759519361"/>
  <nd ref="8759519368"/>
  <tag k="building" v="dormitory"/>
  <tag k="name" v="B12"/>
 </way>
 <way id="946212464" visible="true" version="2" changeset="170415430" timestamp="2025-08-14T03:40:19Z" user="没时间了" uid="23188738">
  <nd ref="8759519376"/>
  <nd ref="8759519375"/>
  <nd ref="8759519374"/>
  <nd ref="8759519373"/>
  <nd ref="8759519372"/>
  <nd ref="8759519371"/>
  <nd ref="8759519370"/>
  <nd ref="8759519369"/>
  <nd ref="8759519376"/>
  <tag k="building" v="yes"/>
  <tag k="name" v="生物工程学院 五粮液白酒学院"/>
 </way>
 <way id="946212465" visible="true" version="2" changeset="170415430" timestamp="2025-08-14T03:40:19Z" user="没时间了" uid="23188738">
  <nd ref="8759519370"/>
  <nd ref="8759519379"/>
  <nd ref="8759519378"/>
  <nd ref="8759519375"/>
  <nd ref="8759519374"/>
  <nd ref="8759519371"/>
  <nd ref="8759519370"/>
  <tag k="building" v="yes"/>
 </way>
 <way id="946212466" visible="true" version="2" changeset="170415430" timestamp="2025-08-14T03:40:19Z" user="没时间了" uid="23188738">
  <nd ref="8759519388"/>
  <nd ref="8759519387"/>
  <nd ref="8759519386"/>
  <nd ref="8759519385"/>
  <nd ref="8759519384"/>
  <nd ref="8759519383"/>
  <nd ref="8759519382"/>
  <nd ref="8759519381"/>
  <nd ref="8759519388"/>
  <tag k="building" v="yes"/>
  <tag k="name" v="酿酒生物技术及应用"/>
 </way>
 <way id="946212467" visible="true" version="2" changeset="170415430" timestamp="2025-08-14T03:40:19Z" user="没时间了" uid="23188738">
  <nd ref="8759519400"/>
  <nd ref="8759519399"/>
  <nd ref="8759519398"/>
  <nd ref="8759519397"/>
  <nd ref="8759519396"/>
  <nd ref="8759519395"/>
  <nd ref="8759519394"/>
  <nd ref="8759519393"/>
  <nd ref="8759519392"/>
  <nd ref="8759519391"/>
  <nd ref="8759519390"/>
  <nd ref="8759519389"/>
  <nd ref="8759519400"/>
  <tag k="building" v="yes"/>
  <tag k="name" v="基础化学楼"/>
 </way>
 <way id="946212468" visible="true" version="2" changeset="170415430" timestamp="2025-08-14T03:40:19Z" user="没时间了" uid="23188738">
  <nd ref="8759519436"/>
  <nd ref="8759519435"/>
  <nd ref="8759519434"/>
  <nd ref="8759519433"/>
  <nd ref="8759519436"/>
  <tag k="leisure" v="pitch"/>
  <tag k="name" v="T2操场"/>
  <tag k="sport" v="soccer"/>
 </way>
 <way id="946212469" visible="true" version="2" changeset="105197395" timestamp="2021-05-24T05:53:46Z" user="富顺娃儿" uid="4897653">
  <nd ref="8759519444"/>
  <nd ref="8759519443"/>
  <nd ref="8759519445"/>
  <nd ref="8759519446"/>
  <nd ref="8759519447"/>
  <nd ref="8759519448"/>
  <nd ref="8759519449"/>
  <nd ref="8759519450"/>
  <nd ref="8759519451"/>
  <nd ref="8759519452"/>
  <nd ref="8759519453"/>
  <nd ref="8759519454"/>
  <nd ref="8759519442"/>
  <nd ref="8759519441"/>
  <nd ref="8759519440"/>
  <nd ref="8759519439"/>
  <nd ref="8759519455"/>
  <nd ref="8759519456"/>
  <nd ref="8759519457"/>
  <nd ref="8759519458"/>
  <nd ref="8759519459"/>
  <nd ref="8759519460"/>
  <nd ref="8759519461"/>
  <nd ref="8759519462"/>
  <nd ref="8759519463"/>
  <nd ref="8759519464"/>
  <nd ref="8759519438"/>
  <nd ref="8759519437"/>
  <nd ref="8759519444"/>
  <tag k="leisure" v="pitch"/>
 </way>
 <way id="946212470" visible="true" version="1" changeset="105196947" timestamp="2021-05-24T05:47:03Z" user="富顺娃儿" uid="4897653">
  <nd ref="8759519468"/>
  <nd ref="8759519467"/>
  <nd ref="8759519466"/>
  <nd ref="8759519465"/>
  <nd ref="8759519468"/>
  <tag k="leisure" v="pitch"/>
  <tag k="sport" v="soccer"/>
 </way>
 <way id="946212471" visible="true" version="1" changeset="105196947" timestamp="2021-05-24T05:47:03Z" user="富顺娃儿" uid="4897653">
  <nd ref="8759519472"/>
  <nd ref="8759519471"/>
  <nd ref="8759519470"/>
  <nd ref="8759519469"/>
  <nd ref="8759519472"/>
  <tag k="leisure" v="playground"/>
 </way>
 <way id="946212472" visible="true" version="2" changeset="105197395" timestamp="2021-05-24T05:53:46Z" user="富顺娃儿" uid="4897653">
  <nd ref="6914368225"/>
  <nd ref="8759519474"/>
  <nd ref="8759519473"/>
  <nd ref="8118027969"/>
  <nd ref="6914368225"/>
  <tag k="leisure" v="pitch"/>
  <tag k="sport" v="table_tennis"/>
 </way>
 <way id="946212473" visible="true" version="1" changeset="105196947" timestamp="2021-05-24T05:47:03Z" user="富顺娃儿" uid="4897653">
  <nd ref="8759519478"/>
  <nd ref="8759519477"/>
  <nd ref="8759519476"/>
  <nd ref="8759519475"/>
  <nd ref="8759519478"/>
  <tag k="leisure" v="pitch"/>
  <tag k="sport" v="soccer"/>
 </way>
 <way id="946212475" visible="true" version="3" changeset="140627730" timestamp="2023-08-31T10:20:25Z" user="enldm" uid="20125208">
  <nd ref="8759519505"/>
  <nd ref="8759519504"/>
  <nd ref="8759519503"/>
  <nd ref="8759519502"/>
  <nd ref="8759519501"/>
  <nd ref="8759519500"/>
  <nd ref="8759519499"/>
  <nd ref="8759519498"/>
  <nd ref="8759519497"/>
  <nd ref="8759519496"/>
  <nd ref="8759519495"/>
  <nd ref="8759519494"/>
  <nd ref="8759519493"/>
  <nd ref="8759519492"/>
  <nd ref="8759519491"/>
  <nd ref="8759519490"/>
  <nd ref="8759519489"/>
  <nd ref="8759519488"/>
  <nd ref="8759519487"/>
  <nd ref="8759519486"/>
  <nd ref="8759519485"/>
  <nd ref="8759519484"/>
  <nd ref="8759519483"/>
  <nd ref="8759519505"/>
  <tag k="leisure" v="pitch"/>
  <tag k="sport" v="soccer"/>
 </way>
 <way id="946212480" visible="true" version="2" changeset="105197395" timestamp="2021-05-24T05:53:46Z" user="富顺娃儿" uid="4897653">
  <nd ref="8759519518"/>
  <nd ref="8759519539"/>
  <tag k="highway" v="service"/>
 </way>
 <way id="946212483" visible="true" version="2" changeset="105197395" timestamp="2021-05-24T05:53:46Z" user="富顺娃儿" uid="4897653">
  <nd ref="8759519558"/>
  <nd ref="8759519518"/>
  <nd ref="8759519557"/>
  <nd ref="8759519556"/>
  <nd ref="8759519555"/>
  <nd ref="8759519554"/>
  <tag k="highway" v="service"/>
 </way>
 <way id="946212486" visible="true" version="2" changeset="170415430" timestamp="2025-08-14T03:40:19Z" user="没时间了" uid="23188738">
  <nd ref="8759519614"/>
  <nd ref="8759519613"/>
  <nd ref="8759519612"/>
  <nd ref="8759519611"/>
  <nd ref="8759519610"/>
  <nd ref="8759519609"/>
  <nd ref="8759519608"/>
  <nd ref="8759519607"/>
  <nd ref="8759519606"/>
  <nd ref="8759519605"/>
  <nd ref="8759519604"/>
  <nd ref="8759519603"/>
  <nd ref="8759519602"/>
  <nd ref="8759519601"/>
  <nd ref="8759519600"/>
  <nd ref="8759519599"/>
  <nd ref="8759519614"/>
  <tag k="building" v="university"/>
  <tag k="name" v="B2"/>
 </way>
 <way id="946212487" visible="true" version="2" changeset="105197395" timestamp="2021-05-24T05:53:46Z" user="富顺娃儿" uid="4897653">
  <nd ref="8759519678"/>
  <nd ref="8759519677"/>
  <nd ref="8759519676"/>
  <nd ref="8759519675"/>
  <nd ref="8759519674"/>
  <nd ref="8759519673"/>
  <nd ref="8759519672"/>
  <nd ref="8759519671"/>
  <nd ref="8759519670"/>
  <nd ref="8759519669"/>
  <nd ref="8759519668"/>
  <nd ref="8759519667"/>
  <nd ref="8759519666"/>
  <nd ref="8759519665"/>
  <nd ref="8759519664"/>
  <nd ref="8759519663"/>
  <nd ref="8759519662"/>
  <nd ref="8759519661"/>
  <nd ref="8759519660"/>
  <nd ref="8759519659"/>
  <nd ref="8759519658"/>
  <nd ref="8759519657"/>
  <nd ref="8759519656"/>
  <nd ref="8759519655"/>
  <nd ref="8759519654"/>
  <nd ref="8759519653"/>
  <nd ref="8759519652"/>
  <nd ref="8759519651"/>
  <nd ref="8759519678"/>
  <tag k="leisure" v="pitch"/>
 </way>
 <way id="946212488" visible="true" version="2" changeset="170415430" timestamp="2025-08-14T03:40:19Z" user="没时间了" uid="23188738">
  <nd ref="8759519686"/>
  <nd ref="8759519685"/>
  <nd ref="8759519684"/>
  <nd ref="8759519683"/>
  <nd ref="8759519686"/>
  <tag k="leisure" v="pitch"/>
  <tag k="name" v="T1操场"/>
  <tag k="sport" v="soccer"/>
 </way>
 <way id="946212489" visible="true" version="2" changeset="105197395" timestamp="2021-05-24T05:53:46Z" user="富顺娃儿" uid="4897653">
  <nd ref="8759519692"/>
  <nd ref="8759519691"/>
  <nd ref="8759519690"/>
  <nd ref="8759519693"/>
  <nd ref="8759519694"/>
  <nd ref="8759519695"/>
  <nd ref="8759519696"/>
  <nd ref="8759519697"/>
  <nd ref="8759519698"/>
  <nd ref="8759519699"/>
  <nd ref="8759519700"/>
  <nd ref="8759519701"/>
  <nd ref="8759519702"/>
  <nd ref="8759519703"/>
  <nd ref="8759519689"/>
  <nd ref="8759519688"/>
  <nd ref="8759519687"/>
  <nd ref="8759519704"/>
  <nd ref="8759519705"/>
  <nd ref="8759519706"/>
  <nd ref="8759519707"/>
  <nd ref="8759519708"/>
  <nd ref="8759519709"/>
  <nd ref="8759519710"/>
  <nd ref="8759519711"/>
  <nd ref="8759519712"/>
  <nd ref="8759519713"/>
  <nd ref="8759519714"/>
  <nd ref="8759519692"/>
  <tag k="leisure" v="pitch"/>
 </way>
 <way id="1204655225" visible="true" version="2" changeset="146130360" timestamp="2024-01-11T07:15:36Z" user="VENTOX" uid="20683110">
  <nd ref="11164916945"/>
  <nd ref="7593934711"/>
  <tag k="highway" v="residential"/>
 </way>
 <way id="1204655226" visible="true" version="3" changeset="160270995" timestamp="2024-12-14T08:18:28Z" user="Kiana_Kaslana" uid="17877421">
  <nd ref="6559221001"/>
  <nd ref="11164916945"/>
  <nd ref="11164916943"/>
  <tag k="highway" v="unclassified"/>
  <tag k="name" v="文博路"/>
 </way>
 <way id="1204663324" visible="true" version="4" changeset="146107206" timestamp="2024-01-10T14:45:44Z" user="VENTOX" uid="20683110">
  <nd ref="5817131999"/>
  <nd ref="6559113779"/>
  <nd ref="5817132000"/>
  <nd ref="6555540745"/>
  <nd ref="5817132001"/>
  <nd ref="5402652604"/>
  <nd ref="5817131995"/>
  <nd ref="8118048350"/>
  <nd ref="11472330458"/>
  <nd ref="11472330459"/>
  <nd ref="11422357758"/>
  <nd ref="7178886063"/>
  <nd ref="11472330460"/>
  <nd ref="11422357757"/>
  <nd ref="7178886064"/>
  <nd ref="11472330461"/>
  <nd ref="11472330462"/>
  <nd ref="7178886065"/>
  <nd ref="11472330463"/>
  <nd ref="5817131958"/>
  <tag k="highway" v="secondary"/>
  <tag k="name" v="白塔路"/>
  <tag k="oneway" v="yes"/>
 </way>
 <way id="1204663325" visible="true" version="3" changeset="160270995" timestamp="2024-12-14T08:18:28Z" user="Kiana_Kaslana" uid="17877421">
  <nd ref="5817131998"/>
  <nd ref="6559221001"/>
  <nd ref="6555541189"/>
  <nd ref="6786968575"/>
  <tag k="highway" v="secondary"/>
  <tag k="name" v="长翠路"/>
  <tag k="oneway" v="yes"/>
  <tag k="surface" v="asphalt"/>
 </way>
 <way id="1204663326" visible="true" version="5" changeset="145982438" timestamp="2024-01-07T09:03:29Z" user="VENTOX" uid="20683110">
  <nd ref="5817131964"/>
  <nd ref="11472330453"/>
  <nd ref="7178886068"/>
  <nd ref="11472330454"/>
  <nd ref="7178886067"/>
  <nd ref="11472330455"/>
  <nd ref="7178886066"/>
  <nd ref="11422357759"/>
  <nd ref="11472330456"/>
  <nd ref="8118048351"/>
  <nd ref="5817131997"/>
  <nd ref="5817131996"/>
  <nd ref="6555540744"/>
  <nd ref="11472330457"/>
  <nd ref="5813926357"/>
  <nd ref="8759519751"/>
  <nd ref="6559113778"/>
  <nd ref="5813926375"/>
  <tag k="highway" v="secondary"/>
  <tag k="lanes" v="4"/>
  <tag k="name" v="白塔路"/>
  <tag k="oneway" v="yes"/>
  <tag k="surface" v="asphalt"/>
 </way>
 <way id="1204663327" visible="true" version="3" changeset="146107206" timestamp="2024-01-10T14:45:44Z" user="VENTOX" uid="20683110">
  <nd ref="5813926376"/>
  <nd ref="5817131998"/>
  <tag k="highway" v="primary"/>
  <tag k="name" v="长翠路"/>
  <tag k="oneway" v="yes"/>
  <tag k="surface" v="asphalt"/>
 </way>
 <way id="1204664879" visible="true" version="7" changeset="161156343" timestamp="2025-01-09T05:33:58Z" user="VENTOX" uid="20683110">
  <nd ref="7466178266"/>
  <nd ref="7466147731"/>
  <nd ref="7466180655"/>
  <nd ref="7466180654"/>
  <nd ref="7466180653"/>
  <nd ref="7466180652"/>
  <nd ref="7466180651"/>
  <nd ref="7466180650"/>
  <nd ref="7466180649"/>
  <nd ref="7466180648"/>
  <nd ref="7466180647"/>
  <nd ref="7466180646"/>
  <nd ref="7466180645"/>
  <nd ref="7466180644"/>
  <nd ref="7466180643"/>
  <nd ref="7466180642"/>
  <nd ref="7466180641"/>
  <nd ref="7466180640"/>
  <nd ref="7466180639"/>
  <nd ref="7466180638"/>
  <nd ref="7466180637"/>
  <nd ref="7466180636"/>
  <nd ref="7466180635"/>
  <nd ref="7466180634"/>
  <nd ref="7466180633"/>
  <nd ref="7466180632"/>
  <nd ref="7466180631"/>
  <nd ref="7466180630"/>
  <nd ref="7466180629"/>
  <nd ref="7466180628"/>
  <nd ref="7466180627"/>
  <nd ref="7466180626"/>
  <nd ref="7466180625"/>
  <nd ref="7466180624"/>
  <nd ref="7466180623"/>
  <nd ref="7466180622"/>
  <nd ref="11165000306"/>
  <nd ref="11493846690"/>
  <nd ref="11163169578"/>
  <nd ref="11493846687"/>
  <nd ref="11883753271"/>
  <nd ref="11493846686"/>
  <nd ref="7466180585"/>
  <tag k="admin_level" v="8"/>
  <tag k="boundary" v="administrative"/>
  <tag k="source" v="estimated"/>
 </way>
 <way id="1230333886" visible="true" version="4" changeset="145927107" timestamp="2024-01-05T15:34:31Z" user="VENTOX" uid="20683110">
  <nd ref="11409784518"/>
  <nd ref="11409784519"/>
  <nd ref="11471936938"/>
  <nd ref="11492004527"/>
  <nd ref="11409784520"/>
  <nd ref="11471936936"/>
  <nd ref="11471936935"/>
  <nd ref="11409784521"/>
  <nd ref="11492004526"/>
  <nd ref="11492004525"/>
  <nd ref="11492004524"/>
  <nd ref="11492004523"/>
  <nd ref="11492004522"/>
  <nd ref="11492004521"/>
  <nd ref="11492004520"/>
  <nd ref="11471936937"/>
  <nd ref="11492004519"/>
  <nd ref="11409784518"/>
  <tag k="building" v="yes"/>
  <tag k="name" v="公园π"/>
  <tag k="shop" v="mall"/>
 </way>
 <way id="1231620457" visible="true" version="3" changeset="146130360" timestamp="2024-01-11T07:15:36Z" user="VENTOX" uid="20683110">
  <nd ref="11422328379"/>
  <nd ref="11422328380"/>
  <nd ref="11507972789"/>
  <nd ref="11422328381"/>
  <nd ref="11507972790"/>
  <nd ref="11422328383"/>
  <nd ref="11507972793"/>
  <nd ref="11507972792"/>
  <nd ref="11507972791"/>
  <nd ref="11422328395"/>
  <nd ref="11507972794"/>
  <nd ref="11422328396"/>
  <nd ref="11422328379"/>
  <tag k="landuse" v="residential"/>
  <tag k="name" v="邦泰·大学路一号"/>
 </way>
 <way id="1231620458" visible="true" version="3" changeset="163638079" timestamp="2025-03-15T06:55:06Z" user="enldm" uid="20125208">
  <nd ref="11422328399"/>
  <nd ref="11422328400"/>
  <nd ref="12666263823"/>
  <nd ref="12666263824"/>
  <nd ref="12666263825"/>
  <nd ref="12666263826"/>
  <nd ref="11883800378"/>
  <nd ref="12666263883"/>
  <nd ref="11883800379"/>
  <nd ref="11883800380"/>
  <nd ref="11883800381"/>
  <nd ref="11883800382"/>
  <nd ref="11883800383"/>
  <nd ref="11422328401"/>
  <nd ref="12666263819"/>
  <nd ref="12666263820"/>
  <nd ref="12666263821"/>
  <nd ref="12666263822"/>
  <nd ref="11422328402"/>
  <nd ref="11422328399"/>
  <tag k="landuse" v="commercial"/>
  <tag k="name" v="竹里香街"/>
 </way>
 <way id="1237301154" visible="true" version="1" changeset="145927107" timestamp="2024-01-05T15:34:31Z" user="VENTOX" uid="20683110">
  <nd ref="11491990985"/>
  <nd ref="11491990986"/>
  <nd ref="11491990987"/>
  <nd ref="11491990988"/>
  <nd ref="11491990989"/>
  <nd ref="11491990990"/>
  <nd ref="11491990991"/>
  <nd ref="11491990992"/>
  <nd ref="11491990993"/>
  <nd ref="11491990994"/>
  <nd ref="11491990995"/>
  <nd ref="11491990996"/>
  <nd ref="11491990997"/>
  <nd ref="11491990998"/>
  <nd ref="11491990999"/>
  <nd ref="11491991000"/>
  <nd ref="11491991001"/>
  <nd ref="11491991002"/>
  <nd ref="11491991003"/>
  <nd ref="11491991004"/>
  <nd ref="11491991005"/>
  <nd ref="11491991006"/>
  <nd ref="11491991007"/>
  <nd ref="11491991008"/>
  <nd ref="11491991009"/>
  <nd ref="11491991010"/>
  <nd ref="11491991011"/>
  <nd ref="11491991012"/>
  <nd ref="11491991013"/>
  <nd ref="11491991014"/>
  <nd ref="11491991015"/>
  <nd ref="11491991016"/>
  <nd ref="11491991017"/>
  <nd ref="11491991018"/>
  <nd ref="11491991019"/>
  <nd ref="11491990985"/>
  <tag k="amenity" v="parking"/>
 </way>
 <way id="1237460209" visible="true" version="1" changeset="145945747" timestamp="2024-01-06T06:38:54Z" user="VENTOX" uid="20683110">
  <nd ref="11493846572"/>
  <nd ref="11493846573"/>
  <nd ref="11493846574"/>
  <nd ref="11493846575"/>
  <nd ref="11493846576"/>
  <nd ref="11493846577"/>
  <nd ref="11493846578"/>
  <nd ref="11493846579"/>
  <nd ref="11493846580"/>
  <nd ref="11493846581"/>
  <nd ref="11493846582"/>
  <nd ref="11493846583"/>
  <nd ref="11493846596"/>
  <nd ref="11493846584"/>
  <nd ref="11493846585"/>
  <nd ref="11493846594"/>
  <nd ref="11493846586"/>
  <nd ref="11493846587"/>
  <nd ref="11493846588"/>
  <nd ref="11493846589"/>
  <nd ref="11493846595"/>
  <nd ref="11493846590"/>
  <nd ref="11493846591"/>
  <nd ref="11493846592"/>
  <nd ref="11493846593"/>
  <nd ref="11493846572"/>
  <tag k="natural" v="wood"/>
 </way>
 <way id="1237724601" visible="true" version="2" changeset="146107206" timestamp="2024-01-10T14:45:44Z" user="VENTOX" uid="20683110">
  <nd ref="5813926375"/>
  <nd ref="5813926376"/>
  <tag k="highway" v="primary"/>
  <tag k="lanes" v="4"/>
  <tag k="name" v="白塔路"/>
  <tag k="oneway" v="yes"/>
  <tag k="surface" v="asphalt"/>
 </way>
 <way id="1237724602" visible="true" version="2" changeset="146107206" timestamp="2024-01-10T14:45:44Z" user="VENTOX" uid="20683110">
  <nd ref="6786968562"/>
  <nd ref="6786968574"/>
  <nd ref="6555541188"/>
  <nd ref="5402652584"/>
  <nd ref="6559221000"/>
  <nd ref="5817131999"/>
  <tag k="highway" v="secondary"/>
  <tag k="name" v="长翠路"/>
  <tag k="oneway" v="yes"/>
  <tag k="surface" v="asphalt"/>
 </way>
 <way id="1238621794" visible="true" version="1" changeset="146107206" timestamp="2024-01-10T14:45:44Z" user="VENTOX" uid="20683110">
  <nd ref="5817131998"/>
  <nd ref="5817131999"/>
  <tag k="highway" v="primary"/>
  <tag k="name" v="白塔路"/>
  <tag k="oneway" v="yes"/>
 </way>
 <way id="1238621795" visible="true" version="1" changeset="146107206" timestamp="2024-01-10T14:45:44Z" user="VENTOX" uid="20683110">
  <nd ref="5817131999"/>
  <nd ref="5813926375"/>
  <tag k="highway" v="primary"/>
  <tag k="name" v="长翠路"/>
  <tag k="oneway" v="yes"/>
  <tag k="surface" v="asphalt"/>
 </way>
 <way id="1238778185" visible="true" version="1" changeset="146129042" timestamp="2024-01-11T06:26:08Z" user="VENTOX" uid="20683110">
  <nd ref="11507914280"/>
  <nd ref="11507914288"/>
  <nd ref="11507914281"/>
  <nd ref="11507914282"/>
  <nd ref="11507914283"/>
  <nd ref="11507914284"/>
  <nd ref="11507914285"/>
  <nd ref="11507914286"/>
  <nd ref="11507914287"/>
  <nd ref="11507914280"/>
  <tag k="landuse" v="residential"/>
  <tag k="name" v="龙观嘉园"/>
  <tag k="residential" v="apartments"/>
 </way>
 <way id="1238778191" visible="true" version="1" changeset="146129042" timestamp="2024-01-11T06:26:08Z" user="VENTOX" uid="20683110">
  <nd ref="11507914352"/>
  <nd ref="11507914353"/>
  <nd ref="11507914354"/>
  <nd ref="11507914355"/>
  <nd ref="11507914356"/>
  <nd ref="11507914357"/>
  <nd ref="11507914358"/>
  <nd ref="11507914359"/>
  <nd ref="11507914360"/>
  <nd ref="11507914361"/>
  <nd ref="11507914362"/>
  <nd ref="11507914363"/>
  <nd ref="11507914364"/>
  <nd ref="11507914365"/>
  <nd ref="11507914366"/>
  <nd ref="11507914352"/>
  <tag k="landuse" v="residential"/>
  <tag k="name" v="宜宾临港金科城"/>
  <tag k="residential" v="apartments"/>
 </way>
 <way id="1238778193" visible="true" version="1" changeset="146129042" timestamp="2024-01-11T06:26:08Z" user="VENTOX" uid="20683110">
  <nd ref="11507914378"/>
  <nd ref="11507914379"/>
  <nd ref="11507914380"/>
  <nd ref="11507914381"/>
  <nd ref="11507914382"/>
  <nd ref="11507914383"/>
  <nd ref="11507914384"/>
  <nd ref="11507914385"/>
  <nd ref="11507914378"/>
  <tag k="amenity" v="school"/>
  <tag k="name" v="宜宾双城第一幼儿园"/>
 </way>
 <way id="1238784889" visible="true" version="1" changeset="146130360" timestamp="2024-01-11T07:15:36Z" user="VENTOX" uid="20683110">
  <nd ref="11507972795"/>
  <nd ref="11507972796"/>
  <nd ref="11507972797"/>
  <nd ref="11507972798"/>
  <nd ref="11507972799"/>
  <nd ref="11507972800"/>
  <nd ref="11507972801"/>
  <nd ref="11507972802"/>
  <nd ref="11507972803"/>
  <nd ref="11507972804"/>
  <nd ref="11507972805"/>
  <nd ref="11507972806"/>
  <nd ref="11507972807"/>
  <nd ref="11507972795"/>
  <tag k="landuse" v="residential"/>
  <tag k="name" v="鸿通·大学府"/>
  <tag k="residential" v="apartments"/>
 </way>
 <way id="1239556461" visible="true" version="1" changeset="146234473" timestamp="2024-01-14T06:15:03Z" user="VENTOX" uid="20683110">
  <nd ref="11515608506"/>
  <nd ref="11515608507"/>
  <nd ref="11515608508"/>
  <nd ref="11515608509"/>
  <nd ref="11515608510"/>
  <nd ref="11515608511"/>
  <nd ref="11515608512"/>
  <nd ref="11515608513"/>
  <nd ref="11515608514"/>
  <nd ref="11515608515"/>
  <nd ref="11515608516"/>
  <nd ref="11515608517"/>
  <nd ref="11515608518"/>
  <nd ref="11515608519"/>
  <nd ref="11515608520"/>
  <nd ref="11515608521"/>
  <nd ref="11515608522"/>
  <nd ref="11515608523"/>
  <nd ref="11515608524"/>
  <nd ref="11515608525"/>
  <nd ref="11515608526"/>
  <nd ref="11515608527"/>
  <nd ref="11515608528"/>
  <nd ref="11515608529"/>
  <nd ref="11515608530"/>
  <nd ref="11515608531"/>
  <nd ref="11515608532"/>
  <nd ref="11515608533"/>
  <nd ref="11515608534"/>
  <nd ref="11515608535"/>
  <nd ref="11515608536"/>
  <nd ref="11515608537"/>
  <nd ref="11515608506"/>
  <tag k="leisure" v="park"/>
 </way>
 <way id="1239556462" visible="true" version="1" changeset="146234473" timestamp="2024-01-14T06:15:03Z" user="VENTOX" uid="20683110">
  <nd ref="11515608538"/>
  <nd ref="11515608539"/>
  <nd ref="11515608540"/>
  <nd ref="11515608541"/>
  <nd ref="11515608542"/>
  <nd ref="11515608543"/>
  <nd ref="11515608544"/>
  <nd ref="11515608545"/>
  <nd ref="11515608546"/>
  <nd ref="11515608547"/>
  <nd ref="11515608538"/>
  <tag k="landuse" v="grass"/>
 </way>
 <way id="1239556463" visible="true" version="1" changeset="146234473" timestamp="2024-01-14T06:15:03Z" user="VENTOX" uid="20683110">
  <nd ref="11515608548"/>
  <nd ref="11515608549"/>
  <nd ref="11515608550"/>
  <nd ref="11515608551"/>
  <nd ref="11515608552"/>
  <nd ref="11515608553"/>
  <nd ref="11515608554"/>
  <nd ref="11515608555"/>
  <nd ref="11515608556"/>
  <nd ref="11515608557"/>
  <nd ref="11515608558"/>
  <nd ref="11515608559"/>
  <nd ref="11515608560"/>
  <nd ref="11515608548"/>
  <tag k="landuse" v="grass"/>
 </way>
 <way id="1241856584" visible="true" version="1" changeset="146538188" timestamp="2024-01-22T06:25:20Z" user="VENTOX" uid="20683110">
  <nd ref="11539223689"/>
  <nd ref="11539231468"/>
  <nd ref="11539231469"/>
  <nd ref="11539231470"/>
  <nd ref="11539223690"/>
  <nd ref="11539231471"/>
  <nd ref="11539223691"/>
  <nd ref="11539223692"/>
  <nd ref="11539231391"/>
  <nd ref="11539223693"/>
  <nd ref="11539231392"/>
  <nd ref="11539223694"/>
  <nd ref="11539223695"/>
  <nd ref="11539223696"/>
  <nd ref="11539231467"/>
  <nd ref="11539231466"/>
  <nd ref="11539223697"/>
  <nd ref="11539223698"/>
  <nd ref="11539231465"/>
  <nd ref="11539231463"/>
  <nd ref="11539231464"/>
  <nd ref="11539223699"/>
  <nd ref="11539223700"/>
  <nd ref="11539223701"/>
  <nd ref="11539223702"/>
  <nd ref="11539223703"/>
  <nd ref="11539223704"/>
  <nd ref="11539223705"/>
  <nd ref="11539223706"/>
  <nd ref="11539223707"/>
  <nd ref="11539223708"/>
  <nd ref="11539223709"/>
  <nd ref="11539223710"/>
  <nd ref="11539223711"/>
  <nd ref="11539223712"/>
  <nd ref="11539223713"/>
  <nd ref="11539223714"/>
  <nd ref="11539223715"/>
  <nd ref="11539223716"/>
  <nd ref="11539223717"/>
  <nd ref="11539223718"/>
  <nd ref="11539223719"/>
  <nd ref="11539223720"/>
  <nd ref="11539223721"/>
  <nd ref="11539223722"/>
  <nd ref="11539223723"/>
  <nd ref="8543657081"/>
  <nd ref="8543657082"/>
  <nd ref="8543657083"/>
  <nd ref="8543657084"/>
  <nd ref="8543657085"/>
  <nd ref="8543657086"/>
  <nd ref="8543657087"/>
  <nd ref="8543657088"/>
  <nd ref="8543657089"/>
  <nd ref="8543657090"/>
  <nd ref="8543657091"/>
  <nd ref="8543657092"/>
  <nd ref="8543657093"/>
  <nd ref="8543657094"/>
  <nd ref="8543657095"/>
  <nd ref="11539223724"/>
  <nd ref="11539223725"/>
  <nd ref="11539231509"/>
  <nd ref="11539231511"/>
  <nd ref="11539223726"/>
  <nd ref="11539231510"/>
  <nd ref="11539231513"/>
  <nd ref="11539223727"/>
  <nd ref="11539231512"/>
  <nd ref="11539223728"/>
  <nd ref="11539223729"/>
  <nd ref="11539223730"/>
  <nd ref="11539223731"/>
  <nd ref="11539223732"/>
  <nd ref="11539223733"/>
  <nd ref="11539223734"/>
  <nd ref="11539223735"/>
  <nd ref="11539223736"/>
  <nd ref="11539223737"/>
  <nd ref="11539223738"/>
  <nd ref="11539223739"/>
  <nd ref="11539223740"/>
  <nd ref="11539223741"/>
  <nd ref="11539223742"/>
  <nd ref="11539223743"/>
  <nd ref="11539223744"/>
  <nd ref="11539223745"/>
  <nd ref="11539223746"/>
  <nd ref="11539223747"/>
  <nd ref="11539223748"/>
  <nd ref="11539223749"/>
  <nd ref="11539223750"/>
  <nd ref="11539223751"/>
  <nd ref="11539223752"/>
  <nd ref="11539223753"/>
  <nd ref="11539223754"/>
  <nd ref="11539223755"/>
  <nd ref="11539223756"/>
  <nd ref="11539223757"/>
  <nd ref="11539223758"/>
  <nd ref="11539223759"/>
  <nd ref="11539223760"/>
  <nd ref="11539223761"/>
  <nd ref="11539223762"/>
  <nd ref="11539223763"/>
  <nd ref="11539223764"/>
  <nd ref="11539223765"/>
  <nd ref="11539223766"/>
  <nd ref="11539223767"/>
  <nd ref="11539223768"/>
  <nd ref="11539231369"/>
  <nd ref="7467921970"/>
  <nd ref="11539231370"/>
  <nd ref="11539231472"/>
  <nd ref="11539231473"/>
  <nd ref="11539231371"/>
  <nd ref="11539231372"/>
  <nd ref="11539231474"/>
  <nd ref="11539231373"/>
  <nd ref="11539231475"/>
  <nd ref="11539231374"/>
  <nd ref="11539231476"/>
  <nd ref="11539231375"/>
  <nd ref="11539231477"/>
  <nd ref="11539231376"/>
  <nd ref="11539231377"/>
  <nd ref="11539231478"/>
  <nd ref="11539231479"/>
  <nd ref="11539231378"/>
  <nd ref="11539231379"/>
  <nd ref="11539231380"/>
  <nd ref="11539231381"/>
  <nd ref="11539231382"/>
  <nd ref="11539231383"/>
  <nd ref="11539231384"/>
  <nd ref="11539231385"/>
  <nd ref="11539231389"/>
  <nd ref="11539231386"/>
  <nd ref="11539231390"/>
  <nd ref="11539231387"/>
  <nd ref="11539231388"/>
  <nd ref="11539223689"/>
  <tag k="natural" v="wood"/>
 </way>
 <way id="1280194221" visible="true" version="1" changeset="150966537" timestamp="2024-05-06T13:53:02Z" user="enldm" uid="20125208">
  <nd ref="11883762276"/>
  <nd ref="11883762277"/>
  <nd ref="11883762278"/>
  <nd ref="11883762279"/>
  <nd ref="11883762276"/>
  <tag k="building" v="yes"/>
 </way>
 <way id="1280194222" visible="true" version="1" changeset="150966537" timestamp="2024-05-06T13:53:02Z" user="enldm" uid="20125208">
  <nd ref="11883762280"/>
  <nd ref="11883762281"/>
  <nd ref="11883762282"/>
  <nd ref="11883762283"/>
  <nd ref="11883762280"/>
  <tag k="building" v="yes"/>
 </way>
 <way id="1280194223" visible="true" version="1" changeset="150966537" timestamp="2024-05-06T13:53:02Z" user="enldm" uid="20125208">
  <nd ref="11883762284"/>
  <nd ref="11883762285"/>
  <nd ref="11883762286"/>
  <nd ref="11883762287"/>
  <nd ref="11883762284"/>
  <tag k="building" v="yes"/>
 </way>
 <way id="1280194224" visible="true" version="1" changeset="150966537" timestamp="2024-05-06T13:53:02Z" user="enldm" uid="20125208">
  <nd ref="11883762288"/>
  <nd ref="11883762289"/>
  <nd ref="11883762290"/>
  <nd ref="11883762291"/>
  <nd ref="11883762288"/>
  <tag k="building" v="yes"/>
 </way>
 <way id="1280194225" visible="true" version="1" changeset="150966537" timestamp="2024-05-06T13:53:02Z" user="enldm" uid="20125208">
  <nd ref="11883762292"/>
  <nd ref="11883762293"/>
  <nd ref="11883762294"/>
  <nd ref="11883762295"/>
  <nd ref="11883762292"/>
  <tag k="building" v="yes"/>
 </way>
 <way id="1280194226" visible="true" version="1" changeset="150966537" timestamp="2024-05-06T13:53:02Z" user="enldm" uid="20125208">
  <nd ref="11883762296"/>
  <nd ref="11883762297"/>
  <nd ref="11883762298"/>
  <nd ref="11883762299"/>
  <nd ref="11883762296"/>
  <tag k="building" v="yes"/>
 </way>
 <way id="1280194227" visible="true" version="1" changeset="150966537" timestamp="2024-05-06T13:53:02Z" user="enldm" uid="20125208">
  <nd ref="11883762300"/>
  <nd ref="11883762301"/>
  <nd ref="11883762302"/>
  <nd ref="11883762303"/>
  <nd ref="11883762300"/>
  <tag k="building" v="yes"/>
 </way>
 <way id="1280194228" visible="true" version="1" changeset="150966537" timestamp="2024-05-06T13:53:02Z" user="enldm" uid="20125208">
  <nd ref="11883762304"/>
  <nd ref="11883762305"/>
  <nd ref="11883762306"/>
  <nd ref="11883762307"/>
  <nd ref="11883762304"/>
  <tag k="building" v="yes"/>
 </way>
 <way id="1280194229" visible="true" version="1" changeset="150966537" timestamp="2024-05-06T13:53:02Z" user="enldm" uid="20125208">
  <nd ref="11883762308"/>
  <nd ref="11883762309"/>
  <nd ref="11883762310"/>
  <nd ref="11883762311"/>
  <nd ref="11883762308"/>
  <tag k="building" v="yes"/>
 </way>
 <way id="1280194231" visible="true" version="1" changeset="150966537" timestamp="2024-05-06T13:53:02Z" user="enldm" uid="20125208">
  <nd ref="11883762316"/>
  <nd ref="11883762317"/>
  <nd ref="11883762318"/>
  <nd ref="11883762319"/>
  <nd ref="11883762316"/>
  <tag k="building" v="yes"/>
 </way>
 <way id="1280194232" visible="true" version="1" changeset="150966537" timestamp="2024-05-06T13:53:02Z" user="enldm" uid="20125208">
  <nd ref="11883762320"/>
  <nd ref="11883762321"/>
  <nd ref="11883762322"/>
  <nd ref="11883762323"/>
  <nd ref="11883762320"/>
  <tag k="building" v="yes"/>
 </way>
 <way id="1280194234" visible="true" version="1" changeset="150966537" timestamp="2024-05-06T13:53:02Z" user="enldm" uid="20125208">
  <nd ref="11883762328"/>
  <nd ref="11883762329"/>
  <nd ref="11883762330"/>
  <nd ref="11883762331"/>
  <nd ref="11883762328"/>
  <tag k="building" v="yes"/>
 </way>
 <way id="1280194243" visible="true" version="1" changeset="150966537" timestamp="2024-05-06T13:53:02Z" user="enldm" uid="20125208">
  <nd ref="11883762364"/>
  <nd ref="11883762365"/>
  <nd ref="11883762366"/>
  <nd ref="11883762367"/>
  <nd ref="11883762364"/>
  <tag k="building" v="yes"/>
 </way>
 <way id="1341591647" visible="true" version="1" changeset="160138654" timestamp="2024-12-10T17:40:14Z" user="Kiana_Kaslana" uid="17877421">
  <nd ref="6786968562"/>
  <nd ref="6786968563"/>
  <tag k="highway" v="secondary"/>
  <tag k="lanes" v="3"/>
  <tag k="name" v="大学路"/>
  <tag k="oneway" v="yes"/>
  <tag k="surface" v="asphalt"/>
 </way>
 <way id="1367618048" visible="true" version="1" changeset="163638079" timestamp="2025-03-15T06:55:06Z" user="enldm" uid="20125208">
  <nd ref="12666263874"/>
  <nd ref="12666263932"/>
  <nd ref="12666263875"/>
  <nd ref="12666263876"/>
  <nd ref="12666263877"/>
  <nd ref="12666263878"/>
  <nd ref="12666263879"/>
  <nd ref="12666263880"/>
  <nd ref="12666263881"/>
  <nd ref="12666263882"/>
  <nd ref="12666263883"/>
  <nd ref="12666263884"/>
  <tag k="highway" v="service"/>
 </way>
 <way id="1367618092" visible="true" version="2" changeset="186015986" timestamp="2026-07-19T16:21:59Z" user="StellarCake" uid="24214361">
  <nd ref="12666264506"/>
  <nd ref="12666264507"/>
  <nd ref="12666264508"/>
  <nd ref="12666264509"/>
  <nd ref="12666264510"/>
  <nd ref="12666264511"/>
  <nd ref="12666264512"/>
  <nd ref="12666264513"/>
  <nd ref="12666264514"/>
  <nd ref="12666264515"/>
  <nd ref="14027133424"/>
  <nd ref="12666264516"/>
  <nd ref="12666264517"/>
  <nd ref="12666264518"/>
  <nd ref="12666264519"/>
  <nd ref="12666264520"/>
  <nd ref="12666264521"/>
  <nd ref="12666264522"/>
  <nd ref="12666264523"/>
  <nd ref="12666264524"/>
  <nd ref="12666264525"/>
  <nd ref="12666264526"/>
  <nd ref="12666264527"/>
  <nd ref="12666264528"/>
  <nd ref="12666264529"/>
  <nd ref="12666264530"/>
  <nd ref="12666264531"/>
  <nd ref="12666264532"/>
  <nd ref="12666264533"/>
  <nd ref="12666264534"/>
  <nd ref="12666264535"/>
  <nd ref="12666264536"/>
  <nd ref="12666264537"/>
  <nd ref="12666264538"/>
  <nd ref="12666264539"/>
  <nd ref="12666264540"/>
  <nd ref="12666264541"/>
  <nd ref="12666264542"/>
  <nd ref="12666264543"/>
  <nd ref="12666264544"/>
  <nd ref="12666264545"/>
  <nd ref="12666264546"/>
  <nd ref="12666264547"/>
  <nd ref="12666264548"/>
  <nd ref="12666264549"/>
  <nd ref="12666264550"/>
  <nd ref="12666264551"/>
  <nd ref="12666264552"/>
  <nd ref="12666264553"/>
  <nd ref="12666264554"/>
  <nd ref="12666264555"/>
  <nd ref="12666264556"/>
  <nd ref="12666264557"/>
  <nd ref="12666264558"/>
  <nd ref="12666264559"/>
  <nd ref="12666264560"/>
  <nd ref="12666264561"/>
  <nd ref="12666264562"/>
  <nd ref="12666264563"/>
  <nd ref="12666264564"/>
  <nd ref="12666264565"/>
  <nd ref="12666264566"/>
  <nd ref="12666264567"/>
  <nd ref="12666264506"/>
  <tag k="leisure" v="park"/>
  <tag k="name" v="竹文化生态公园"/>
 </way>
 <way id="1367618454" visible="true" version="1" changeset="163638229" timestamp="2025-03-15T07:01:42Z" user="enldm" uid="20125208">
  <nd ref="12666249561"/>
  <nd ref="12666249562"/>
  <nd ref="12666249563"/>
  <nd ref="12666249564"/>
  <nd ref="12666249565"/>
  <nd ref="12666249561"/>
  <tag k="landuse" v="grass"/>
 </way>
 <way id="1367618455" visible="true" version="1" changeset="163638229" timestamp="2025-03-15T07:01:42Z" user="enldm" uid="20125208">
  <nd ref="8118028061"/>
  <nd ref="8759519650"/>
  <nd ref="8759519649"/>
  <tag k="highway" v="service"/>
 </way>
 <way id="1367618456" visible="true" version="1" changeset="163638229" timestamp="2025-03-15T07:01:42Z" user="enldm" uid="20125208">
  <nd ref="12666249569"/>
  <nd ref="12666249570"/>
  <nd ref="12666249571"/>
  <nd ref="12666249572"/>
  <nd ref="12666249569"/>
  <tag k="landuse" v="grass"/>
 </way>
 <way id="1422212729" visible="true" version="1" changeset="170415430" timestamp="2025-08-14T03:40:19Z" user="没时间了" uid="23188738">
  <nd ref="13070130688"/>
  <nd ref="13070130689"/>
  <nd ref="13070130690"/>
  <nd ref="13070130691"/>
  <nd ref="13070130692"/>
  <nd ref="13070130693"/>
  <nd ref="13070130694"/>
  <nd ref="13070130695"/>
  <nd ref="13070130688"/>
  <tag k="building" v="school"/>
  <tag k="name" v="励志楼"/>
 </way>
 <relation id="9700404" visible="true" version="4" changeset="74509736" timestamp="2019-09-16T02:18:48Z" user="北巷猫眠" uid="1915680">
  <member type="way" ref="698029919" role="outer"/>
  <member type="way" ref="698029920" role="inner"/>
  <tag k="building" v="university"/>
  <tag k="building:levels" v="7"/>
  <tag k="name" v="一教"/>
  <tag k="type" v="multipolygon"/>
 </relation>
 <relation id="9700405" visible="true" version="2" changeset="74336202" timestamp="2019-09-11T05:31:23Z" user="北巷猫眠" uid="1915680">
  <member type="way" ref="698029922" role="outer"/>
  <member type="way" ref="698029921" role="inner"/>
  <tag k="building" v="university"/>
  <tag k="name" v="研发楼"/>
  <tag k="type" v="multipolygon"/>
 </relation>
 <relation id="9700406" visible="true" version="2" changeset="74336202" timestamp="2019-09-11T05:31:23Z" user="北巷猫眠" uid="1915680">
  <member type="way" ref="698029923" role="outer"/>
  <member type="way" ref="698029924" role="inner"/>
  <tag k="building" v="university"/>
  <tag k="name" v="实验楼"/>
  <tag k="type" v="multipolygon"/>
 </relation>
 <relation id="9700407" visible="true" version="3" changeset="74336202" timestamp="2019-09-11T05:31:23Z" user="北巷猫眠" uid="1915680">
  <member type="way" ref="698029926" role="outer"/>
  <member type="way" ref="698029925" role="inner"/>
  <tag k="building" v="university"/>
  <tag k="name" v="静苑"/>
  <tag k="type" v="multipolygon"/>
 </relation>
 <relation id="11049880" visible="true" version="6" changeset="149185299" timestamp="2024-03-26T16:15:12Z" user="Rukkhadevata" uid="13203370">
  <member type="way" ref="798268437" role="outer"/>
  <member type="way" ref="798440808" role="outer"/>
  <member type="way" ref="798268433" role="outer"/>
  <member type="way" ref="798440809" role="outer"/>
  <member type="way" ref="798268436" role="outer"/>
  <member type="way" ref="797290595" role="outer"/>
  <member type="way" ref="798268444" role="outer"/>
  <member type="way" ref="1204664879" role="outer"/>
  <member type="node" ref="7466177623" role="admin_centre"/>
  <member type="relation" ref="11051484" role="subarea"/>
  <tag k="admin_level" v="8"/>
  <tag k="alt_name" v="Shaping;沙坪"/>
  <tag k="boundary" v="administrative"/>
  <tag k="name" v="沙坪街道"/>
  <tag k="name:en" v="Shaping Subdistrict"/>
  <tag k="name:zh" v="沙坪街道"/>
  <tag k="official_name" v="沙坪街道"/>
  <tag k="old_name" v="沙坪镇"/>
  <tag k="source:name" v="GNS"/>
  <tag k="type" v="boundary"/>
  <tag k="wikidata" v="Q11139735"/>
  <tag k="wikipedia" v="zh:沙坪街道 (宜宾市)"/>
 </relation>
 <relation id="11177127" visible="true" version="21" changeset="170986195" timestamp="2025-08-25T16:26:47Z" user="Kiana_Kaslana" uid="17877421">
  <member type="node" ref="7594029055" role="platform_entry_only"/>
  <member type="node" ref="7594141380" role="platform"/>
  <member type="node" ref="7594141381" role="platform"/>
  <member type="node" ref="7594141383" role="platform"/>
  <member type="node" ref="7594195650" role="platform"/>
  <member type="node" ref="7594195651" role="platform"/>
  <member type="node" ref="7594195653" role="platform"/>
  <member type="node" ref="7594195652" role="platform"/>
  <member type="node" ref="7594195658" role="platform"/>
  <member type="node" ref="7594195668" role="platform"/>
  <member type="node" ref="7594195669" role="platform"/>
  <member type="node" ref="7594195670" role="platform"/>
  <member type="node" ref="8017939060" role="platform"/>
  <member type="node" ref="11411428085" role="platform"/>
  <member type="node" ref="12407592405" role="platform_exit_only"/>
  <member type="way" ref="1341337239" role=""/>
  <member type="way" ref="1341337158" role=""/>
  <member type="way" ref="1341337241" role=""/>
  <member type="way" ref="1341337242" role=""/>
  <member type="way" ref="1341337236" role=""/>
  <member type="way" ref="813022727" role=""/>
  <member type="way" ref="1341337150" role=""/>
  <member type="way" ref="813022728" role=""/>
  <member type="way" ref="1252204259" role=""/>
  <member type="way" ref="1353203760" role=""/>
  <member type="way" ref="1353203758" role=""/>
  <member type="way" ref="1418356718" role=""/>
  <member type="way" ref="1252204260" role=""/>
  <member type="way" ref="1252204250" role=""/>
  <member type="way" ref="813536441" role=""/>
  <member type="way" ref="1302401093" role=""/>
  <member type="way" ref="1227518304" role=""/>
  <member type="way" ref="375557775" role=""/>
  <member type="way" ref="614663472" role=""/>
  <member type="way" ref="1227518310" role=""/>
  <member type="way" ref="965288911" role=""/>
  <member type="way" ref="1424835540" role=""/>
  <member type="way" ref="1342599589" role=""/>
  <member type="way" ref="965288912" role=""/>
  <member type="way" ref="813534306" role=""/>
  <member type="way" ref="698026921" role=""/>
  <member type="way" ref="815580291" role=""/>
  <member type="way" ref="815580290" role=""/>
  <member type="way" ref="1204663327" role=""/>
  <member type="way" ref="1204663325" role=""/>
  <member type="way" ref="860266822" role=""/>
  <tag k="from" v="高铁宜宾西站"/>
  <tag k="name" v="智轨T1支线：高铁宜宾西站→成都工业学院站"/>
  <tag k="network" v="宜宾智轨"/>
  <tag k="public_transport:version" v="2"/>
  <tag k="ref" v="T1B"/>
  <tag k="route" v="bus"/>
  <tag k="to" v="成都工业学院站"/>
  <tag k="type" v="route"/>
 </relation>
 <relation id="11901838" visible="true" version="3" changeset="170415430" timestamp="2025-08-14T03:40:19Z" user="没时间了" uid="23188738">
  <member type="way" ref="738400671" role="outer"/>
  <member type="way" ref="738400672" role="inner"/>
  <tag k="name" v="醉泉湖"/>
  <tag k="natural" v="water"/>
  <tag k="type" v="multipolygon"/>
  <tag k="water" v="lake"/>
 </relation>
 <relation id="18392147" visible="true" version="7" changeset="170986195" timestamp="2025-08-25T16:26:47Z" user="Kiana_Kaslana" uid="17877421">
  <member type="node" ref="12407592405" role="platform_entry_only"/>
  <member type="node" ref="11411428085" role="platform"/>
  <member type="node" ref="8017939060" role="platform"/>
  <member type="node" ref="7594195670" role="platform"/>
  <member type="node" ref="7594195669" role="platform"/>
  <member type="node" ref="7594195668" role="platform"/>
  <member type="node" ref="7594195658" role="platform"/>
  <member type="node" ref="7594195652" role="platform"/>
  <member type="node" ref="7594195653" role="platform"/>
  <member type="node" ref="7594195651" role="platform"/>
  <member type="node" ref="7594195650" role="platform"/>
  <member type="node" ref="7594141383" role="platform"/>
  <member type="node" ref="7594141381" role="platform"/>
  <member type="node" ref="7594141380" role="platform"/>
  <member type="node" ref="7594029055" role="platform_exit_only"/>
  <member type="way" ref="723631024" role=""/>
  <member type="way" ref="1237724602" role=""/>
  <member type="way" ref="1238621795" role=""/>
  <member type="way" ref="560218651" role=""/>
  <member type="way" ref="815580288" role=""/>
  <member type="way" ref="815580289" role=""/>
  <member type="way" ref="614663450" role=""/>
  <member type="way" ref="1342599590" role=""/>
  <member type="way" ref="965288910" role=""/>
  <member type="way" ref="1424835541" role=""/>
  <member type="way" ref="1227518311" role=""/>
  <member type="way" ref="614663469" role=""/>
  <member type="way" ref="614663474" role=""/>
  <member type="way" ref="1424835539" role=""/>
  <member type="way" ref="614663482" role=""/>
  <member type="way" ref="813536440" role=""/>
  <member type="way" ref="813544328" role=""/>
  <member type="way" ref="1252204248" role=""/>
  <member type="way" ref="813544330" role=""/>
  <member type="way" ref="1353203759" role=""/>
  <member type="way" ref="1341337187" role=""/>
  <member type="way" ref="758664305" role=""/>
  <member type="way" ref="816432737" role=""/>
  <member type="way" ref="1341337147" role=""/>
  <member type="way" ref="813022730" role=""/>
  <member type="way" ref="813022724" role=""/>
  <member type="way" ref="813022718" role=""/>
  <member type="way" ref="813022717" role=""/>
  <member type="way" ref="1341337159" role=""/>
  <member type="way" ref="1341337240" role=""/>
  <tag k="from" v="成都工业学院站"/>
  <tag k="name" v="智轨T1支线：成都工业学院站→高铁宜宾西站"/>
  <tag k="network" v="宜宾智轨"/>
  <tag k="public_transport:version" v="2"/>
  <tag k="ref" v="T1B"/>
  <tag k="route" v="bus"/>
  <tag k="to" v="高铁宜宾西站"/>
  <tag k="type" v="route"/>
 </relation>
 <relation id="18392151" visible="true" version="2" changeset="160138654" timestamp="2024-12-10T17:40:14Z" user="Kiana_Kaslana" uid="17877421">
  <member type="relation" ref="18392147" role=""/>
  <member type="relation" ref="11177127" role=""/>
  <tag k="name" v="宜宾智轨T1支线"/>
  <tag k="network" v="宜宾智轨"/>
  <tag k="opening_hours" v="06:30-22:35"/>
  <tag k="public_transport:version" v="2"/>
  <tag k="ref" v="T1"/>
  <tag k="route_master" v="bus"/>
  <tag k="type" v="route_master"/>
 </relation>
</osm>
